"DESCRIPTION","DURATION IN MS","NAME","PARENT SUITE","START TIME","STATUS","STOP TIME","SUB SUITE","SUITE","TEST CLASS","TEST METHOD"
"","50","Register with empty JSON object returns 400","Regression Tests","Sun Feb 15 10:31:34 UTC 2026","passed","Sun Feb 15 10:31:34 UTC 2026","ua.kpi.sc.test.api.tests.auth.AuthRegisterTest","Regression","ua.kpi.sc.test.api.tests.auth.AuthRegisterTest","registerWithEmptyJsonObjectReturns400"
"","66","Reset password with empty new password returns 400","Regression Tests","Sun Feb 15 10:31:15 UTC 2026","passed","Sun Feb 15 10:31:15 UTC 2026","ua.kpi.sc.test.api.tests.auth.AuthResetPasswordTest","Regression","ua.kpi.sc.test.api.tests.auth.AuthResetPasswordTest","resetPasswordWithEmptyPasswordReturns400"
"","920","Remove partner for non-existent user returns 404","Regression Tests","Sun Feb 15 10:31:38 UTC 2026","passed","Sun Feb 15 10:31:39 UTC 2026","ua.kpi.sc.test.api.tests.user.UserRemovePartnerTest","Regression","ua.kpi.sc.test.api.tests.user.UserRemovePartnerTest","removePartnerForNonExistentUserReturns404"
"","516","swaggerUiIsAccessible","Regression Tests","Sun Feb 15 10:31:10 UTC 2026","passed","Sun Feb 15 10:31:11 UTC 2026","ua.kpi.sc.test.api.tests.smoke.SwaggerAvailabilityTest","Regression","ua.kpi.sc.test.api.tests.smoke.SwaggerAvailabilityTest","swaggerUiIsAccessible"
"","2687","PUT /users/{id}/status returns 405 Method Not Allowed","Regression Tests","Sun Feb 15 10:31:25 UTC 2026","passed","Sun Feb 15 10:31:28 UTC 2026","ua.kpi.sc.test.api.tests.user.UserUpdateStatusTest","Regression","ua.kpi.sc.test.api.tests.user.UserUpdateStatusTest","putStatusReturns405"
"","1633","Register with Arabic name succeeds","Regression Tests","Sun Feb 15 10:31:30 UTC 2026","passed","Sun Feb 15 10:31:31 UTC 2026","ua.kpi.sc.test.api.tests.auth.AuthRegisterTest","Regression","ua.kpi.sc.test.api.tests.auth.AuthRegisterTest","registerWithArabicNameSucceeds"
"","63","GET /auth/me without token returns 401","Regression Tests","Sun Feb 15 10:31:37 UTC 2026","passed","Sun Feb 15 10:31:37 UTC 2026","ua.kpi.sc.test.api.tests.auth.AuthMeTest","Regression","ua.kpi.sc.test.api.tests.auth.AuthMeTest","meWithoutAuthReturns401"
"","1740","Delete user without auth returns 401","Regression Tests","Sun Feb 15 10:31:43 UTC 2026","passed","Sun Feb 15 10:31:45 UTC 2026","ua.kpi.sc.test.api.tests.user.UserDeleteTest","Regression","ua.kpi.sc.test.api.tests.user.UserDeleteTest","deleteUserWithoutAuthReturns401"
"","2058","PUT /logout returns 405","Regression Tests","Sun Feb 15 10:31:12 UTC 2026","passed","Sun Feb 15 10:31:15 UTC 2026","ua.kpi.sc.test.api.tests.auth.AuthLogoutTest","Regression","ua.kpi.sc.test.api.tests.auth.AuthLogoutTest","logoutMethodNotAllowedPut"
"","948","Google OAuth callback with SQL injection in code returns error","Regression Tests","Sun Feb 15 10:30:46 UTC 2026","passed","Sun Feb 15 10:30:47 UTC 2026","ua.kpi.sc.test.api.tests.auth.AuthGoogleOAuthTest","Regression","ua.kpi.sc.test.api.tests.auth.AuthGoogleOAuthTest","googleOAuthCallbackWithSqlInjectionReturnsError"
"","4244","Login response matches auth-user-response schema","Regression Tests","Sun Feb 15 10:30:54 UTC 2026","passed","Sun Feb 15 10:30:58 UTC 2026","ua.kpi.sc.test.api.tests.auth.AuthLoginTest","Regression","ua.kpi.sc.test.api.tests.auth.AuthLoginTest","loginResponseMatchesSchema"
"","39","Register with XML content type returns 415","Regression Tests","Sun Feb 15 10:31:45 UTC 2026","passed","Sun Feb 15 10:31:45 UTC 2026","ua.kpi.sc.test.api.tests.auth.AuthRegisterTest","Regression","ua.kpi.sc.test.api.tests.auth.AuthRegisterTest","registerWithXmlContentTypeReturns415"
"","2741","No email sent for unknown user","Regression Tests","Sun Feb 15 10:31:06 UTC 2026","passed","Sun Feb 15 10:31:09 UTC 2026","ua.kpi.sc.test.api.tests.auth.AuthForgotPasswordTest","Regression","ua.kpi.sc.test.api.tests.auth.AuthForgotPasswordTest","noEmailSentForUnknownUser"
"","3976","GET /me returns correct data matching registration request","Regression Tests","Sun Feb 15 10:31:13 UTC 2026","passed","Sun Feb 15 10:31:17 UTC 2026","ua.kpi.sc.test.api.tests.auth.AuthMeTest","Regression","ua.kpi.sc.test.api.tests.auth.AuthMeTest","meReturnsCorrectRegisteredData"
"","1296","Get user without auth returns 401","Regression Tests","Sun Feb 15 10:31:44 UTC 2026","passed","Sun Feb 15 10:31:46 UTC 2026","ua.kpi.sc.test.api.tests.user.UserGetByIdTest","Regression","ua.kpi.sc.test.api.tests.user.UserGetByIdTest","getUserWithoutAuthReturns401"
"","16","Register with short password returns 400","Regression Tests","Sun Feb 15 10:31:41 UTC 2026","passed","Sun Feb 15 10:31:41 UTC 2026","ua.kpi.sc.test.api.tests.auth.AuthRegisterTest","Regression","ua.kpi.sc.test.api.tests.auth.AuthRegisterTest","registerWithShortPasswordReturns400"
"","113","List flags pagination works","Regression Tests","Sun Feb 15 10:31:51 UTC 2026","passed","Sun Feb 15 10:31:51 UTC 2026","ua.kpi.sc.test.api.tests.featureflag.FeatureFlagAdminTest","Regression","ua.kpi.sc.test.api.tests.featureflag.FeatureFlagAdminTest","listFlagsPaginationWorks"
"","2493","Logout clears refresh_token cookie specifically with Max-Age=0","Regression Tests","Sun Feb 15 10:30:49 UTC 2026","passed","Sun Feb 15 10:30:52 UTC 2026","ua.kpi.sc.test.api.tests.auth.AuthLogoutTest","Regression","ua.kpi.sc.test.api.tests.auth.AuthLogoutTest","logoutClearsRefreshTokenCookieSpecifically"
"","1482","Register cookies have Path=/","Regression Tests","Sun Feb 15 10:31:04 UTC 2026","passed","Sun Feb 15 10:31:05 UTC 2026","ua.kpi.sc.test.api.tests.auth.AuthCookieContractTest","Regression","ua.kpi.sc.test.api.tests.auth.AuthCookieContractTest","registerCookiesHavePathSlash"
"","17","Register with null body returns 400","Regression Tests","Sun Feb 15 10:31:40 UTC 2026","passed","Sun Feb 15 10:31:40 UTC 2026","ua.kpi.sc.test.api.tests.auth.AuthRegisterTest","Regression","ua.kpi.sc.test.api.tests.auth.AuthRegisterTest","registerWithNullBodyReturns400"
"","2887","Refresh returns capabilityTier >= 0","Regression Tests","Sun Feb 15 10:30:57 UTC 2026","passed","Sun Feb 15 10:30:59 UTC 2026","ua.kpi.sc.test.api.tests.auth.AuthRefreshTest","Regression","ua.kpi.sc.test.api.tests.auth.AuthRefreshTest","refreshReturnsCapabilityTier"
"","3716","302 response has no JSON body","Regression Tests","Sun Feb 15 10:30:30 UTC 2026","passed","Sun Feb 15 10:30:34 UTC 2026","ua.kpi.sc.test.api.tests.auth.AuthGoogleOAuthTest","Regression","ua.kpi.sc.test.api.tests.auth.AuthGoogleOAuthTest","googleOAuth302HasNoJsonBody"
"","243","Update self profile returns 200","Regression Tests","Sun Feb 15 10:31:37 UTC 2026","passed","Sun Feb 15 10:31:37 UTC 2026","ua.kpi.sc.test.api.tests.user.UserSelfUpdateTest","Regression","ua.kpi.sc.test.api.tests.user.UserSelfUpdateTest","updateSelfReturns200"
"","38","PUT /register returns 405","Regression Tests","Sun Feb 15 10:31:00 UTC 2026","passed","Sun Feb 15 10:31:00 UTC 2026","ua.kpi.sc.test.api.tests.auth.AuthRegisterTest","Regression","ua.kpi.sc.test.api.tests.auth.AuthRegisterTest","registerMethodNotAllowedPut"
"","2293","Refresh rotates access token to a new value","Regression Tests","Sun Feb 15 10:31:05 UTC 2026","passed","Sun Feb 15 10:31:08 UTC 2026","ua.kpi.sc.test.api.tests.auth.AuthRefreshTest","Regression","ua.kpi.sc.test.api.tests.auth.AuthRefreshTest","refreshRotatesAccessToken"
"","4230","Logout clears token cookies with Max-Age=0","Regression Tests","Sun Feb 15 10:30:54 UTC 2026","passed","Sun Feb 15 10:30:58 UTC 2026","ua.kpi.sc.test.api.tests.auth.AuthLogoutTest","Regression","ua.kpi.sc.test.api.tests.auth.AuthLogoutTest","logoutClearsTokenCookies"
"","2933","Assign partner level upserts existing","Regression Tests","Sun Feb 15 10:31:41 UTC 2026","passed","Sun Feb 15 10:31:44 UTC 2026","ua.kpi.sc.test.api.tests.user.UserAssignPartnerTest","Regression","ua.kpi.sc.test.api.tests.user.UserAssignPartnerTest","assignPartnerUpserts"
"","48","DELETE /reset-password returns 405","Regression Tests","Sun Feb 15 10:30:59 UTC 2026","passed","Sun Feb 15 10:30:59 UTC 2026","ua.kpi.sc.test.api.tests.auth.AuthResetPasswordTest","Regression","ua.kpi.sc.test.api.tests.auth.AuthResetPasswordTest","resetPasswordMethodNotAllowedDelete"
"","27","PUT /reset-password returns 405","Regression Tests","Sun Feb 15 10:30:59 UTC 2026","passed","Sun Feb 15 10:30:59 UTC 2026","ua.kpi.sc.test.api.tests.auth.AuthResetPasswordTest","Regression","ua.kpi.sc.test.api.tests.auth.AuthResetPasswordTest","resetPasswordMethodNotAllowedPut"
"","84","PATCH /forgot-password returns 405","Regression Tests","Sun Feb 15 10:30:44 UTC 2026","passed","Sun Feb 15 10:30:44 UTC 2026","ua.kpi.sc.test.api.tests.auth.AuthForgotPasswordTest","Regression","ua.kpi.sc.test.api.tests.auth.AuthForgotPasswordTest","forgotPasswordMethodNotAllowedPatch"
"","2457","Register -> getMe: user data matches registration request","Regression Tests","Sun Feb 15 10:30:58 UTC 2026","passed","Sun Feb 15 10:31:01 UTC 2026","ua.kpi.sc.test.api.tests.auth.AuthFlowTest","Regression","ua.kpi.sc.test.api.tests.auth.AuthFlowTest","fullRegistrationToMeFlow"
"","2131","Logout clears session and returns 200","Regression Tests","Sun Feb 15 10:30:52 UTC 2026","passed","Sun Feb 15 10:30:54 UTC 2026","ua.kpi.sc.test.api.tests.auth.AuthLogoutTest","Regression","ua.kpi.sc.test.api.tests.auth.AuthLogoutTest","logoutClearsSession"
"","152","GET /register returns 405","Regression Tests","Sun Feb 15 10:31:00 UTC 2026","passed","Sun Feb 15 10:31:00 UTC 2026","ua.kpi.sc.test.api.tests.auth.AuthRegisterTest","Regression","ua.kpi.sc.test.api.tests.auth.AuthRegisterTest","registerMethodNotAllowedGet"
"","28","Reset password with whitespace-only password returns 400","Regression Tests","Sun Feb 15 10:31:29 UTC 2026","passed","Sun Feb 15 10:31:29 UTC 2026","ua.kpi.sc.test.api.tests.auth.AuthResetPasswordTest","Regression","ua.kpi.sc.test.api.tests.auth.AuthResetPasswordTest","resetPasswordWithWhitespacePasswordReturns400"
"","1665","Register with password exactly 8 chars succeeds","Regression Tests","Sun Feb 15 10:31:40 UTC 2026","passed","Sun Feb 15 10:31:41 UTC 2026","ua.kpi.sc.test.api.tests.auth.AuthRegisterTest","Regression","ua.kpi.sc.test.api.tests.auth.AuthRegisterTest","registerWithPasswordExactly8Chars"
"","4766","Multiple forgot password calls all return 204","Regression Tests","Sun Feb 15 10:30:58 UTC 2026","passed","Sun Feb 15 10:31:03 UTC 2026","ua.kpi.sc.test.api.tests.auth.AuthForgotPasswordTest","Regression","ua.kpi.sc.test.api.tests.auth.AuthForgotPasswordTest","multipleForgotPasswordCallsAllReturn204"
"","282","Google OAuth callback without state cookie returns error redirect","Regression Tests","Sun Feb 15 10:30:47 UTC 2026","passed","Sun Feb 15 10:30:48 UTC 2026","ua.kpi.sc.test.api.tests.auth.AuthGoogleOAuthTest","Regression","ua.kpi.sc.test.api.tests.auth.AuthGoogleOAuthTest","googleOAuthCallbackWithoutStateCookieReturnsError"
"","162","Login 400 matches ProblemDetail schema","Regression Tests","Sun Feb 15 10:30:49 UTC 2026","passed","Sun Feb 15 10:30:50 UTC 2026","ua.kpi.sc.test.api.tests.auth.AuthLoginTest","Regression","ua.kpi.sc.test.api.tests.auth.AuthLoginTest","loginProblemDetailSchemaOn400"
"","551","Delete flag and verify gone from evaluation","Regression Tests","Sun Feb 15 10:31:47 UTC 2026","passed","Sun Feb 15 10:31:48 UTC 2026","ua.kpi.sc.test.api.tests.featureflag.FeatureFlagLifecycleTest","Regression","ua.kpi.sc.test.api.tests.featureflag.FeatureFlagLifecycleTest","deleteFlagAndVerifyGoneFromEvaluation"
"","5545","Login cookies have SameSite=Lax attribute","Regression Tests","Sun Feb 15 10:30:39 UTC 2026","passed","Sun Feb 15 10:30:45 UTC 2026","ua.kpi.sc.test.api.tests.auth.AuthCookieContractTest","Regression","ua.kpi.sc.test.api.tests.auth.AuthCookieContractTest","loginCookiesHaveSameSiteLax"
"","327","PATCH /register returns 405","Regression Tests","Sun Feb 15 10:31:00 UTC 2026","passed","Sun Feb 15 10:31:00 UTC 2026","ua.kpi.sc.test.api.tests.auth.AuthRegisterTest","Regression","ua.kpi.sc.test.api.tests.auth.AuthRegisterTest","registerMethodNotAllowedPatch"
"","911","Google OAuth callback with empty state returns error","Regression Tests","Sun Feb 15 10:30:41 UTC 2026","passed","Sun Feb 15 10:30:42 UTC 2026","ua.kpi.sc.test.api.tests.auth.AuthGoogleOAuthTest","Regression","ua.kpi.sc.test.api.tests.auth.AuthGoogleOAuthTest","googleOAuthCallbackWithEmptyStateReturnsError"
"","2705","Get user by ID returns 200 with all fields","Regression Tests","Sun Feb 15 10:31:40 UTC 2026","passed","Sun Feb 15 10:31:43 UTC 2026","ua.kpi.sc.test.api.tests.user.UserGetByIdTest","Regression","ua.kpi.sc.test.api.tests.user.UserGetByIdTest","getUserByIdReturns200"
"","224","Evaluate all flags returns map (unauthenticated)","Regression Tests","Sun Feb 15 10:31:47 UTC 2026","passed","Sun Feb 15 10:31:47 UTC 2026","ua.kpi.sc.test.api.tests.featureflag.FeatureFlagEvaluationTest","Regression","ua.kpi.sc.test.api.tests.featureflag.FeatureFlagEvaluationTest","evaluateAllUnauthenticatedReturnsMap"
"","3691","PATCH /users/{id}/status to reactivate returns 200 with active=true","Regression Tests","Sun Feb 15 10:31:28 UTC 2026","passed","Sun Feb 15 10:31:32 UTC 2026","ua.kpi.sc.test.api.tests.user.UserUpdateStatusTest","Regression","ua.kpi.sc.test.api.tests.user.UserUpdateStatusTest","reactivateUserReturns200"
"","200","Create flag with duplicate key returns 409","Regression Tests","Sun Feb 15 10:31:49 UTC 2026","passed","Sun Feb 15 10:31:49 UTC 2026","ua.kpi.sc.test.api.tests.featureflag.FeatureFlagAdminTest","Regression","ua.kpi.sc.test.api.tests.featureflag.FeatureFlagAdminTest","createFlagDuplicateKeyReturns409"
"","21","Update self without auth returns 401","Regression Tests","Sun Feb 15 10:31:37 UTC 2026","passed","Sun Feb 15 10:31:37 UTC 2026","ua.kpi.sc.test.api.tests.user.UserSelfUpdateTest","Regression","ua.kpi.sc.test.api.tests.user.UserSelfUpdateTest","updateSelfWithoutAuthReturns401"
"","2683","Forgot password email contains reset link with token","Regression Tests","Sun Feb 15 10:30:41 UTC 2026","passed","Sun Feb 15 10:30:43 UTC 2026","ua.kpi.sc.test.api.tests.auth.AuthForgotPasswordTest","Regression","ua.kpi.sc.test.api.tests.auth.AuthForgotPasswordTest","forgotPasswordEmailContainsResetToken"
"","18","Register with malformed JSON returns 400","Regression Tests","Sun Feb 15 10:31:40 UTC 2026","passed","Sun Feb 15 10:31:40 UTC 2026","ua.kpi.sc.test.api.tests.auth.AuthRegisterTest","Regression","ua.kpi.sc.test.api.tests.auth.AuthRegisterTest","registerWithMalformedJsonReturns400"
"","6166","Full cycle: register -> login -> getMe -> logout -> getMe returns 200 or 401","Regression Tests","Sun Feb 15 10:31:29 UTC 2026","passed","Sun Feb 15 10:31:35 UTC 2026","ua.kpi.sc.test.api.tests.auth.AuthFlowTest","Regression","ua.kpi.sc.test.api.tests.auth.AuthFlowTest","registerLoginMeLogoutFullCycle"
"","3153","DELETE /me returns 405","Regression Tests","Sun Feb 15 10:30:48 UTC 2026","passed","Sun Feb 15 10:30:51 UTC 2026","ua.kpi.sc.test.api.tests.auth.AuthMeTest","Regression","ua.kpi.sc.test.api.tests.auth.AuthMeTest","meMethodNotAllowedDelete"
"","2348","Register returns the same names in response","Regression Tests","Sun Feb 15 10:31:20 UTC 2026","passed","Sun Feb 15 10:31:23 UTC 2026","ua.kpi.sc.test.api.tests.auth.AuthRegisterTest","Regression","ua.kpi.sc.test.api.tests.auth.AuthRegisterTest","registerReturnsSameNamesInResponse"
"","53","Refresh with no cookie returns 401","Regression Tests","Sun Feb 15 10:31:25 UTC 2026","passed","Sun Feb 15 10:31:25 UTC 2026","ua.kpi.sc.test.api.tests.auth.AuthRefreshTest","Regression","ua.kpi.sc.test.api.tests.auth.AuthRefreshTest","refreshWithNoCookieReturns401"
"","130","GET /login returns 405","Regression Tests","Sun Feb 15 10:30:41 UTC 2026","passed","Sun Feb 15 10:30:41 UTC 2026","ua.kpi.sc.test.api.tests.auth.AuthLoginTest","Regression","ua.kpi.sc.test.api.tests.auth.AuthLoginTest","loginMethodNotAllowedGet"
"","164","List flags response contains pagination metadata","Regression Tests","Sun Feb 15 10:31:51 UTC 2026","passed","Sun Feb 15 10:31:51 UTC 2026","ua.kpi.sc.test.api.tests.featureflag.FeatureFlagAdminTest","Regression","ua.kpi.sc.test.api.tests.featureflag.FeatureFlagAdminTest","listFlagsResponseContainsPaginationMetadata"
"","447","GET /login returns 405 with ProblemDetail schema","Regression Tests","Sun Feb 15 10:30:40 UTC 2026","passed","Sun Feb 15 10:30:41 UTC 2026","ua.kpi.sc.test.api.tests.auth.AuthLoginTest","Regression","ua.kpi.sc.test.api.tests.auth.AuthLoginTest","login405MatchesProblemDetailSchema"
"","396","Evaluate single with tier override returns overridden value","Regression Tests","Sun Feb 15 10:31:49 UTC 2026","passed","Sun Feb 15 10:31:49 UTC 2026","ua.kpi.sc.test.api.tests.featureflag.FeatureFlagEvaluationTest","Regression","ua.kpi.sc.test.api.tests.featureflag.FeatureFlagEvaluationTest","evaluateSingleWithTierOverride_returnsOverriddenValue"
"","38","Forgot password with null email returns 400","Regression Tests","Sun Feb 15 10:30:58 UTC 2026","passed","Sun Feb 15 10:30:58 UTC 2026","ua.kpi.sc.test.api.tests.auth.AuthForgotPasswordTest","Regression","ua.kpi.sc.test.api.tests.auth.AuthForgotPasswordTest","forgotPasswordWithNullEmailReturns400"
"","22","Register with invalid email format returns 400","Regression Tests","Sun Feb 15 10:31:39 UTC 2026","passed","Sun Feb 15 10:31:39 UTC 2026","ua.kpi.sc.test.api.tests.auth.AuthRegisterTest","Regression","ua.kpi.sc.test.api.tests.auth.AuthRegisterTest","registerWithInvalidEmailFormatReturns400"
"","425","Evaluate unauthenticated returns global defaults only","Regression Tests","Sun Feb 15 10:31:47 UTC 2026","passed","Sun Feb 15 10:31:47 UTC 2026","ua.kpi.sc.test.api.tests.featureflag.FeatureFlagEvaluationTest","Regression","ua.kpi.sc.test.api.tests.featureflag.FeatureFlagEvaluationTest","evaluateAllUnauthenticated_returnsGlobalDefaults"
"","2438","Logout clears access_token cookie specifically with Max-Age=0","Regression Tests","Sun Feb 15 10:30:47 UTC 2026","passed","Sun Feb 15 10:30:49 UTC 2026","ua.kpi.sc.test.api.tests.auth.AuthLogoutTest","Regression","ua.kpi.sc.test.api.tests.auth.AuthLogoutTest","logoutClearsAccessTokenCookieSpecifically"
"","95","Forgot password with malformed JSON returns 400","Regression Tests","Sun Feb 15 10:30:58 UTC 2026","passed","Sun Feb 15 10:30:58 UTC 2026","ua.kpi.sc.test.api.tests.auth.AuthForgotPasswordTest","Regression","ua.kpi.sc.test.api.tests.auth.AuthForgotPasswordTest","forgotPasswordWithMalformedJsonReturns400"
"","21","Create flag without auth returns 401","Regression Tests","Sun Feb 15 10:31:50 UTC 2026","passed","Sun Feb 15 10:31:50 UTC 2026","ua.kpi.sc.test.api.tests.featureflag.FeatureFlagAdminTest","Regression","ua.kpi.sc.test.api.tests.featureflag.FeatureFlagAdminTest","createFlagWithoutAuthReturns401"
"","1032","Add override generates audit entry","Regression Tests","Sun Feb 15 10:31:45 UTC 2026","passed","Sun Feb 15 10:31:46 UTC 2026","ua.kpi.sc.test.api.tests.featureflag.FeatureFlagAdminTest","Regression","ua.kpi.sc.test.api.tests.featureflag.FeatureFlagAdminTest","addOverrideGeneratesAuditEntry"
"","149","Update flag generates audit entry with old and new values","Regression Tests","Sun Feb 15 10:31:53 UTC 2026","passed","Sun Feb 15 10:31:53 UTC 2026","ua.kpi.sc.test.api.tests.featureflag.FeatureFlagAdminTest","Regression","ua.kpi.sc.test.api.tests.featureflag.FeatureFlagAdminTest","updateFlagGeneratesAuditEntryWithOldAndNewValues"
"","1084","Reset password with invalid token returns 400","Regression Tests","Sun Feb 15 10:31:15 UTC 2026","passed","Sun Feb 15 10:31:16 UTC 2026","ua.kpi.sc.test.api.tests.auth.AuthResetPasswordTest","Regression","ua.kpi.sc.test.api.tests.auth.AuthResetPasswordTest","resetPasswordWithInvalidTokenReturns400"
"","1065","Reset password 400 matches ProblemDetail schema","Regression Tests","Sun Feb 15 10:30:52 UTC 2026","passed","Sun Feb 15 10:30:53 UTC 2026","ua.kpi.sc.test.api.tests.auth.AuthResetPasswordTest","Regression","ua.kpi.sc.test.api.tests.auth.AuthResetPasswordTest","resetPassword400MatchesProblemDetailSchema"
"","17","Register with null lastName returns 400","Regression Tests","Sun Feb 15 10:31:40 UTC 2026","passed","Sun Feb 15 10:31:40 UTC 2026","ua.kpi.sc.test.api.tests.auth.AuthRegisterTest","Regression","ua.kpi.sc.test.api.tests.auth.AuthRegisterTest","registerWithNullLastNameReturns400"
"","22","Register with special chars in name returns 400","Regression Tests","Sun Feb 15 10:31:40 UTC 2026","passed","Sun Feb 15 10:31:40 UTC 2026","ua.kpi.sc.test.api.tests.auth.AuthRegisterTest","Regression","ua.kpi.sc.test.api.tests.auth.AuthRegisterTest","registerWithNameContainingSpecialCharsReturns400"
"","887","Login with non-existent email returns 401","Regression Tests","Sun Feb 15 10:30:48 UTC 2026","passed","Sun Feb 15 10:30:49 UTC 2026","ua.kpi.sc.test.api.tests.auth.AuthLoginTest","Regression","ua.kpi.sc.test.api.tests.auth.AuthLoginTest","loginNonExistentEmailReturns401"
"","1132","Create user returns 201 with correct fields","Regression Tests","Sun Feb 15 10:31:17 UTC 2026","passed","Sun Feb 15 10:31:18 UTC 2026","ua.kpi.sc.test.api.tests.user.UserCreateTest","Regression","ua.kpi.sc.test.api.tests.user.UserCreateTest","createUserReturns201"
"","153","Google OAuth oauth_state cookie is HttpOnly","Regression Tests","Sun Feb 15 10:30:56 UTC 2026","passed","Sun Feb 15 10:30:56 UTC 2026","ua.kpi.sc.test.api.tests.auth.AuthGoogleOAuthTest","Regression","ua.kpi.sc.test.api.tests.auth.AuthGoogleOAuthTest","googleOAuthStateCookieIsHttpOnly"
"","2657","List users pagination works","Regression Tests","Sun Feb 15 10:31:40 UTC 2026","passed","Sun Feb 15 10:31:43 UTC 2026","ua.kpi.sc.test.api.tests.user.UserTest","Regression","ua.kpi.sc.test.api.tests.user.UserTest","listUsersPaginationWorks"
"","3683","Response timing is similar for existing vs non-existing email","Regression Tests","Sun Feb 15 10:30:54 UTC 2026","passed","Sun Feb 15 10:30:57 UTC 2026","ua.kpi.sc.test.api.tests.auth.AuthForgotPasswordTest","Regression","ua.kpi.sc.test.api.tests.auth.AuthForgotPasswordTest","forgotPasswordTimingSimilarForExistingVsNonExisting"
"","2929","GET /auth/me returns current user profile with all key fields","Regression Tests","Sun Feb 15 10:31:17 UTC 2026","passed","Sun Feb 15 10:31:20 UTC 2026","ua.kpi.sc.test.api.tests.auth.AuthMeTest","Regression","ua.kpi.sc.test.api.tests.auth.AuthMeTest","meReturnsProfile"
"","10564","Assign partner with each level succeeds","Regression Tests","Sun Feb 15 10:31:29 UTC 2026","passed","Sun Feb 15 10:31:39 UTC 2026","ua.kpi.sc.test.api.tests.user.UserAssignPartnerTest","Regression","ua.kpi.sc.test.api.tests.user.UserAssignPartnerTest","assignPartnerEachLevel"
"","143","Register with form-encoded content type returns 415","Regression Tests","Sun Feb 15 10:31:37 UTC 2026","passed","Sun Feb 15 10:31:37 UTC 2026","ua.kpi.sc.test.api.tests.auth.AuthRegisterTest","Regression","ua.kpi.sc.test.api.tests.auth.AuthRegisterTest","registerWithFormEncodedReturns415"
"","4644","Logout is idempotent or rejects already-invalidated token","Regression Tests","Sun Feb 15 10:30:58 UTC 2026","passed","Sun Feb 15 10:31:03 UTC 2026","ua.kpi.sc.test.api.tests.auth.AuthLogoutTest","Regression","ua.kpi.sc.test.api.tests.auth.AuthLogoutTest","logoutIdempotent"
"","3855","Expired/invalid access token returns 401","Regression Tests","Sun Feb 15 10:30:30 UTC 2026","passed","Sun Feb 15 10:30:34 UTC 2026","ua.kpi.sc.test.api.tests.auth.AuthMeTest","Regression","ua.kpi.sc.test.api.tests.auth.AuthMeTest","expiredTokenReturns401"
"","325","Audit log pagination works correctly","Regression Tests","Sun Feb 15 10:31:48 UTC 2026","passed","Sun Feb 15 10:31:48 UTC 2026","ua.kpi.sc.test.api.tests.featureflag.FeatureFlagAdminTest","Regression","ua.kpi.sc.test.api.tests.featureflag.FeatureFlagAdminTest","auditLogPaginationWorksCorrectly"
"","4247","Multiple refresh rotations preserve user data across 3 rotations","Regression Tests","Sun Feb 15 10:31:11 UTC 2026","passed","Sun Feb 15 10:31:15 UTC 2026","ua.kpi.sc.test.api.tests.auth.AuthFlowTest","Regression","ua.kpi.sc.test.api.tests.auth.AuthFlowTest","multipleRefreshRotationsPreserveUserData"
"","7061","Login multiple times with same credentials succeeds","Regression Tests","Sun Feb 15 10:30:41 UTC 2026","passed","Sun Feb 15 10:30:48 UTC 2026","ua.kpi.sc.test.api.tests.auth.AuthLoginTest","Regression","ua.kpi.sc.test.api.tests.auth.AuthLoginTest","loginMultipleTimesSucceeds"
"","2864","PATCH /users/{id}/status to deactivate returns 200 with active=false","Regression Tests","Sun Feb 15 10:31:22 UTC 2026","passed","Sun Feb 15 10:31:25 UTC 2026","ua.kpi.sc.test.api.tests.user.UserUpdateStatusTest","Regression","ua.kpi.sc.test.api.tests.user.UserUpdateStatusTest","deactivateUserReturns200"
"","6584","Reset invalidates existing access tokens (stateless JWT behavior)","Regression Tests","Sun Feb 15 10:31:08 UTC 2026","passed","Sun Feb 15 10:31:14 UTC 2026","ua.kpi.sc.test.api.tests.auth.AuthPasswordResetFlowTest","Regression","ua.kpi.sc.test.api.tests.auth.AuthPasswordResetFlowTest","resetInvalidatesExistingAccessTokensOrNot"
"","23","Create flag with rollout percentage over 100 returns 400","Regression Tests","Sun Feb 15 10:31:50 UTC 2026","passed","Sun Feb 15 10:31:50 UTC 2026","ua.kpi.sc.test.api.tests.featureflag.FeatureFlagAdminTest","Regression","ua.kpi.sc.test.api.tests.featureflag.FeatureFlagAdminTest","createFlagWithRolloutPercentageOver100_returns400"
"","74","DELETE /refresh returns 405","Regression Tests","Sun Feb 15 10:30:47 UTC 2026","passed","Sun Feb 15 10:30:47 UTC 2026","ua.kpi.sc.test.api.tests.auth.AuthRefreshTest","Regression","ua.kpi.sc.test.api.tests.auth.AuthRefreshTest","refreshMethodNotAllowedDelete"
"","26","POST /oauth2/google returns 405","Regression Tests","Sun Feb 15 10:30:50 UTC 2026","passed","Sun Feb 15 10:30:50 UTC 2026","ua.kpi.sc.test.api.tests.auth.AuthGoogleOAuthTest","Regression","ua.kpi.sc.test.api.tests.auth.AuthGoogleOAuthTest","googleOAuthMethodNotAllowedPost"
"","6216","Register -> login -> getMe: email matches after login","Regression Tests","Sun Feb 15 10:30:48 UTC 2026","passed","Sun Feb 15 10:30:54 UTC 2026","ua.kpi.sc.test.api.tests.auth.AuthFlowTest","Regression","ua.kpi.sc.test.api.tests.auth.AuthFlowTest","fullLoginToMeFlow"
"","26","Register with SQL injection in email is rejected","Regression Tests","Sun Feb 15 10:31:43 UTC 2026","passed","Sun Feb 15 10:31:43 UTC 2026","ua.kpi.sc.test.api.tests.auth.AuthRegisterTest","Regression","ua.kpi.sc.test.api.tests.auth.AuthRegisterTest","registerWithSqlInjectionInEmail"
"","1139","Login 401 matches ProblemDetail schema","Regression Tests","Sun Feb 15 10:30:50 UTC 2026","passed","Sun Feb 15 10:30:51 UTC 2026","ua.kpi.sc.test.api.tests.auth.AuthLoginTest","Regression","ua.kpi.sc.test.api.tests.auth.AuthLoginTest","loginProblemDetailSchemaOn401"
"","2982","GET /me with access_token cookie succeeds","Regression Tests","Sun Feb 15 10:31:31 UTC 2026","passed","Sun Feb 15 10:31:34 UTC 2026","ua.kpi.sc.test.api.tests.auth.AuthMeTest","Regression","ua.kpi.sc.test.api.tests.auth.AuthMeTest","meWithAccessTokenCookieSucceeds"
"","42","Google OAuth callback with no params returns error","Regression Tests","Sun Feb 15 10:30:46 UTC 2026","passed","Sun Feb 15 10:30:46 UTC 2026","ua.kpi.sc.test.api.tests.auth.AuthGoogleOAuthTest","Regression","ua.kpi.sc.test.api.tests.auth.AuthGoogleOAuthTest","googleOAuthCallbackWithNoParamsReturnsError"
"","497","PUT /users/me returns 405","Regression Tests","Sun Feb 15 10:31:33 UTC 2026","passed","Sun Feb 15 10:31:34 UTC 2026","ua.kpi.sc.test.api.tests.user.UserSelfUpdateTest","Regression","ua.kpi.sc.test.api.tests.user.UserSelfUpdateTest","putMeReturns405"
"","3407","GET /logout returns 405","Regression Tests","Sun Feb 15 10:31:06 UTC 2026","passed","Sun Feb 15 10:31:10 UTC 2026","ua.kpi.sc.test.api.tests.auth.AuthLogoutTest","Regression","ua.kpi.sc.test.api.tests.auth.AuthLogoutTest","logoutMethodNotAllowedGet"
"","102","GET /reset-password returns 405","Regression Tests","Sun Feb 15 10:30:59 UTC 2026","passed","Sun Feb 15 10:30:59 UTC 2026","ua.kpi.sc.test.api.tests.auth.AuthResetPasswordTest","Regression","ua.kpi.sc.test.api.tests.auth.AuthResetPasswordTest","resetPasswordMethodNotAllowedGet"
"","1372","DELETE /logout returns 405","Regression Tests","Sun Feb 15 10:31:05 UTC 2026","passed","Sun Feb 15 10:31:06 UTC 2026","ua.kpi.sc.test.api.tests.auth.AuthLogoutTest","Regression","ua.kpi.sc.test.api.tests.auth.AuthLogoutTest","logoutMethodNotAllowedDelete"
"","38","Login with XSS in email returns 400","Regression Tests","Sun Feb 15 10:31:42 UTC 2026","passed","Sun Feb 15 10:31:42 UTC 2026","ua.kpi.sc.test.api.tests.auth.AuthLoginTest","Regression","ua.kpi.sc.test.api.tests.auth.AuthLoginTest","loginWithXssInEmailReturns400"
"","3140","List users contains registered user","Regression Tests","Sun Feb 15 10:31:37 UTC 2026","passed","Sun Feb 15 10:31:40 UTC 2026","ua.kpi.sc.test.api.tests.user.UserTest","Regression","ua.kpi.sc.test.api.tests.user.UserTest","listUsersContainsRegisteredUser"
"","16","Register with null email returns 400","Regression Tests","Sun Feb 15 10:31:40 UTC 2026","passed","Sun Feb 15 10:31:40 UTC 2026","ua.kpi.sc.test.api.tests.auth.AuthRegisterTest","Regression","ua.kpi.sc.test.api.tests.auth.AuthRegisterTest","registerWithNullEmailReturns400"
"","31","Logout without auth returns 401","Regression Tests","Sun Feb 15 10:31:22 UTC 2026","passed","Sun Feb 15 10:31:22 UTC 2026","ua.kpi.sc.test.api.tests.auth.AuthLogoutTest","Regression","ua.kpi.sc.test.api.tests.auth.AuthLogoutTest","logoutWithoutAuthReturns401"
"","60","Login with SQL injection in email is rejected with 400 or 401","Regression Tests","Sun Feb 15 10:31:37 UTC 2026","passed","Sun Feb 15 10:31:37 UTC 2026","ua.kpi.sc.test.api.tests.auth.AuthLoginTest","Regression","ua.kpi.sc.test.api.tests.auth.AuthLoginTest","loginWithSqlInjectionInEmailReturns401Or400"
"","3483","Refresh sets both access_token and refresh_token cookies","Regression Tests","Sun Feb 15 10:31:08 UTC 2026","passed","Sun Feb 15 10:31:11 UTC 2026","ua.kpi.sc.test.api.tests.auth.AuthRefreshTest","Regression","ua.kpi.sc.test.api.tests.auth.AuthRefreshTest","refreshSetsBothCookies"
"","714","healthEndpointResponseTimeIsAcceptable","Regression Tests","Sun Feb 15 10:31:09 UTC 2026","passed","Sun Feb 15 10:31:10 UTC 2026","ua.kpi.sc.test.api.tests.smoke.HealthCheckTest","Regression","ua.kpi.sc.test.api.tests.smoke.HealthCheckTest","healthEndpointResponseTimeIsAcceptable"
"","290","Remove tier override disappears from flag detail","Regression Tests","Sun Feb 15 10:31:52 UTC 2026","passed","Sun Feb 15 10:31:52 UTC 2026","ua.kpi.sc.test.api.tests.featureflag.FeatureFlagAdminTest","Regression","ua.kpi.sc.test.api.tests.featureflag.FeatureFlagAdminTest","removeTierOverrideDisappearsFromFlagDetail"
"","192","Evaluate single unauthenticated returns global default","Regression Tests","Sun Feb 15 10:31:48 UTC 2026","passed","Sun Feb 15 10:31:49 UTC 2026","ua.kpi.sc.test.api.tests.featureflag.FeatureFlagEvaluationTest","Regression","ua.kpi.sc.test.api.tests.featureflag.FeatureFlagEvaluationTest","evaluateSingleUnauthenticated_returnsGlobalDefault"
"","64","Register validation errors contain all invalid fields","Regression Tests","Sun Feb 15 10:31:27 UTC 2026","passed","Sun Feb 15 10:31:27 UTC 2026","ua.kpi.sc.test.api.tests.auth.AuthRegisterTest","Regression","ua.kpi.sc.test.api.tests.auth.AuthRegisterTest","registerValidationErrorsContainAllInvalidFields"
"","3044","PATCH /users/{id} preserves email, tier, and active status","Regression Tests","Sun Feb 15 10:31:41 UTC 2026","passed","Sun Feb 15 10:31:44 UTC 2026","ua.kpi.sc.test.api.tests.user.UserUpdateProfileTest","Regression","ua.kpi.sc.test.api.tests.user.UserUpdateProfileTest","updateUserPreservesOtherFields"
"","8941","GET /logout 405 matches ProblemDetail schema","Regression Tests","Sun Feb 15 10:30:30 UTC 2026","passed","Sun Feb 15 10:30:39 UTC 2026","ua.kpi.sc.test.api.tests.auth.AuthLogoutTest","Regression","ua.kpi.sc.test.api.tests.auth.AuthLogoutTest","logout405MatchesProblemDetailSchema"
"","480","Create user with invalid email returns 400","Regression Tests","Sun Feb 15 10:31:17 UTC 2026","passed","Sun Feb 15 10:31:17 UTC 2026","ua.kpi.sc.test.api.tests.user.UserCreateTest","Regression","ua.kpi.sc.test.api.tests.user.UserCreateTest","createUserInvalidEmailReturns400"
"","1165","Reset password with XSS in token returns 400","Regression Tests","Sun Feb 15 10:31:29 UTC 2026","passed","Sun Feb 15 10:31:30 UTC 2026","ua.kpi.sc.test.api.tests.auth.AuthResetPasswordTest","Regression","ua.kpi.sc.test.api.tests.auth.AuthResetPasswordTest","resetPasswordWithXssInTokenReturns400"
"","72","Reset password with null new password returns 400","Regression Tests","Sun Feb 15 10:31:17 UTC 2026","passed","Sun Feb 15 10:31:17 UTC 2026","ua.kpi.sc.test.api.tests.auth.AuthResetPasswordTest","Regression","ua.kpi.sc.test.api.tests.auth.AuthResetPasswordTest","resetPasswordWithNullPasswordReturns400"
"","3808","POST /me returns 405","Regression Tests","Sun Feb 15 10:30:54 UTC 2026","passed","Sun Feb 15 10:30:57 UTC 2026","ua.kpi.sc.test.api.tests.auth.AuthMeTest","Regression","ua.kpi.sc.test.api.tests.auth.AuthMeTest","meMethodNotAllowedPost"
"","4586","Logout then login produces new tokens; new token works for getMe","Regression Tests","Sun Feb 15 10:31:05 UTC 2026","passed","Sun Feb 15 10:31:10 UTC 2026","ua.kpi.sc.test.api.tests.auth.AuthFlowTest","Regression","ua.kpi.sc.test.api.tests.auth.AuthFlowTest","logoutThenLoginProducesNewTokens"
"","3787","Refresh then getMe with new access token returns 200 and correct email","Regression Tests","Sun Feb 15 10:31:20 UTC 2026","passed","Sun Feb 15 10:31:23 UTC 2026","ua.kpi.sc.test.api.tests.auth.AuthFlowTest","Regression","ua.kpi.sc.test.api.tests.auth.AuthFlowTest","refreshThenGetMeWithNewAccessToken"
"","503","Update flag preserves unchanged fields","Regression Tests","Sun Feb 15 10:31:49 UTC 2026","passed","Sun Feb 15 10:31:49 UTC 2026","ua.kpi.sc.test.api.tests.featureflag.FeatureFlagLifecycleTest","Regression","ua.kpi.sc.test.api.tests.featureflag.FeatureFlagLifecycleTest","updateFlagPreservesUnchangedFields"
"","951","Wrong current password returns 400","Regression Tests","Sun Feb 15 10:31:56 UTC 2026","passed","Sun Feb 15 10:31:57 UTC 2026","ua.kpi.sc.test.api.tests.user.UserChangePasswordTest","Regression","ua.kpi.sc.test.api.tests.user.UserChangePasswordTest","wrongCurrentPasswordReturns400"
"","2696","Create user with duplicate email returns 409","Regression Tests","Sun Feb 15 10:31:14 UTC 2026","passed","Sun Feb 15 10:31:17 UTC 2026","ua.kpi.sc.test.api.tests.user.UserCreateTest","Regression","ua.kpi.sc.test.api.tests.user.UserCreateTest","createUserDuplicateEmailReturns409"
"","165","Evaluate all flags returns map (authenticated)","Regression Tests","Sun Feb 15 10:31:46 UTC 2026","passed","Sun Feb 15 10:31:46 UTC 2026","ua.kpi.sc.test.api.tests.featureflag.FeatureFlagEvaluationTest","Regression","ua.kpi.sc.test.api.tests.featureflag.FeatureFlagEvaluationTest","evaluateAllAuthenticatedReturnsMap"
"","266","Reset password with null token returns 400","Regression Tests","Sun Feb 15 10:31:17 UTC 2026","passed","Sun Feb 15 10:31:17 UTC 2026","ua.kpi.sc.test.api.tests.auth.AuthResetPasswordTest","Regression","ua.kpi.sc.test.api.tests.auth.AuthResetPasswordTest","resetPasswordWithNullTokenReturns400"
"","3971","GET /me response Content-Type is application/json","Regression Tests","Sun Feb 15 10:31:00 UTC 2026","passed","Sun Feb 15 10:31:04 UTC 2026","ua.kpi.sc.test.api.tests.auth.AuthMeTest","Regression","ua.kpi.sc.test.api.tests.auth.AuthMeTest","meResponseContentTypeIsJson"
"","7128","Old password fails after reset","Regression Tests","Sun Feb 15 10:30:44 UTC 2026","passed","Sun Feb 15 10:30:51 UTC 2026","ua.kpi.sc.test.api.tests.auth.AuthResetPasswordTest","Regression","ua.kpi.sc.test.api.tests.auth.AuthResetPasswordTest","oldPasswordFailsAfterReset"
"","661","Full lifecycle: create → toggle → add override → update → delete","Regression Tests","Sun Feb 15 10:31:48 UTC 2026","passed","Sun Feb 15 10:31:48 UTC 2026","ua.kpi.sc.test.api.tests.featureflag.FeatureFlagLifecycleTest","Regression","ua.kpi.sc.test.api.tests.featureflag.FeatureFlagLifecycleTest","fullLifecycle_createToggleAddOverrideUpdateDelete"
"","23","Login with empty JSON object returns 400","Regression Tests","Sun Feb 15 10:31:33 UTC 2026","passed","Sun Feb 15 10:31:33 UTC 2026","ua.kpi.sc.test.api.tests.auth.AuthLoginTest","Regression","ua.kpi.sc.test.api.tests.auth.AuthLoginTest","loginWithEmptyJsonObjectReturns400"
"","4032","Remove partner level returns 204","Regression Tests","Sun Feb 15 10:31:39 UTC 2026","passed","Sun Feb 15 10:31:43 UTC 2026","ua.kpi.sc.test.api.tests.user.UserRemovePartnerTest","Regression","ua.kpi.sc.test.api.tests.user.UserRemovePartnerTest","removePartnerLevelReturns204"
"","3735","Login sets HttpOnly cookies","Regression Tests","Sun Feb 15 10:31:29 UTC 2026","passed","Sun Feb 15 10:31:32 UTC 2026","ua.kpi.sc.test.api.tests.auth.AuthLoginTest","Regression","ua.kpi.sc.test.api.tests.auth.AuthLoginTest","loginSetsHttpOnlyCookies"
"","302","Toggle flag and verify evaluation changes","Regression Tests","Sun Feb 15 10:31:48 UTC 2026","passed","Sun Feb 15 10:31:49 UTC 2026","ua.kpi.sc.test.api.tests.featureflag.FeatureFlagLifecycleTest","Regression","ua.kpi.sc.test.api.tests.featureflag.FeatureFlagLifecycleTest","toggleFlagAndVerifyEvaluationChanges"
"","6964","8-char new password returns 204","Regression Tests","Sun Feb 15 10:31:40 UTC 2026","passed","Sun Feb 15 10:31:47 UTC 2026","ua.kpi.sc.test.api.tests.user.UserChangePasswordTest","Regression","ua.kpi.sc.test.api.tests.user.UserChangePasswordTest","eightCharNewPasswordReturns204"
"","1523","Refresh with access token used as refresh cookie returns 401","Regression Tests","Sun Feb 15 10:31:22 UTC 2026","passed","Sun Feb 15 10:31:24 UTC 2026","ua.kpi.sc.test.api.tests.auth.AuthRefreshTest","Regression","ua.kpi.sc.test.api.tests.auth.AuthRefreshTest","refreshWithAccessTokenAsCookieReturns401"
"","2483","GET /me returns a valid UUID as id","Regression Tests","Sun Feb 15 10:31:28 UTC 2026","passed","Sun Feb 15 10:31:31 UTC 2026","ua.kpi.sc.test.api.tests.auth.AuthMeTest","Regression","ua.kpi.sc.test.api.tests.auth.AuthMeTest","meReturnsValidUuid"
"","168","Remove override returns 204","Regression Tests","Sun Feb 15 10:31:52 UTC 2026","passed","Sun Feb 15 10:31:52 UTC 2026","ua.kpi.sc.test.api.tests.featureflag.FeatureFlagAdminTest","Regression","ua.kpi.sc.test.api.tests.featureflag.FeatureFlagAdminTest","removeOverrideReturns204"
"","419","Google OAuth redirect returns 302","Regression Tests","Sun Feb 15 10:30:55 UTC 2026","passed","Sun Feb 15 10:30:55 UTC 2026","ua.kpi.sc.test.api.tests.auth.AuthGoogleOAuthTest","Regression","ua.kpi.sc.test.api.tests.auth.AuthGoogleOAuthTest","googleOAuthRedirectReturns302"
"","41","Register with empty password returns 400","Regression Tests","Sun Feb 15 10:31:34 UTC 2026","passed","Sun Feb 15 10:31:34 UTC 2026","ua.kpi.sc.test.api.tests.auth.AuthRegisterTest","Regression","ua.kpi.sc.test.api.tests.auth.AuthRegisterTest","registerWithEmptyPasswordReturns400"
"","2392","Refresh cookies have SameSite=Lax attribute","Regression Tests","Sun Feb 15 10:30:59 UTC 2026","passed","Sun Feb 15 10:31:01 UTC 2026","ua.kpi.sc.test.api.tests.auth.AuthCookieContractTest","Regression","ua.kpi.sc.test.api.tests.auth.AuthCookieContractTest","refreshCookiesHaveSameSiteLax"
"","129","PUT /login returns 405","Regression Tests","Sun Feb 15 10:30:41 UTC 2026","passed","Sun Feb 15 10:30:41 UTC 2026","ua.kpi.sc.test.api.tests.auth.AuthLoginTest","Regression","ua.kpi.sc.test.api.tests.auth.AuthLoginTest","loginMethodNotAllowedPut"
"","1596","Register sets HttpOnly cookies","Regression Tests","Sun Feb 15 10:31:25 UTC 2026","passed","Sun Feb 15 10:31:27 UTC 2026","ua.kpi.sc.test.api.tests.auth.AuthRegisterTest","Regression","ua.kpi.sc.test.api.tests.auth.AuthRegisterTest","registerSetsHttpOnlyCookies"
"","16","Register with password exactly 7 chars returns 400","Regression Tests","Sun Feb 15 10:31:40 UTC 2026","passed","Sun Feb 15 10:31:40 UTC 2026","ua.kpi.sc.test.api.tests.auth.AuthRegisterTest","Regression","ua.kpi.sc.test.api.tests.auth.AuthRegisterTest","registerWithPasswordExactly7CharsReturns400"
"","88","Register with empty lastName returns 400","Regression Tests","Sun Feb 15 10:31:34 UTC 2026","passed","Sun Feb 15 10:31:34 UTC 2026","ua.kpi.sc.test.api.tests.auth.AuthRegisterTest","Regression","ua.kpi.sc.test.api.tests.auth.AuthRegisterTest","registerWithEmptyLastNameReturns400"
"","2786","Search by email substring returns results","Regression Tests","Sun Feb 15 10:31:42 UTC 2026","passed","Sun Feb 15 10:31:44 UTC 2026","ua.kpi.sc.test.api.tests.user.UserSearchFilterTest","Regression","ua.kpi.sc.test.api.tests.user.UserSearchFilterTest","searchByEmailSubstring"
"","2787","Delete user returns 204","Regression Tests","Sun Feb 15 10:31:40 UTC 2026","passed","Sun Feb 15 10:31:43 UTC 2026","ua.kpi.sc.test.api.tests.user.UserDeleteTest","Regression","ua.kpi.sc.test.api.tests.user.UserDeleteTest","deleteUserReturns204"
"","949","Create user with short password returns 400","Regression Tests","Sun Feb 15 10:31:21 UTC 2026","passed","Sun Feb 15 10:31:22 UTC 2026","ua.kpi.sc.test.api.tests.user.UserCreateTest","Regression","ua.kpi.sc.test.api.tests.user.UserCreateTest","createUserShortPasswordReturns400"
"","34","Logout with invalid bearer token returns 401","Regression Tests","Sun Feb 15 10:31:22 UTC 2026","passed","Sun Feb 15 10:31:22 UTC 2026","ua.kpi.sc.test.api.tests.auth.AuthLogoutTest","Regression","ua.kpi.sc.test.api.tests.auth.AuthLogoutTest","logoutWithInvalidTokenReturns401"
"","64","Reset password with too-long password (73 chars) returns 400","Regression Tests","Sun Feb 15 10:31:24 UTC 2026","passed","Sun Feb 15 10:31:24 UTC 2026","ua.kpi.sc.test.api.tests.auth.AuthResetPasswordTest","Regression","ua.kpi.sc.test.api.tests.auth.AuthResetPasswordTest","resetPasswordWithTooLongPasswordReturns400"
"","14600","Can login with new password after change","Regression Tests","Sun Feb 15 10:31:11 UTC 2026","passed","Sun Feb 15 10:31:25 UTC 2026","ua.kpi.sc.test.api.tests.user.UserChangePasswordTest","Regression","ua.kpi.sc.test.api.tests.user.UserChangePasswordTest","canLoginWithNewPassword"
"","484","GET /refresh 405 matches ProblemDetail schema","Regression Tests","Sun Feb 15 10:30:40 UTC 2026","passed","Sun Feb 15 10:30:41 UTC 2026","ua.kpi.sc.test.api.tests.auth.AuthRefreshTest","Regression","ua.kpi.sc.test.api.tests.auth.AuthRefreshTest","refresh405MatchesProblemDetailSchema"
"","1477","GET /me with tampered JWT signature returns 401","Regression Tests","Sun Feb 15 10:31:35 UTC 2026","passed","Sun Feb 15 10:31:37 UTC 2026","ua.kpi.sc.test.api.tests.auth.AuthMeTest","Regression","ua.kpi.sc.test.api.tests.auth.AuthMeTest","meWithTamperedJwtSignatureReturns401"
"","5256","Reset password invalidates all refresh tokens","Regression Tests","Sun Feb 15 10:30:53 UTC 2026","passed","Sun Feb 15 10:30:59 UTC 2026","ua.kpi.sc.test.api.tests.auth.AuthResetPasswordTest","Regression","ua.kpi.sc.test.api.tests.auth.AuthResetPasswordTest","resetPasswordInvalidatesRefreshTokens"
"","2789","Forgot password 400 matches ProblemDetail schema","Regression Tests","Sun Feb 15 10:30:38 UTC 2026","passed","Sun Feb 15 10:30:41 UTC 2026","ua.kpi.sc.test.api.tests.auth.AuthForgotPasswordTest","Regression","ua.kpi.sc.test.api.tests.auth.AuthForgotPasswordTest","forgotPassword400MatchesProblemDetailSchema"
"","212","Evaluate single enabled flag returns true","Regression Tests","Sun Feb 15 10:31:48 UTC 2026","passed","Sun Feb 15 10:31:48 UTC 2026","ua.kpi.sc.test.api.tests.featureflag.FeatureFlagEvaluationTest","Regression","ua.kpi.sc.test.api.tests.featureflag.FeatureFlagEvaluationTest","evaluateSingleEnabledFlagReturnsTrue"
"","1279","GET /users/me returns current user profile","Regression Tests","Sun Feb 15 10:31:32 UTC 2026","passed","Sun Feb 15 10:31:33 UTC 2026","ua.kpi.sc.test.api.tests.user.UserSelfUpdateTest","Regression","ua.kpi.sc.test.api.tests.user.UserSelfUpdateTest","getMeReturns200"
"","2396","Logout invalidates refresh token","Regression Tests","Sun Feb 15 10:31:03 UTC 2026","passed","Sun Feb 15 10:31:05 UTC 2026","ua.kpi.sc.test.api.tests.auth.AuthLogoutTest","Regression","ua.kpi.sc.test.api.tests.auth.AuthLogoutTest","logoutInvalidatesRefreshToken"
"","3845","Multiple forgot-password requests — all return 204","Regression Tests","Sun Feb 15 10:31:04 UTC 2026","passed","Sun Feb 15 10:31:08 UTC 2026","ua.kpi.sc.test.api.tests.auth.AuthPasswordResetFlowTest","Regression","ua.kpi.sc.test.api.tests.auth.AuthPasswordResetFlowTest","multipleForgotPasswordRequestsAllReturn204"
"","71","Reset password with empty JSON object returns 400","Regression Tests","Sun Feb 15 10:31:15 UTC 2026","passed","Sun Feb 15 10:31:15 UTC 2026","ua.kpi.sc.test.api.tests.auth.AuthResetPasswordTest","Regression","ua.kpi.sc.test.api.tests.auth.AuthResetPasswordTest","resetPasswordWithEmptyJsonObjectReturns400"
"","5689","Refresh tokens are user-specific and return correct user data","Regression Tests","Sun Feb 15 10:30:41 UTC 2026","passed","Sun Feb 15 10:30:46 UTC 2026","ua.kpi.sc.test.api.tests.auth.AuthRefreshTest","Regression","ua.kpi.sc.test.api.tests.auth.AuthRefreshTest","refreshFromDifferentUserTokenFails"
"","1877","Combined search and filter returns results","Regression Tests","Sun Feb 15 10:31:32 UTC 2026","passed","Sun Feb 15 10:31:34 UTC 2026","ua.kpi.sc.test.api.tests.user.UserSearchFilterTest","Regression","ua.kpi.sc.test.api.tests.user.UserSearchFilterTest","combinedSearchAndFilter"
"","15","Get non-existent flag returns 404","Regression Tests","Sun Feb 15 10:31:51 UTC 2026","passed","Sun Feb 15 10:31:51 UTC 2026","ua.kpi.sc.test.api.tests.featureflag.FeatureFlagAdminTest","Regression","ua.kpi.sc.test.api.tests.featureflag.FeatureFlagAdminTest","getNonExistentFlagReturns404"
"","5373","Login returns a valid UUID as id","Regression Tests","Sun Feb 15 10:31:23 UTC 2026","passed","Sun Feb 15 10:31:29 UTC 2026","ua.kpi.sc.test.api.tests.auth.AuthLoginTest","Regression","ua.kpi.sc.test.api.tests.auth.AuthLoginTest","loginReturnsValidUuid"
"","3020","Register with duplicate email returns 409","Regression Tests","Sun Feb 15 10:30:56 UTC 2026","passed","Sun Feb 15 10:30:59 UTC 2026","ua.kpi.sc.test.api.tests.auth.AuthRegisterTest","Regression","ua.kpi.sc.test.api.tests.auth.AuthRegisterTest","registerDuplicateEmailReturns409"
"","2930","Login returns capabilityTier that is not null and >= 0","Regression Tests","Sun Feb 15 10:31:03 UTC 2026","passed","Sun Feb 15 10:31:06 UTC 2026","ua.kpi.sc.test.api.tests.auth.AuthLoginTest","Regression","ua.kpi.sc.test.api.tests.auth.AuthLoginTest","loginReturnsCapabilityTier"
"","2210","Assigned partner appears in user response","Regression Tests","Sun Feb 15 10:31:44 UTC 2026","passed","Sun Feb 15 10:31:47 UTC 2026","ua.kpi.sc.test.api.tests.user.UserAssignPartnerTest","Regression","ua.kpi.sc.test.api.tests.user.UserAssignPartnerTest","assignedPartnerAppearsInUserResponse"
"","63","Reset password with empty token returns 400","Regression Tests","Sun Feb 15 10:31:15 UTC 2026","passed","Sun Feb 15 10:31:15 UTC 2026","ua.kpi.sc.test.api.tests.auth.AuthResetPasswordTest","Regression","ua.kpi.sc.test.api.tests.auth.AuthResetPasswordTest","resetPasswordWithEmptyTokenReturns400"
"","5950","Access token may still be valid for /me after logout (stateless JWT)","Regression Tests","Sun Feb 15 10:30:41 UTC 2026","passed","Sun Feb 15 10:30:47 UTC 2026","ua.kpi.sc.test.api.tests.auth.AuthLogoutTest","Regression","ua.kpi.sc.test.api.tests.auth.AuthLogoutTest","logoutAccessTokenStillValidForMe"
"","844","Google OAuth redirect sets oauth_state cookie","Regression Tests","Sun Feb 15 10:30:55 UTC 2026","passed","Sun Feb 15 10:30:56 UTC 2026","ua.kpi.sc.test.api.tests.auth.AuthGoogleOAuthTest","Regression","ua.kpi.sc.test.api.tests.auth.AuthGoogleOAuthTest","googleOAuthRedirectSetsStateCookie"
"","1589","Register with CJK name succeeds","Regression Tests","Sun Feb 15 10:31:31 UTC 2026","passed","Sun Feb 15 10:31:33 UTC 2026","ua.kpi.sc.test.api.tests.auth.AuthRegisterTest","Regression","ua.kpi.sc.test.api.tests.auth.AuthRegisterTest","registerWithCjkNameSucceeds"
"","8012","Login returns different access tokens each time","Regression Tests","Sun Feb 15 10:31:06 UTC 2026","passed","Sun Feb 15 10:31:14 UTC 2026","ua.kpi.sc.test.api.tests.auth.AuthLoginTest","Regression","ua.kpi.sc.test.api.tests.auth.AuthLoginTest","loginReturnsDifferentTokensEachTime"
"","51","GET /me with empty Bearer token returns 401","Regression Tests","Sun Feb 15 10:31:34 UTC 2026","passed","Sun Feb 15 10:31:34 UTC 2026","ua.kpi.sc.test.api.tests.auth.AuthMeTest","Regression","ua.kpi.sc.test.api.tests.auth.AuthMeTest","meWithEmptyBearerTokenReturns401"
"","3868","Reset password with 72-char password succeeds","Regression Tests","Sun Feb 15 10:31:05 UTC 2026","passed","Sun Feb 15 10:31:09 UTC 2026","ua.kpi.sc.test.api.tests.auth.AuthResetPasswordTest","Regression","ua.kpi.sc.test.api.tests.auth.AuthResetPasswordTest","resetPasswordWith72CharPasswordSucceeds"
"","68","Logout with expired JWT returns 401","Regression Tests","Sun Feb 15 10:31:22 UTC 2026","passed","Sun Feb 15 10:31:22 UTC 2026","ua.kpi.sc.test.api.tests.auth.AuthLogoutTest","Regression","ua.kpi.sc.test.api.tests.auth.AuthLogoutTest","logoutWithExpiredTokenReturns401"
"","126","Basic user cannot toggle flag — returns 403","Regression Tests","Sun Feb 15 10:31:49 UTC 2026","passed","Sun Feb 15 10:31:49 UTC 2026","ua.kpi.sc.test.api.tests.featureflag.FeatureFlagAdminTest","Regression","ua.kpi.sc.test.api.tests.featureflag.FeatureFlagAdminTest","basicUserCannotToggleFlag_returns403"
"","1580","apiDocsEndpointReturnsOpenApiSpec","Regression Tests","Sun Feb 15 10:31:09 UTC 2026","passed","Sun Feb 15 10:31:10 UTC 2026","ua.kpi.sc.test.api.tests.smoke.SwaggerAvailabilityTest","Regression","ua.kpi.sc.test.api.tests.smoke.SwaggerAvailabilityTest","apiDocsEndpointReturnsOpenApiSpec"
"","2354","Register new user has capabilityTier exactly 1","Regression Tests","Sun Feb 15 10:31:02 UTC 2026","passed","Sun Feb 15 10:31:05 UTC 2026","ua.kpi.sc.test.api.tests.auth.AuthRegisterTest","Regression","ua.kpi.sc.test.api.tests.auth.AuthRegisterTest","registerNewUserCapabilityTierIs1"
"","1151","PATCH /users/{id}/status for non-existent user returns 404","Regression Tests","Sun Feb 15 10:31:32 UTC 2026","passed","Sun Feb 15 10:31:33 UTC 2026","ua.kpi.sc.test.api.tests.user.UserUpdateStatusTest","Regression","ua.kpi.sc.test.api.tests.user.UserUpdateStatusTest","updateStatusForNonExistentUserReturns404"
"","1029","Empty new password returns 400","Regression Tests","Sun Feb 15 10:31:50 UTC 2026","passed","Sun Feb 15 10:31:51 UTC 2026","ua.kpi.sc.test.api.tests.user.UserChangePasswordTest","Regression","ua.kpi.sc.test.api.tests.user.UserChangePasswordTest","emptyNewPasswordReturns400"
"","2625","Deleted user is deactivated","Regression Tests","Sun Feb 15 10:31:45 UTC 2026","passed","Sun Feb 15 10:31:48 UTC 2026","ua.kpi.sc.test.api.tests.user.UserDeleteTest","Regression","ua.kpi.sc.test.api.tests.user.UserDeleteTest","deletedUserIsDeactivated"
"","20","Register with XSS in name fields is rejected with 400","Regression Tests","Sun Feb 15 10:31:45 UTC 2026","passed","Sun Feb 15 10:31:45 UTC 2026","ua.kpi.sc.test.api.tests.auth.AuthRegisterTest","Regression","ua.kpi.sc.test.api.tests.auth.AuthRegisterTest","registerWithXssInNameFields"
"","2360","PATCH /users/{id} with only firstName still updates successfully","Regression Tests","Sun Feb 15 10:31:39 UTC 2026","passed","Sun Feb 15 10:31:41 UTC 2026","ua.kpi.sc.test.api.tests.user.UserUpdateProfileTest","Regression","ua.kpi.sc.test.api.tests.user.UserUpdateProfileTest","updateOnlyFirstName"
"","221","Create flag response contains all expected fields","Regression Tests","Sun Feb 15 10:31:50 UTC 2026","passed","Sun Feb 15 10:31:50 UTC 2026","ua.kpi.sc.test.api.tests.featureflag.FeatureFlagAdminTest","Regression","ua.kpi.sc.test.api.tests.featureflag.FeatureFlagAdminTest","createFlagResponseContainsAllExpectedFields"
"","47","Forgot password with empty JSON object returns 400","Regression Tests","Sun Feb 15 10:30:57 UTC 2026","passed","Sun Feb 15 10:30:57 UTC 2026","ua.kpi.sc.test.api.tests.auth.AuthForgotPasswordTest","Regression","ua.kpi.sc.test.api.tests.auth.AuthForgotPasswordTest","forgotPasswordWithEmptyJsonObjectReturns400"
"","141","GET /me 401 matches ProblemDetail schema","Regression Tests","Sun Feb 15 10:31:00 UTC 2026","passed","Sun Feb 15 10:31:00 UTC 2026","ua.kpi.sc.test.api.tests.auth.AuthMeTest","Regression","ua.kpi.sc.test.api.tests.auth.AuthMeTest","meProblemDetailSchemaOn401"
"","2984","PUT /users/{id}/tier returns 405 Method Not Allowed","Regression Tests","Sun Feb 15 10:31:34 UTC 2026","passed","Sun Feb 15 10:31:37 UTC 2026","ua.kpi.sc.test.api.tests.user.UserUpdateTierTest","Regression","ua.kpi.sc.test.api.tests.user.UserUpdateTierTest","putTierReturns405"
"","1289","Register with apostrophe in name succeeds","Regression Tests","Sun Feb 15 10:31:28 UTC 2026","passed","Sun Feb 15 10:31:30 UTC 2026","ua.kpi.sc.test.api.tests.auth.AuthRegisterTest","Regression","ua.kpi.sc.test.api.tests.auth.AuthRegisterTest","registerWithApostropheNameSucceeds"
"","1995","Register new user returns 201 with cookies and user data","Regression Tests","Sun Feb 15 10:31:00 UTC 2026","passed","Sun Feb 15 10:31:02 UTC 2026","ua.kpi.sc.test.api.tests.auth.AuthRegisterTest","Regression","ua.kpi.sc.test.api.tests.auth.AuthRegisterTest","registerNewUser"
"","1168","Empty current password returns 400","Regression Tests","Sun Feb 15 10:31:49 UTC 2026","passed","Sun Feb 15 10:31:50 UTC 2026","ua.kpi.sc.test.api.tests.user.UserChangePasswordTest","Regression","ua.kpi.sc.test.api.tests.user.UserChangePasswordTest","emptyCurrentPasswordReturns400"
"","33","PUT /oauth2/google returns 405","Regression Tests","Sun Feb 15 10:30:50 UTC 2026","passed","Sun Feb 15 10:30:50 UTC 2026","ua.kpi.sc.test.api.tests.auth.AuthGoogleOAuthTest","Regression","ua.kpi.sc.test.api.tests.auth.AuthGoogleOAuthTest","googleOAuthMethodNotAllowedPut"
"","947","Create user with blank names returns 400","Regression Tests","Sun Feb 15 10:31:13 UTC 2026","passed","Sun Feb 15 10:31:14 UTC 2026","ua.kpi.sc.test.api.tests.user.UserCreateTest","Regression","ua.kpi.sc.test.api.tests.user.UserCreateTest","createUserBlankNamesReturns400"
"","158","Toggle flag changes enabled state","Regression Tests","Sun Feb 15 10:31:52 UTC 2026","passed","Sun Feb 15 10:31:52 UTC 2026","ua.kpi.sc.test.api.tests.featureflag.FeatureFlagAdminTest","Regression","ua.kpi.sc.test.api.tests.featureflag.FeatureFlagAdminTest","toggleFlagChangesEnabledState"
"","39","Forgot password with XSS in email returns 400","Regression Tests","Sun Feb 15 10:30:58 UTC 2026","passed","Sun Feb 15 10:30:58 UTC 2026","ua.kpi.sc.test.api.tests.auth.AuthForgotPasswordTest","Regression","ua.kpi.sc.test.api.tests.auth.AuthForgotPasswordTest","forgotPasswordWithXssInEmailReturns400"
"","1200","Google OAuth redirect Location contains accounts.google.com","Regression Tests","Sun Feb 15 10:30:51 UTC 2026","passed","Sun Feb 15 10:30:52 UTC 2026","ua.kpi.sc.test.api.tests.auth.AuthGoogleOAuthTest","Regression","ua.kpi.sc.test.api.tests.auth.AuthGoogleOAuthTest","googleOAuthRedirectLocationContainsGoogleAccounts"
"","139","Delete flag generates audit entry","Regression Tests","Sun Feb 15 10:31:50 UTC 2026","passed","Sun Feb 15 10:31:50 UTC 2026","ua.kpi.sc.test.api.tests.featureflag.FeatureFlagAdminTest","Regression","ua.kpi.sc.test.api.tests.featureflag.FeatureFlagAdminTest","deleteFlagGeneratesAuditEntry"
"","5814","Register -> login -> refresh -> logout -> refresh with old token returns 401","Regression Tests","Sun Feb 15 10:30:42 UTC 2026","passed","Sun Feb 15 10:30:48 UTC 2026","ua.kpi.sc.test.api.tests.auth.AuthFlowTest","Regression","ua.kpi.sc.test.api.tests.auth.AuthFlowTest","fullLoginRefreshLogoutFlow"
"","2422","Register with extra unknown fields succeeds","Regression Tests","Sun Feb 15 10:31:35 UTC 2026","passed","Sun Feb 15 10:31:37 UTC 2026","ua.kpi.sc.test.api.tests.auth.AuthRegisterTest","Regression","ua.kpi.sc.test.api.tests.auth.AuthRegisterTest","registerWithExtraUnknownFieldsSucceeds"
"","1794","Register password is not returned in response body","Regression Tests","Sun Feb 15 10:31:05 UTC 2026","passed","Sun Feb 15 10:31:06 UTC 2026","ua.kpi.sc.test.api.tests.auth.AuthRegisterTest","Regression","ua.kpi.sc.test.api.tests.auth.AuthRegisterTest","registerPasswordNotReturnedInResponse"
"","3462","Refresh sets HttpOnly cookies","Regression Tests","Sun Feb 15 10:31:11 UTC 2026","passed","Sun Feb 15 10:31:15 UTC 2026","ua.kpi.sc.test.api.tests.auth.AuthRefreshTest","Regression","ua.kpi.sc.test.api.tests.auth.AuthRefreshTest","refreshSetsHttpOnlyCookies"
"","6369","POST /me 405 matches ProblemDetail schema","Regression Tests","Sun Feb 15 10:30:34 UTC 2026","passed","Sun Feb 15 10:30:41 UTC 2026","ua.kpi.sc.test.api.tests.auth.AuthMeTest","Regression","ua.kpi.sc.test.api.tests.auth.AuthMeTest","me405MatchesProblemDetailSchema"
"","995","Google OAuth redirect Location contains client_id parameter","Regression Tests","Sun Feb 15 10:30:50 UTC 2026","passed","Sun Feb 15 10:30:51 UTC 2026","ua.kpi.sc.test.api.tests.auth.AuthGoogleOAuthTest","Regression","ua.kpi.sc.test.api.tests.auth.AuthGoogleOAuthTest","googleOAuthRedirectLocationContainsClientId"
"","243","Google OAuth redirect Location contains openid scope","Regression Tests","Sun Feb 15 10:30:52 UTC 2026","passed","Sun Feb 15 10:30:52 UTC 2026","ua.kpi.sc.test.api.tests.auth.AuthGoogleOAuthTest","Regression","ua.kpi.sc.test.api.tests.auth.AuthGoogleOAuthTest","googleOAuthRedirectLocationContainsOpenidScope"
"","30","Create flag with blank name returns 400","Regression Tests","Sun Feb 15 10:31:49 UTC 2026","passed","Sun Feb 15 10:31:49 UTC 2026","ua.kpi.sc.test.api.tests.featureflag.FeatureFlagAdminTest","Regression","ua.kpi.sc.test.api.tests.featureflag.FeatureFlagAdminTest","createFlagBlankNameReturns400"
"","6968","Forgot-password for user A doesn't affect user B","Regression Tests","Sun Feb 15 10:30:38 UTC 2026","passed","Sun Feb 15 10:30:45 UTC 2026","ua.kpi.sc.test.api.tests.auth.AuthPasswordResetFlowTest","Regression","ua.kpi.sc.test.api.tests.auth.AuthPasswordResetFlowTest","forgotPasswordForUserADoesNotAffectUserB"
"","1966","Add override and verify evaluation for targeted user","Regression Tests","Sun Feb 15 10:31:43 UTC 2026","passed","Sun Feb 15 10:31:45 UTC 2026","ua.kpi.sc.test.api.tests.featureflag.FeatureFlagLifecycleTest","Regression","ua.kpi.sc.test.api.tests.featureflag.FeatureFlagLifecycleTest","addOverrideAndVerifyEvaluationForTargetedUser"
"","11856","Reset then forgot-password again (second cycle works)","Regression Tests","Sun Feb 15 10:31:27 UTC 2026","passed","Sun Feb 15 10:31:39 UTC 2026","ua.kpi.sc.test.api.tests.auth.AuthPasswordResetFlowTest","Regression","ua.kpi.sc.test.api.tests.auth.AuthPasswordResetFlowTest","resetThenForgotPasswordSecondCycleWorks"
"","86","Reset password with empty body returns 400","Regression Tests","Sun Feb 15 10:31:15 UTC 2026","passed","Sun Feb 15 10:31:15 UTC 2026","ua.kpi.sc.test.api.tests.auth.AuthResetPasswordTest","Regression","ua.kpi.sc.test.api.tests.auth.AuthResetPasswordTest","resetPasswordWithEmptyBodyReturns400"
"","4257","Login with wrong password returns 401","Regression Tests","Sun Feb 15 10:31:33 UTC 2026","passed","Sun Feb 15 10:31:37 UTC 2026","ua.kpi.sc.test.api.tests.auth.AuthLoginTest","Regression","ua.kpi.sc.test.api.tests.auth.AuthLoginTest","loginWithInvalidCredentialsReturns401"
"","341","Refresh with expired/garbage JWT returns 401","Regression Tests","Sun Feb 15 10:31:24 UTC 2026","passed","Sun Feb 15 10:31:25 UTC 2026","ua.kpi.sc.test.api.tests.auth.AuthRefreshTest","Regression","ua.kpi.sc.test.api.tests.auth.AuthRefreshTest","refreshWithExpiredRefreshTokenReturns401"
"","424","Add user override returns 201","Regression Tests","Sun Feb 15 10:31:47 UTC 2026","passed","Sun Feb 15 10:31:48 UTC 2026","ua.kpi.sc.test.api.tests.featureflag.FeatureFlagAdminTest","Regression","ua.kpi.sc.test.api.tests.featureflag.FeatureFlagAdminTest","addUserOverrideReturns201"
"","20","Register with SQL injection in firstName is rejected","Regression Tests","Sun Feb 15 10:31:43 UTC 2026","passed","Sun Feb 15 10:31:43 UTC 2026","ua.kpi.sc.test.api.tests.auth.AuthRegisterTest","Regression","ua.kpi.sc.test.api.tests.auth.AuthRegisterTest","registerWithSqlInjectionInFirstName"
"","1796","Error redirect points to frontend URL","Regression Tests","Sun Feb 15 10:30:48 UTC 2026","passed","Sun Feb 15 10:30:49 UTC 2026","ua.kpi.sc.test.api.tests.auth.AuthGoogleOAuthTest","Regression","ua.kpi.sc.test.api.tests.auth.AuthGoogleOAuthTest","googleOAuthErrorRedirectPointsToFrontend"
"","115","Login with malformed JSON returns 400","Regression Tests","Sun Feb 15 10:31:37 UTC 2026","passed","Sun Feb 15 10:31:37 UTC 2026","ua.kpi.sc.test.api.tests.auth.AuthLoginTest","Regression","ua.kpi.sc.test.api.tests.auth.AuthLoginTest","loginWithMalformedJsonReturns400"
"","92","Register with very long name returns 400","Regression Tests","Sun Feb 15 10:31:45 UTC 2026","passed","Sun Feb 15 10:31:45 UTC 2026","ua.kpi.sc.test.api.tests.auth.AuthRegisterTest","Regression","ua.kpi.sc.test.api.tests.auth.AuthRegisterTest","registerWithVeryLongNameReturns400"
"","26","Admin endpoints without auth return 401","Regression Tests","Sun Feb 15 10:31:48 UTC 2026","passed","Sun Feb 15 10:31:48 UTC 2026","ua.kpi.sc.test.api.tests.featureflag.FeatureFlagAdminTest","Regression","ua.kpi.sc.test.api.tests.featureflag.FeatureFlagAdminTest","adminEndpointsWithoutAuthReturn401"
"","18","Register with null password returns 400","Regression Tests","Sun Feb 15 10:31:40 UTC 2026","passed","Sun Feb 15 10:31:40 UTC 2026","ua.kpi.sc.test.api.tests.auth.AuthRegisterTest","Regression","ua.kpi.sc.test.api.tests.auth.AuthRegisterTest","registerWithNullPasswordReturns400"
"","3831","GET /me returns capabilityTier 1 for newly registered user","Regression Tests","Sun Feb 15 10:31:09 UTC 2026","passed","Sun Feb 15 10:31:13 UTC 2026","ua.kpi.sc.test.api.tests.auth.AuthMeTest","Regression","ua.kpi.sc.test.api.tests.auth.AuthMeTest","meReturnsCapabilityTier1ForNewUser"
"","1892","Register with Unicode (Cyrillic) names succeeds","Regression Tests","Sun Feb 15 10:31:43 UTC 2026","passed","Sun Feb 15 10:31:45 UTC 2026","ua.kpi.sc.test.api.tests.auth.AuthRegisterTest","Regression","ua.kpi.sc.test.api.tests.auth.AuthRegisterTest","registerWithUnicodeNamesSucceeds"
"","2060","Register response matches auth-user-response schema","Regression Tests","Sun Feb 15 10:31:12 UTC 2026","passed","Sun Feb 15 10:31:14 UTC 2026","ua.kpi.sc.test.api.tests.auth.AuthRegisterTest","Regression","ua.kpi.sc.test.api.tests.auth.AuthRegisterTest","registerResponseMatchesSchema"
"","155","All audit logs endpoint returns cross-flag entries","Regression Tests","Sun Feb 15 10:31:48 UTC 2026","passed","Sun Feb 15 10:31:48 UTC 2026","ua.kpi.sc.test.api.tests.featureflag.FeatureFlagAdminTest","Regression","ua.kpi.sc.test.api.tests.featureflag.FeatureFlagAdminTest","allAuditLogsEndpointReturnsCrossFlag"
"","833","Register cookies have positive Max-Age","Regression Tests","Sun Feb 15 10:31:05 UTC 2026","passed","Sun Feb 15 10:31:06 UTC 2026","ua.kpi.sc.test.api.tests.auth.AuthCookieContractTest","Regression","ua.kpi.sc.test.api.tests.auth.AuthCookieContractTest","registerCookiesHavePositiveMaxAge"
"","2863","Refresh returns same user data as registration","Regression Tests","Sun Feb 15 10:30:59 UTC 2026","passed","Sun Feb 15 10:31:02 UTC 2026","ua.kpi.sc.test.api.tests.auth.AuthRefreshTest","Regression","ua.kpi.sc.test.api.tests.auth.AuthRefreshTest","refreshReturnsSameUserData"
"","102","Login with empty fields returns 400","Regression Tests","Sun Feb 15 10:30:41 UTC 2026","passed","Sun Feb 15 10:30:41 UTC 2026","ua.kpi.sc.test.api.tests.auth.AuthLoginTest","Regression","ua.kpi.sc.test.api.tests.auth.AuthLoginTest","loginEmptyFieldsReturns400"
"","1073","Google OAuth redirect Location contains redirect_uri parameter","Regression Tests","Sun Feb 15 10:30:52 UTC 2026","passed","Sun Feb 15 10:30:53 UTC 2026","ua.kpi.sc.test.api.tests.auth.AuthGoogleOAuthTest","Regression","ua.kpi.sc.test.api.tests.auth.AuthGoogleOAuthTest","googleOAuthRedirectLocationContainsRedirectUri"
"","2958","Forgot password returns 204 for registered email","Regression Tests","Sun Feb 15 10:30:48 UTC 2026","passed","Sun Feb 15 10:30:51 UTC 2026","ua.kpi.sc.test.api.tests.auth.AuthForgotPasswordTest","Regression","ua.kpi.sc.test.api.tests.auth.AuthForgotPasswordTest","forgotPasswordReturns204ForRegisteredEmail"
"","2404","Refresh cookies have Secure flag (may only be set over HTTPS)","Regression Tests","Sun Feb 15 10:31:01 UTC 2026","passed","Sun Feb 15 10:31:04 UTC 2026","ua.kpi.sc.test.api.tests.auth.AuthCookieContractTest","Regression","ua.kpi.sc.test.api.tests.auth.AuthCookieContractTest","refreshCookiesHaveSecureFlag"
"","22","Basic user cannot add override — returns 403","Regression Tests","Sun Feb 15 10:31:48 UTC 2026","passed","Sun Feb 15 10:31:48 UTC 2026","ua.kpi.sc.test.api.tests.featureflag.FeatureFlagAdminTest","Regression","ua.kpi.sc.test.api.tests.featureflag.FeatureFlagAdminTest","basicUserCannotAddOverride_returns403"
"","372","Refresh 401 matches ProblemDetail schema","Regression Tests","Sun Feb 15 10:30:50 UTC 2026","passed","Sun Feb 15 10:30:51 UTC 2026","ua.kpi.sc.test.api.tests.auth.AuthRefreshTest","Regression","ua.kpi.sc.test.api.tests.auth.AuthRefreshTest","refreshProblemDetailSchemaOn401"
"","1969","PATCH /users/{id}/tier with valid tier returns 200","Regression Tests","Sun Feb 15 10:31:44 UTC 2026","passed","Sun Feb 15 10:31:46 UTC 2026","ua.kpi.sc.test.api.tests.user.UserUpdateTierTest","Regression","ua.kpi.sc.test.api.tests.user.UserUpdateTierTest","updateTierWithValidValue"
"","624","73-char new password returns 400","Regression Tests","Sun Feb 15 10:31:56 UTC 2026","passed","Sun Feb 15 10:31:56 UTC 2026","ua.kpi.sc.test.api.tests.user.UserChangePasswordTest","Regression","ua.kpi.sc.test.api.tests.user.UserChangePasswordTest","tooLongNewPasswordReturns400"
"","1415","GET /me with refresh token instead of access token returns 401","Regression Tests","Sun Feb 15 10:31:34 UTC 2026","passed","Sun Feb 15 10:31:35 UTC 2026","ua.kpi.sc.test.api.tests.auth.AuthMeTest","Regression","ua.kpi.sc.test.api.tests.auth.AuthMeTest","meWithRefreshTokenReturns401"
"","1519","PATCH /users/{id}/tier with invalid tier returns 400","Regression Tests","Sun Feb 15 10:31:43 UTC 2026","passed","Sun Feb 15 10:31:44 UTC 2026","ua.kpi.sc.test.api.tests.user.UserUpdateTierTest","Regression","ua.kpi.sc.test.api.tests.user.UserUpdateTierTest","updateTierWithInvalidValueReturns400"
"","276","Add tier override returns 201","Regression Tests","Sun Feb 15 10:31:47 UTC 2026","passed","Sun Feb 15 10:31:47 UTC 2026","ua.kpi.sc.test.api.tests.featureflag.FeatureFlagAdminTest","Regression","ua.kpi.sc.test.api.tests.featureflag.FeatureFlagAdminTest","addTierOverrideReturns201"
"","13038","Reset then change-password still works","Regression Tests","Sun Feb 15 10:31:14 UTC 2026","passed","Sun Feb 15 10:31:27 UTC 2026","ua.kpi.sc.test.api.tests.auth.AuthPasswordResetFlowTest","Regression","ua.kpi.sc.test.api.tests.auth.AuthPasswordResetFlowTest","resetThenChangePasswordStillWorks"
"","77","Create user without auth returns 401","Regression Tests","Sun Feb 15 10:31:34 UTC 2026","passed","Sun Feb 15 10:31:34 UTC 2026","ua.kpi.sc.test.api.tests.user.UserCreateTest","Regression","ua.kpi.sc.test.api.tests.user.UserCreateTest","createUserWithoutAuthReturns401"
"","181","Evaluate single disabled flag returns false","Regression Tests","Sun Feb 15 10:31:48 UTC 2026","passed","Sun Feb 15 10:31:48 UTC 2026","ua.kpi.sc.test.api.tests.featureflag.FeatureFlagEvaluationTest","Regression","ua.kpi.sc.test.api.tests.featureflag.FeatureFlagEvaluationTest","evaluateSingleDisabledFlagReturnsFalse"
"","22","Login with invalid email format returns 400","Regression Tests","Sun Feb 15 10:31:37 UTC 2026","passed","Sun Feb 15 10:31:37 UTC 2026","ua.kpi.sc.test.api.tests.auth.AuthLoginTest","Regression","ua.kpi.sc.test.api.tests.auth.AuthLoginTest","loginWithInvalidEmailFormatReturns400"
"","7483","Forgot password 204 body doesn't reveal email existence","Regression Tests","Sun Feb 15 10:30:30 UTC 2026","passed","Sun Feb 15 10:30:38 UTC 2026","ua.kpi.sc.test.api.tests.auth.AuthForgotPasswordTest","Regression","ua.kpi.sc.test.api.tests.auth.AuthForgotPasswordTest","forgotPassword204BodyDoesNotRevealEmailExistence"
"","1359","Register cookies have Secure flag (may only be set over HTTPS)","Regression Tests","Sun Feb 15 10:31:08 UTC 2026","passed","Sun Feb 15 10:31:09 UTC 2026","ua.kpi.sc.test.api.tests.auth.AuthCookieContractTest","Regression","ua.kpi.sc.test.api.tests.auth.AuthCookieContractTest","registerCookiesHaveSecureFlag"
"","2556","Register response Content-Type is application/json","Regression Tests","Sun Feb 15 10:31:10 UTC 2026","passed","Sun Feb 15 10:31:12 UTC 2026","ua.kpi.sc.test.api.tests.auth.AuthRegisterTest","Regression","ua.kpi.sc.test.api.tests.auth.AuthRegisterTest","registerResponseContentTypeIsJson"
"","9789","Double refresh with new token succeeds","Regression Tests","Sun Feb 15 10:30:30 UTC 2026","passed","Sun Feb 15 10:30:40 UTC 2026","ua.kpi.sc.test.api.tests.auth.AuthRefreshTest","Regression","ua.kpi.sc.test.api.tests.auth.AuthRefreshTest","doubleRefreshWithNewTokenSucceeds"
"","84","List flags with custom page size returns correct number","Regression Tests","Sun Feb 15 10:31:51 UTC 2026","passed","Sun Feb 15 10:31:51 UTC 2026","ua.kpi.sc.test.api.tests.featureflag.FeatureFlagAdminTest","Regression","ua.kpi.sc.test.api.tests.featureflag.FeatureFlagAdminTest","listFlagsWithPageSizeReturnsCorrectNumberOfItems"
"","11216","Register user A and user B -> getMe returns different ids and emails","Regression Tests","Sun Feb 15 10:30:30 UTC 2026","passed","Sun Feb 15 10:30:42 UTC 2026","ua.kpi.sc.test.api.tests.auth.AuthFlowTest","Regression","ua.kpi.sc.test.api.tests.auth.AuthFlowTest","concurrentRegistrationsDifferentUsers"
"","624","PUT /me/password returns 405","Regression Tests","Sun Feb 15 10:31:55 UTC 2026","passed","Sun Feb 15 10:31:55 UTC 2026","ua.kpi.sc.test.api.tests.user.UserChangePasswordTest","Regression","ua.kpi.sc.test.api.tests.user.UserChangePasswordTest","putMethodNotAllowed"
"","256","Delete non-existent user returns 404","Regression Tests","Sun Feb 15 10:31:40 UTC 2026","passed","Sun Feb 15 10:31:40 UTC 2026","ua.kpi.sc.test.api.tests.user.UserDeleteTest","Regression","ua.kpi.sc.test.api.tests.user.UserDeleteTest","deleteNonExistentUserReturns404"
"","6073","Reset password 204 response has empty body (no JSON)","Regression Tests","Sun Feb 15 10:30:59 UTC 2026","passed","Sun Feb 15 10:31:05 UTC 2026","ua.kpi.sc.test.api.tests.auth.AuthResetPasswordTest","Regression","ua.kpi.sc.test.api.tests.auth.AuthResetPasswordTest","resetPasswordResponseHasEmptyBody"
"","143","Reset password with malformed JSON returns 400","Regression Tests","Sun Feb 15 10:31:17 UTC 2026","passed","Sun Feb 15 10:31:17 UTC 2026","ua.kpi.sc.test.api.tests.auth.AuthResetPasswordTest","Regression","ua.kpi.sc.test.api.tests.auth.AuthResetPasswordTest","resetPasswordWithMalformedJsonReturns400"
"","47","Create flag with invalid key returns 400","Regression Tests","Sun Feb 15 10:31:50 UTC 2026","passed","Sun Feb 15 10:31:50 UTC 2026","ua.kpi.sc.test.api.tests.featureflag.FeatureFlagAdminTest","Regression","ua.kpi.sc.test.api.tests.featureflag.FeatureFlagAdminTest","createFlagInvalidKeyReturns400"
"","50","List flags empty page returns empty content","Regression Tests","Sun Feb 15 10:31:51 UTC 2026","passed","Sun Feb 15 10:31:51 UTC 2026","ua.kpi.sc.test.api.tests.featureflag.FeatureFlagAdminTest","Regression","ua.kpi.sc.test.api.tests.featureflag.FeatureFlagAdminTest","listFlagsEmptyPageReturnsEmptyContent"
"","2817","Refresh response matches auth-user-response schema","Regression Tests","Sun Feb 15 10:30:54 UTC 2026","passed","Sun Feb 15 10:30:57 UTC 2026","ua.kpi.sc.test.api.tests.auth.AuthRefreshTest","Regression","ua.kpi.sc.test.api.tests.auth.AuthRefreshTest","refreshResponseMatchesSchema"
"","7583","Login 401 does not reveal whether user exists","Regression Tests","Sun Feb 15 10:30:30 UTC 2026","passed","Sun Feb 15 10:30:38 UTC 2026","ua.kpi.sc.test.api.tests.auth.AuthLoginTest","Regression","ua.kpi.sc.test.api.tests.auth.AuthLoginTest","login401DoesNotRevealUserExistence"
"","214","PATCH /users/{id}/tier for non-existent user returns 404","Regression Tests","Sun Feb 15 10:31:37 UTC 2026","passed","Sun Feb 15 10:31:37 UTC 2026","ua.kpi.sc.test.api.tests.user.UserUpdateTierTest","Regression","ua.kpi.sc.test.api.tests.user.UserUpdateTierTest","updateTierForNonExistentUserReturns404"
"","32","Forgot password with whitespace-only email returns 400","Regression Tests","Sun Feb 15 10:30:58 UTC 2026","passed","Sun Feb 15 10:30:58 UTC 2026","ua.kpi.sc.test.api.tests.auth.AuthForgotPasswordTest","Regression","ua.kpi.sc.test.api.tests.auth.AuthForgotPasswordTest","forgotPasswordWithWhitespaceEmailReturns400"
"","595","Evaluate all with tier override returns overridden value","Regression Tests","Sun Feb 15 10:31:47 UTC 2026","passed","Sun Feb 15 10:31:48 UTC 2026","ua.kpi.sc.test.api.tests.featureflag.FeatureFlagEvaluationTest","Regression","ua.kpi.sc.test.api.tests.featureflag.FeatureFlagEvaluationTest","evaluateAllWithTierOverride_returnsOverriddenValue"
"","123","Assign to non-existent user returns 404","Regression Tests","Sun Feb 15 10:31:44 UTC 2026","passed","Sun Feb 15 10:31:44 UTC 2026","ua.kpi.sc.test.api.tests.user.UserAssignPartnerTest","Regression","ua.kpi.sc.test.api.tests.user.UserAssignPartnerTest","assignToNonExistentUserReturns404"
"","25","Register with digits in name returns 400","Regression Tests","Sun Feb 15 10:31:40 UTC 2026","passed","Sun Feb 15 10:31:40 UTC 2026","ua.kpi.sc.test.api.tests.auth.AuthRegisterTest","Regression","ua.kpi.sc.test.api.tests.auth.AuthRegisterTest","registerWithNameContainingDigitsReturns400"
"","2683","PATCH /me returns 405","Regression Tests","Sun Feb 15 10:30:51 UTC 2026","passed","Sun Feb 15 10:30:54 UTC 2026","ua.kpi.sc.test.api.tests.auth.AuthMeTest","Regression","ua.kpi.sc.test.api.tests.auth.AuthMeTest","meMethodNotAllowedPatch"
"","157","DELETE /register returns 405","Regression Tests","Sun Feb 15 10:31:00 UTC 2026","passed","Sun Feb 15 10:31:00 UTC 2026","ua.kpi.sc.test.api.tests.auth.AuthRegisterTest","Regression","ua.kpi.sc.test.api.tests.auth.AuthRegisterTest","registerMethodNotAllowedDelete"
"","53","Register validation errors contain field and message","Regression Tests","Sun Feb 15 10:31:27 UTC 2026","passed","Sun Feb 15 10:31:27 UTC 2026","ua.kpi.sc.test.api.tests.auth.AuthRegisterTest","Regression","ua.kpi.sc.test.api.tests.auth.AuthRegisterTest","registerValidationErrorsFormat"
"","80","Get all audit logs returns paginated response","Regression Tests","Sun Feb 15 10:31:50 UTC 2026","passed","Sun Feb 15 10:31:51 UTC 2026","ua.kpi.sc.test.api.tests.featureflag.FeatureFlagAdminTest","Regression","ua.kpi.sc.test.api.tests.featureflag.FeatureFlagAdminTest","getAllAuditLogsReturnsResponse"
"","4395","Logout returns empty or no body","Regression Tests","Sun Feb 15 10:31:15 UTC 2026","passed","Sun Feb 15 10:31:19 UTC 2026","ua.kpi.sc.test.api.tests.auth.AuthLogoutTest","Regression","ua.kpi.sc.test.api.tests.auth.AuthLogoutTest","logoutReturnsEmptyOrNoBody"
"","153","Reset password with short password (7 chars) returns 400","Regression Tests","Sun Feb 15 10:31:23 UTC 2026","passed","Sun Feb 15 10:31:23 UTC 2026","ua.kpi.sc.test.api.tests.auth.AuthResetPasswordTest","Regression","ua.kpi.sc.test.api.tests.auth.AuthResetPasswordTest","resetPasswordWithShortPasswordReturns400"
"","95","PATCH /oauth2/google returns 405","Regression Tests","Sun Feb 15 10:30:50 UTC 2026","passed","Sun Feb 15 10:30:50 UTC 2026","ua.kpi.sc.test.api.tests.auth.AuthGoogleOAuthTest","Regression","ua.kpi.sc.test.api.tests.auth.AuthGoogleOAuthTest","googleOAuthMethodNotAllowedPatch"
"","133","Logout 401 matches ProblemDetail schema","Regression Tests","Sun Feb 15 10:31:15 UTC 2026","passed","Sun Feb 15 10:31:15 UTC 2026","ua.kpi.sc.test.api.tests.auth.AuthLogoutTest","Regression","ua.kpi.sc.test.api.tests.auth.AuthLogoutTest","logoutProblemDetailSchemaOn401"
"","337","Add tier override appears in flag detail","Regression Tests","Sun Feb 15 10:31:46 UTC 2026","passed","Sun Feb 15 10:31:47 UTC 2026","ua.kpi.sc.test.api.tests.featureflag.FeatureFlagAdminTest","Regression","ua.kpi.sc.test.api.tests.featureflag.FeatureFlagAdminTest","addTierOverrideAppearsInFlagDetail"
"","44","PATCH /refresh returns 405","Regression Tests","Sun Feb 15 10:30:47 UTC 2026","passed","Sun Feb 15 10:30:47 UTC 2026","ua.kpi.sc.test.api.tests.auth.AuthRefreshTest","Regression","ua.kpi.sc.test.api.tests.auth.AuthRefreshTest","refreshMethodNotAllowedPatch"
"","252","Get flag response contains overrides array","Regression Tests","Sun Feb 15 10:31:51 UTC 2026","passed","Sun Feb 15 10:31:51 UTC 2026","ua.kpi.sc.test.api.tests.featureflag.FeatureFlagAdminTest","Regression","ua.kpi.sc.test.api.tests.featureflag.FeatureFlagAdminTest","getFlagResponseContainsOverridesArray"
"","22","Register with null firstName returns 400","Regression Tests","Sun Feb 15 10:31:40 UTC 2026","passed","Sun Feb 15 10:31:40 UTC 2026","ua.kpi.sc.test.api.tests.auth.AuthRegisterTest","Regression","ua.kpi.sc.test.api.tests.auth.AuthRegisterTest","registerWithNullFirstNameReturns400"
"","3469","Logout cookies have SameSite=Lax attribute","Regression Tests","Sun Feb 15 10:30:50 UTC 2026","passed","Sun Feb 15 10:30:53 UTC 2026","ua.kpi.sc.test.api.tests.auth.AuthCookieContractTest","Regression","ua.kpi.sc.test.api.tests.auth.AuthCookieContractTest","logoutCookiesHaveSameSiteLax"
"","58","Basic user cannot create flag — returns 403","Regression Tests","Sun Feb 15 10:31:48 UTC 2026","passed","Sun Feb 15 10:31:48 UTC 2026","ua.kpi.sc.test.api.tests.featureflag.FeatureFlagAdminTest","Regression","ua.kpi.sc.test.api.tests.featureflag.FeatureFlagAdminTest","basicUserCannotCreateFlag_returns403"
"","3318","PUT /users/{id} returns 405 Method Not Allowed","Regression Tests","Sun Feb 15 10:31:35 UTC 2026","passed","Sun Feb 15 10:31:38 UTC 2026","ua.kpi.sc.test.api.tests.user.UserUpdateProfileTest","Regression","ua.kpi.sc.test.api.tests.user.UserUpdateProfileTest","putUserReturns405"
"","151","healthEndpointReturns200WithStatusUp","Regression Tests","Sun Feb 15 10:31:10 UTC 2026","passed","Sun Feb 15 10:31:10 UTC 2026","ua.kpi.sc.test.api.tests.smoke.HealthCheckTest","Regression","ua.kpi.sc.test.api.tests.smoke.HealthCheckTest","healthEndpointReturns200WithStatusUp"
"","140","Search with no match returns empty content","Regression Tests","Sun Feb 15 10:31:44 UTC 2026","passed","Sun Feb 15 10:31:44 UTC 2026","ua.kpi.sc.test.api.tests.user.UserSearchFilterTest","Regression","ua.kpi.sc.test.api.tests.user.UserSearchFilterTest","searchNoMatchReturnsEmpty"
"","97","Register with empty email returns 400","Regression Tests","Sun Feb 15 10:31:34 UTC 2026","passed","Sun Feb 15 10:31:34 UTC 2026","ua.kpi.sc.test.api.tests.auth.AuthRegisterTest","Regression","ua.kpi.sc.test.api.tests.auth.AuthRegisterTest","registerWithEmptyEmailReturns400"
"","1513","Login with XML Content-Type returns 415","Regression Tests","Sun Feb 15 10:31:41 UTC 2026","passed","Sun Feb 15 10:31:42 UTC 2026","ua.kpi.sc.test.api.tests.auth.AuthLoginTest","Regression","ua.kpi.sc.test.api.tests.auth.AuthLoginTest","loginWithXmlContentTypeReturns415"
"","395","Refresh with malformed JWT token returns 401","Regression Tests","Sun Feb 15 10:31:25 UTC 2026","passed","Sun Feb 15 10:31:25 UTC 2026","ua.kpi.sc.test.api.tests.auth.AuthRefreshTest","Regression","ua.kpi.sc.test.api.tests.auth.AuthRefreshTest","refreshWithMalformedTokenReturns401"
"","2953","Refresh returns a valid UUID as id","Regression Tests","Sun Feb 15 10:31:02 UTC 2026","passed","Sun Feb 15 10:31:05 UTC 2026","ua.kpi.sc.test.api.tests.auth.AuthRefreshTest","Regression","ua.kpi.sc.test.api.tests.auth.AuthRefreshTest","refreshReturnsValidUuid"
"","4224","Refresh token rotates tokens and returns user data","Regression Tests","Sun Feb 15 10:31:18 UTC 2026","passed","Sun Feb 15 10:31:22 UTC 2026","ua.kpi.sc.test.api.tests.auth.AuthRefreshTest","Regression","ua.kpi.sc.test.api.tests.auth.AuthRefreshTest","refreshTokenReturnsNewToken"
"","2665","Register returns the same email in response","Regression Tests","Sun Feb 15 10:31:18 UTC 2026","passed","Sun Feb 15 10:31:20 UTC 2026","ua.kpi.sc.test.api.tests.auth.AuthRegisterTest","Regression","ua.kpi.sc.test.api.tests.auth.AuthRegisterTest","registerReturnsSameEmailInResponse"
"","2577","PATCH /logout returns 405","Regression Tests","Sun Feb 15 10:31:10 UTC 2026","passed","Sun Feb 15 10:31:12 UTC 2026","ua.kpi.sc.test.api.tests.auth.AuthLogoutTest","Regression","ua.kpi.sc.test.api.tests.auth.AuthLogoutTest","logoutMethodNotAllowedPatch"
"","47","Basic user cannot delete flag — returns 403","Regression Tests","Sun Feb 15 10:31:48 UTC 2026","passed","Sun Feb 15 10:31:48 UTC 2026","ua.kpi.sc.test.api.tests.featureflag.FeatureFlagAdminTest","Regression","ua.kpi.sc.test.api.tests.featureflag.FeatureFlagAdminTest","basicUserCannotDeleteFlag_returns403"
"","47","Forgot password with empty email returns 400","Regression Tests","Sun Feb 15 10:30:57 UTC 2026","passed","Sun Feb 15 10:30:57 UTC 2026","ua.kpi.sc.test.api.tests.auth.AuthForgotPasswordTest","Regression","ua.kpi.sc.test.api.tests.auth.AuthForgotPasswordTest","forgotPasswordWithEmptyEmailReturns400"
"","3029","GET /me returns all required fields non-null","Regression Tests","Sun Feb 15 10:31:06 UTC 2026","passed","Sun Feb 15 10:31:09 UTC 2026","ua.kpi.sc.test.api.tests.auth.AuthMeTest","Regression","ua.kpi.sc.test.api.tests.auth.AuthMeTest","meReturnsAllRequiredFields"
"","1059","Google OAuth callback with mismatched state returns error redirect","Regression Tests","Sun Feb 15 10:30:45 UTC 2026","passed","Sun Feb 15 10:30:46 UTC 2026","ua.kpi.sc.test.api.tests.auth.AuthGoogleOAuthTest","Regression","ua.kpi.sc.test.api.tests.auth.AuthGoogleOAuthTest","googleOAuthCallbackWithMismatchedStateReturnsError"
"","2871","Refresh response content type is application/json","Regression Tests","Sun Feb 15 10:30:51 UTC 2026","passed","Sun Feb 15 10:30:54 UTC 2026","ua.kpi.sc.test.api.tests.auth.AuthRefreshTest","Regression","ua.kpi.sc.test.api.tests.auth.AuthRefreshTest","refreshResponseContentTypeIsJson"
"","183","Create flag generates audit entry","Regression Tests","Sun Feb 15 10:31:49 UTC 2026","passed","Sun Feb 15 10:31:50 UTC 2026","ua.kpi.sc.test.api.tests.featureflag.FeatureFlagAdminTest","Regression","ua.kpi.sc.test.api.tests.featureflag.FeatureFlagAdminTest","createFlagGeneratesAuditEntry"
"","114","DELETE /oauth2/google returns 405","Regression Tests","Sun Feb 15 10:30:49 UTC 2026","passed","Sun Feb 15 10:30:49 UTC 2026","ua.kpi.sc.test.api.tests.auth.AuthGoogleOAuthTest","Regression","ua.kpi.sc.test.api.tests.auth.AuthGoogleOAuthTest","googleOAuthMethodNotAllowedDelete"
"","4595","Register -> login -> refresh with login refresh token returns 200 with user data","Regression Tests","Sun Feb 15 10:31:15 UTC 2026","passed","Sun Feb 15 10:31:20 UTC 2026","ua.kpi.sc.test.api.tests.auth.AuthFlowTest","Regression","ua.kpi.sc.test.api.tests.auth.AuthFlowTest","refreshAfterLoginUsesLoginRefreshToken"
"","8","Change password without auth returns 401","Regression Tests","Sun Feb 15 10:31:56 UTC 2026","passed","Sun Feb 15 10:31:56 UTC 2026","ua.kpi.sc.test.api.tests.user.UserChangePasswordTest","Regression","ua.kpi.sc.test.api.tests.user.UserChangePasswordTest","withoutAuthReturns401"
"","2420","PUT /me returns 405","Regression Tests","Sun Feb 15 10:30:57 UTC 2026","passed","Sun Feb 15 10:31:00 UTC 2026","ua.kpi.sc.test.api.tests.auth.AuthMeTest","Regression","ua.kpi.sc.test.api.tests.auth.AuthMeTest","meMethodNotAllowedPut"
"","24","Login with whitespace-only email returns 400","Regression Tests","Sun Feb 15 10:31:41 UTC 2026","passed","Sun Feb 15 10:31:41 UTC 2026","ua.kpi.sc.test.api.tests.auth.AuthLoginTest","Regression","ua.kpi.sc.test.api.tests.auth.AuthLoginTest","loginWithWhitespaceEmailReturns400"
"","6879","GET /me returns same data as login response","Regression Tests","Sun Feb 15 10:31:20 UTC 2026","passed","Sun Feb 15 10:31:26 UTC 2026","ua.kpi.sc.test.api.tests.auth.AuthMeTest","Regression","ua.kpi.sc.test.api.tests.auth.AuthMeTest","meReturnsSameDataAsLogin"
"","118","Forgot password with invalid email format returns 400","Regression Tests","Sun Feb 15 10:30:58 UTC 2026","passed","Sun Feb 15 10:30:58 UTC 2026","ua.kpi.sc.test.api.tests.auth.AuthForgotPasswordTest","Regression","ua.kpi.sc.test.api.tests.auth.AuthForgotPasswordTest","forgotPasswordWithInvalidEmailReturns400"
"","557","Google OAuth redirect Location contains state parameter","Regression Tests","Sun Feb 15 10:30:54 UTC 2026","passed","Sun Feb 15 10:30:55 UTC 2026","ua.kpi.sc.test.api.tests.auth.AuthGoogleOAuthTest","Regression","ua.kpi.sc.test.api.tests.auth.AuthGoogleOAuthTest","googleOAuthRedirectLocationContainsState"
"","143","Created flag appears in list","Regression Tests","Sun Feb 15 10:31:50 UTC 2026","passed","Sun Feb 15 10:31:50 UTC 2026","ua.kpi.sc.test.api.tests.featureflag.FeatureFlagAdminTest","Regression","ua.kpi.sc.test.api.tests.featureflag.FeatureFlagAdminTest","createdFlagAppearsInList"
"","861","Refresh with empty cookie returns 401","Regression Tests","Sun Feb 15 10:31:24 UTC 2026","passed","Sun Feb 15 10:31:24 UTC 2026","ua.kpi.sc.test.api.tests.auth.AuthRefreshTest","Regression","ua.kpi.sc.test.api.tests.auth.AuthRefreshTest","refreshWithEmptyCookieReturns401"
"","2389","GET /me response does not contain password field","Regression Tests","Sun Feb 15 10:30:41 UTC 2026","passed","Sun Feb 15 10:30:43 UTC 2026","ua.kpi.sc.test.api.tests.auth.AuthMeTest","Regression","ua.kpi.sc.test.api.tests.auth.AuthMeTest","meDoesNotReturnPasswordField"
"","421","Evaluate after toggle reflects new state","Regression Tests","Sun Feb 15 10:31:46 UTC 2026","passed","Sun Feb 15 10:31:46 UTC 2026","ua.kpi.sc.test.api.tests.featureflag.FeatureFlagEvaluationTest","Regression","ua.kpi.sc.test.api.tests.featureflag.FeatureFlagEvaluationTest","evaluateAfterToggle_reflectsNewState"
"","4715","Filter by active status returns matching","Regression Tests","Sun Feb 15 10:31:34 UTC 2026","passed","Sun Feb 15 10:31:38 UTC 2026","ua.kpi.sc.test.api.tests.user.UserSearchFilterTest","Regression","ua.kpi.sc.test.api.tests.user.UserSearchFilterTest","filterByActiveStatus"
"","150","DELETE /forgot-password returns 405","Regression Tests","Sun Feb 15 10:30:43 UTC 2026","passed","Sun Feb 15 10:30:44 UTC 2026","ua.kpi.sc.test.api.tests.auth.AuthForgotPasswordTest","Regression","ua.kpi.sc.test.api.tests.auth.AuthForgotPasswordTest","forgotPasswordMethodNotAllowedDelete"
"","2515","Update self preserves other fields","Regression Tests","Sun Feb 15 10:31:34 UTC 2026","passed","Sun Feb 15 10:31:37 UTC 2026","ua.kpi.sc.test.api.tests.user.UserSelfUpdateTest","Regression","ua.kpi.sc.test.api.tests.user.UserSelfUpdateTest","updateSelfPreservesOtherFields"
"","2612","Forgot password 204 response has empty body (no JSON)","Regression Tests","Sun Feb 15 10:30:44 UTC 2026","passed","Sun Feb 15 10:30:47 UTC 2026","ua.kpi.sc.test.api.tests.auth.AuthForgotPasswordTest","Regression","ua.kpi.sc.test.api.tests.auth.AuthForgotPasswordTest","forgotPasswordResponseHasEmptyBody"
"","3296","Refresh token cannot be reused after rotation","Regression Tests","Sun Feb 15 10:31:15 UTC 2026","passed","Sun Feb 15 10:31:18 UTC 2026","ua.kpi.sc.test.api.tests.auth.AuthRefreshTest","Regression","ua.kpi.sc.test.api.tests.auth.AuthRefreshTest","refreshTokenCannotBeReusedAfterRotation"
"","4754","Login cookies have Secure flag (may only be set over HTTPS)","Regression Tests","Sun Feb 15 10:30:45 UTC 2026","passed","Sun Feb 15 10:30:50 UTC 2026","ua.kpi.sc.test.api.tests.auth.AuthCookieContractTest","Regression","ua.kpi.sc.test.api.tests.auth.AuthCookieContractTest","loginCookiesHaveSecureFlag"
"","374","Refresh with invalid token returns 401","Regression Tests","Sun Feb 15 10:30:46 UTC 2026","passed","Sun Feb 15 10:30:47 UTC 2026","ua.kpi.sc.test.api.tests.auth.AuthRefreshTest","Regression","ua.kpi.sc.test.api.tests.auth.AuthRefreshTest","refreshInvalidTokenReturns401"
"","57","Forgot password with empty body returns 400","Regression Tests","Sun Feb 15 10:30:57 UTC 2026","passed","Sun Feb 15 10:30:57 UTC 2026","ua.kpi.sc.test.api.tests.auth.AuthForgotPasswordTest","Regression","ua.kpi.sc.test.api.tests.auth.AuthForgotPasswordTest","forgotPasswordWithEmptyBodyReturns400"
"","1298","Register with dotted name succeeds","Regression Tests","Sun Feb 15 10:31:33 UTC 2026","passed","Sun Feb 15 10:31:34 UTC 2026","ua.kpi.sc.test.api.tests.auth.AuthRegisterTest","Regression","ua.kpi.sc.test.api.tests.auth.AuthRegisterTest","registerWithDottedNameSucceeds"
"","71","Register with empty firstName returns 400","Regression Tests","Sun Feb 15 10:31:34 UTC 2026","passed","Sun Feb 15 10:31:34 UTC 2026","ua.kpi.sc.test.api.tests.auth.AuthRegisterTest","Regression","ua.kpi.sc.test.api.tests.auth.AuthRegisterTest","registerWithEmptyFirstNameReturns400"
"","805","Reset password with SQL injection in token is rejected","Regression Tests","Sun Feb 15 10:31:23 UTC 2026","passed","Sun Feb 15 10:31:24 UTC 2026","ua.kpi.sc.test.api.tests.auth.AuthResetPasswordTest","Regression","ua.kpi.sc.test.api.tests.auth.AuthResetPasswordTest","resetPasswordWithSqlInjectionInTokenReturns400"
"","69","Register with XSS in email returns 400","Regression Tests","Sun Feb 15 10:31:45 UTC 2026","passed","Sun Feb 15 10:31:45 UTC 2026","ua.kpi.sc.test.api.tests.auth.AuthRegisterTest","Regression","ua.kpi.sc.test.api.tests.auth.AuthRegisterTest","registerWithXssInEmailReturns400"
"","32","Forgot password with SQL injection in email is rejected with 400","Regression Tests","Sun Feb 15 10:30:58 UTC 2026","passed","Sun Feb 15 10:30:58 UTC 2026","ua.kpi.sc.test.api.tests.auth.AuthForgotPasswordTest","Regression","ua.kpi.sc.test.api.tests.auth.AuthForgotPasswordTest","forgotPasswordWithSqlInjectionReturns400"
"","2332","Register with hyphenated name succeeds","Regression Tests","Sun Feb 15 10:31:37 UTC 2026","passed","Sun Feb 15 10:31:39 UTC 2026","ua.kpi.sc.test.api.tests.auth.AuthRegisterTest","Regression","ua.kpi.sc.test.api.tests.auth.AuthRegisterTest","registerWithHyphenatedNameSucceeds"
"","73","PUT /refresh returns 405","Regression Tests","Sun Feb 15 10:30:47 UTC 2026","passed","Sun Feb 15 10:30:47 UTC 2026","ua.kpi.sc.test.api.tests.auth.AuthRefreshTest","Regression","ua.kpi.sc.test.api.tests.auth.AuthRefreshTest","refreshMethodNotAllowedPut"
"","854","Get non-existent user returns 404","Regression Tests","Sun Feb 15 10:31:39 UTC 2026","passed","Sun Feb 15 10:31:40 UTC 2026","ua.kpi.sc.test.api.tests.user.UserGetByIdTest","Regression","ua.kpi.sc.test.api.tests.user.UserGetByIdTest","getNonExistentUserReturns404"
"","3251","Register 409 matches ProblemDetail schema","Regression Tests","Sun Feb 15 10:31:07 UTC 2026","passed","Sun Feb 15 10:31:10 UTC 2026","ua.kpi.sc.test.api.tests.auth.AuthRegisterTest","Regression","ua.kpi.sc.test.api.tests.auth.AuthRegisterTest","registerProblemDetailSchemaOn409"
"","1773","Forgot password sends email to MailPit for registered user","Regression Tests","Sun Feb 15 10:30:51 UTC 2026","passed","Sun Feb 15 10:30:52 UTC 2026","ua.kpi.sc.test.api.tests.auth.AuthForgotPasswordTest","Regression","ua.kpi.sc.test.api.tests.auth.AuthForgotPasswordTest","forgotPasswordSendsEmailToMailpit"
"","2599","Removed partner is gone from user response","Regression Tests","Sun Feb 15 10:31:43 UTC 2026","passed","Sun Feb 15 10:31:46 UTC 2026","ua.kpi.sc.test.api.tests.user.UserRemovePartnerTest","Regression","ua.kpi.sc.test.api.tests.user.UserRemovePartnerTest","removedPartnerGoneFromUser"
"","4490","Both register and login access tokens are valid for getMe","Regression Tests","Sun Feb 15 10:31:01 UTC 2026","passed","Sun Feb 15 10:31:05 UTC 2026","ua.kpi.sc.test.api.tests.auth.AuthFlowTest","Regression","ua.kpi.sc.test.api.tests.auth.AuthFlowTest","loginAfterRegistrationBothTokensWork"
"","503","Add user override appears in flag detail","Regression Tests","Sun Feb 15 10:31:47 UTC 2026","passed","Sun Feb 15 10:31:47 UTC 2026","ua.kpi.sc.test.api.tests.featureflag.FeatureFlagAdminTest","Regression","ua.kpi.sc.test.api.tests.featureflag.FeatureFlagAdminTest","addUserOverrideAppearsInFlagDetail"
"","74","Login with null password returns 400","Regression Tests","Sun Feb 15 10:31:37 UTC 2026","passed","Sun Feb 15 10:31:37 UTC 2026","ua.kpi.sc.test.api.tests.auth.AuthLoginTest","Regression","ua.kpi.sc.test.api.tests.auth.AuthLoginTest","loginWithNullPasswordReturns400"
"","4329","Register -> refresh -> getMe with new token: email matches","Regression Tests","Sun Feb 15 10:30:54 UTC 2026","passed","Sun Feb 15 10:30:58 UTC 2026","ua.kpi.sc.test.api.tests.auth.AuthFlowTest","Regression","ua.kpi.sc.test.api.tests.auth.AuthFlowTest","fullRegistrationRefreshMeFlow"
"","24","Create flag with negative rollout percentage returns 400","Regression Tests","Sun Feb 15 10:31:50 UTC 2026","passed","Sun Feb 15 10:31:50 UTC 2026","ua.kpi.sc.test.api.tests.featureflag.FeatureFlagAdminTest","Regression","ua.kpi.sc.test.api.tests.featureflag.FeatureFlagAdminTest","createFlagWithNegativeRolloutPercentage_returns400"
"","167","Toggle generates audit log entry","Regression Tests","Sun Feb 15 10:31:52 UTC 2026","passed","Sun Feb 15 10:31:52 UTC 2026","ua.kpi.sc.test.api.tests.featureflag.FeatureFlagAdminTest","Regression","ua.kpi.sc.test.api.tests.featureflag.FeatureFlagAdminTest","toggleGeneratesAuditLogEntry"
"","660","Update self with blank name returns 400","Regression Tests","Sun Feb 15 10:31:34 UTC 2026","passed","Sun Feb 15 10:31:34 UTC 2026","ua.kpi.sc.test.api.tests.user.UserSelfUpdateTest","Regression","ua.kpi.sc.test.api.tests.user.UserSelfUpdateTest","updateSelfBlankNameReturns400"
"","5177","Login returns same firstName and lastName as registered","Regression Tests","Sun Feb 15 10:31:18 UTC 2026","passed","Sun Feb 15 10:31:23 UTC 2026","ua.kpi.sc.test.api.tests.auth.AuthLoginTest","Regression","ua.kpi.sc.test.api.tests.auth.AuthLoginTest","loginReturnsSameFirstAndLastName"
"","11","Register with plain text content type returns 415","Regression Tests","Sun Feb 15 10:31:41 UTC 2026","passed","Sun Feb 15 10:31:41 UTC 2026","ua.kpi.sc.test.api.tests.auth.AuthRegisterTest","Regression","ua.kpi.sc.test.api.tests.auth.AuthRegisterTest","registerWithPlainTextReturns415"
"","4118","Created user appears in user list","Regression Tests","Sun Feb 15 10:31:34 UTC 2026","passed","Sun Feb 15 10:31:38 UTC 2026","ua.kpi.sc.test.api.tests.user.UserCreateTest","Regression","ua.kpi.sc.test.api.tests.user.UserCreateTest","createdUserAppearsInList"
"","336","Evaluate with percentage rollout returns deterministic result","Regression Tests","Sun Feb 15 10:31:49 UTC 2026","passed","Sun Feb 15 10:31:49 UTC 2026","ua.kpi.sc.test.api.tests.featureflag.FeatureFlagEvaluationTest","Regression","ua.kpi.sc.test.api.tests.featureflag.FeatureFlagEvaluationTest","evaluateWithPercentageRollout_deterministicResult"
"","120","PUT /forgot-password returns 405","Regression Tests","Sun Feb 15 10:30:44 UTC 2026","passed","Sun Feb 15 10:30:44 UTC 2026","ua.kpi.sc.test.api.tests.auth.AuthForgotPasswordTest","Regression","ua.kpi.sc.test.api.tests.auth.AuthForgotPasswordTest","forgotPasswordMethodNotAllowedPut"
"","2824","Refresh cookies have Path=/","Regression Tests","Sun Feb 15 10:30:56 UTC 2026","passed","Sun Feb 15 10:30:59 UTC 2026","ua.kpi.sc.test.api.tests.auth.AuthCookieContractTest","Regression","ua.kpi.sc.test.api.tests.auth.AuthCookieContractTest","refreshCookiesHavePathSlash"
"","3669","Login returns the same email as registered","Regression Tests","Sun Feb 15 10:31:15 UTC 2026","passed","Sun Feb 15 10:31:18 UTC 2026","ua.kpi.sc.test.api.tests.auth.AuthLoginTest","Regression","ua.kpi.sc.test.api.tests.auth.AuthLoginTest","loginReturnsSameEmailAsRegistered"
"","25","Reset password with whitespace-only token returns 400","Regression Tests","Sun Feb 15 10:31:29 UTC 2026","passed","Sun Feb 15 10:31:29 UTC 2026","ua.kpi.sc.test.api.tests.auth.AuthResetPasswordTest","Regression","ua.kpi.sc.test.api.tests.auth.AuthResetPasswordTest","resetPasswordWithWhitespaceTokenReturns400"
"","3279","Refresh preserves user id across rotations","Regression Tests","Sun Feb 15 10:30:47 UTC 2026","passed","Sun Feb 15 10:30:50 UTC 2026","ua.kpi.sc.test.api.tests.auth.AuthRefreshTest","Regression","ua.kpi.sc.test.api.tests.auth.AuthRefreshTest","refreshPreservesUserIdAcrossRotations"
"","177","DELETE /login returns 405","Regression Tests","Sun Feb 15 10:30:41 UTC 2026","passed","Sun Feb 15 10:30:41 UTC 2026","ua.kpi.sc.test.api.tests.auth.AuthLoginTest","Regression","ua.kpi.sc.test.api.tests.auth.AuthLoginTest","loginMethodNotAllowedDelete"
"","1458","Search users by name returns results","Regression Tests","Sun Feb 15 10:31:44 UTC 2026","passed","Sun Feb 15 10:31:46 UTC 2026","ua.kpi.sc.test.api.tests.user.UserSearchFilterTest","Regression","ua.kpi.sc.test.api.tests.user.UserSearchFilterTest","searchUsersByNameReturnsResults"
"","1575","72-char new password returns 204","Regression Tests","Sun Feb 15 10:31:52 UTC 2026","passed","Sun Feb 15 10:31:54 UTC 2026","ua.kpi.sc.test.api.tests.user.UserChangePasswordTest","Regression","ua.kpi.sc.test.api.tests.user.UserChangePasswordTest","maxLengthNewPasswordReturns204"
"","51","PATCH /login returns 405","Regression Tests","Sun Feb 15 10:30:41 UTC 2026","passed","Sun Feb 15 10:30:41 UTC 2026","ua.kpi.sc.test.api.tests.auth.AuthLoginTest","Regression","ua.kpi.sc.test.api.tests.auth.AuthLoginTest","loginMethodNotAllowedPatch"
"","1960","Empty body returns 400","Regression Tests","Sun Feb 15 10:31:47 UTC 2026","passed","Sun Feb 15 10:31:49 UTC 2026","ua.kpi.sc.test.api.tests.user.UserChangePasswordTest","Regression","ua.kpi.sc.test.api.tests.user.UserChangePasswordTest","emptyBodyReturns400"
"","20","Create flag with key containing spaces returns 400","Regression Tests","Sun Feb 15 10:31:50 UTC 2026","passed","Sun Feb 15 10:31:50 UTC 2026","ua.kpi.sc.test.api.tests.featureflag.FeatureFlagAdminTest","Regression","ua.kpi.sc.test.api.tests.featureflag.FeatureFlagAdminTest","createFlagWithKeyContainingSpaces_returns400"
"","3159","Google OAuth callback with invalid code returns error redirect","Regression Tests","Sun Feb 15 10:30:42 UTC 2026","passed","Sun Feb 15 10:30:45 UTC 2026","ua.kpi.sc.test.api.tests.auth.AuthGoogleOAuthTest","Regression","ua.kpi.sc.test.api.tests.auth.AuthGoogleOAuthTest","googleOAuthCallbackWithInvalidCodeReturnsError"
"","6257","Reset password with 8-char password succeeds","Regression Tests","Sun Feb 15 10:31:09 UTC 2026","passed","Sun Feb 15 10:31:15 UTC 2026","ua.kpi.sc.test.api.tests.auth.AuthResetPasswordTest","Regression","ua.kpi.sc.test.api.tests.auth.AuthResetPasswordTest","resetPasswordWith8CharPasswordSucceeds"
"","105","GET /register 405 matches ProblemDetail schema","Regression Tests","Sun Feb 15 10:30:56 UTC 2026","passed","Sun Feb 15 10:30:56 UTC 2026","ua.kpi.sc.test.api.tests.auth.AuthRegisterTest","Regression","ua.kpi.sc.test.api.tests.auth.AuthRegisterTest","register405MatchesProblemDetailSchema"
"","1807","GET /me response matches auth-user-response schema","Regression Tests","Sun Feb 15 10:31:04 UTC 2026","passed","Sun Feb 15 10:31:06 UTC 2026","ua.kpi.sc.test.api.tests.auth.AuthMeTest","Regression","ua.kpi.sc.test.api.tests.auth.AuthMeTest","meResponseMatchesSchema"
"","1979","GET /me returns same data as registration response","Regression Tests","Sun Feb 15 10:31:26 UTC 2026","passed","Sun Feb 15 10:31:28 UTC 2026","ua.kpi.sc.test.api.tests.auth.AuthMeTest","Regression","ua.kpi.sc.test.api.tests.auth.AuthMeTest","meReturnsSameDataAsRegistration"
"","7341","Concurrent forgot-password requests all return 204","Regression Tests","Sun Feb 15 10:30:30 UTC 2026","passed","Sun Feb 15 10:30:38 UTC 2026","ua.kpi.sc.test.api.tests.auth.AuthPasswordResetFlowTest","Regression","ua.kpi.sc.test.api.tests.auth.AuthPasswordResetFlowTest","concurrentForgotPasswordRequestsAllReturn204"
"","32","Create flag with key starting with number returns 400","Regression Tests","Sun Feb 15 10:31:50 UTC 2026","passed","Sun Feb 15 10:31:50 UTC 2026","ua.kpi.sc.test.api.tests.featureflag.FeatureFlagAdminTest","Regression","ua.kpi.sc.test.api.tests.featureflag.FeatureFlagAdminTest","createFlagWithKeyStartingWithNumber_returns400"
"","1568","Bulk toggle multiple flags and verify all","Regression Tests","Sun Feb 15 10:31:45 UTC 2026","passed","Sun Feb 15 10:31:46 UTC 2026","ua.kpi.sc.test.api.tests.featureflag.FeatureFlagLifecycleTest","Regression","ua.kpi.sc.test.api.tests.featureflag.FeatureFlagLifecycleTest","bulkToggleMultipleFlagsAndVerifyAll"
"","33","Login with empty body returns 400","Regression Tests","Sun Feb 15 10:31:32 UTC 2026","passed","Sun Feb 15 10:31:32 UTC 2026","ua.kpi.sc.test.api.tests.auth.AuthLoginTest","Regression","ua.kpi.sc.test.api.tests.auth.AuthLoginTest","loginWithEmptyBodyReturns400"
"","195","Create flag and verify it appears in evaluation endpoint","Regression Tests","Sun Feb 15 10:31:46 UTC 2026","passed","Sun Feb 15 10:31:47 UTC 2026","ua.kpi.sc.test.api.tests.featureflag.FeatureFlagLifecycleTest","Regression","ua.kpi.sc.test.api.tests.featureflag.FeatureFlagLifecycleTest","createFlagAndVerifyInEvaluationEndpoint"
"","5411","PATCH /users/{id}/tier accepts each tier level 0-5","Regression Tests","Sun Feb 15 10:31:37 UTC 2026","passed","Sun Feb 15 10:31:43 UTC 2026","ua.kpi.sc.test.api.tests.user.UserUpdateTierTest","Regression","ua.kpi.sc.test.api.tests.user.UserUpdateTierTest","updateTierToEachLevel"
"","204","Forgot password returns 204 for non-existent email (enumeration prevention)","Regression Tests","Sun Feb 15 10:30:48 UTC 2026","passed","Sun Feb 15 10:30:48 UTC 2026","ua.kpi.sc.test.api.tests.auth.AuthForgotPasswordTest","Regression","ua.kpi.sc.test.api.tests.auth.AuthForgotPasswordTest","forgotPasswordReturns204ForNonExistentEmail"
"","9076","Cannot login with old password after change","Regression Tests","Sun Feb 15 10:31:25 UTC 2026","passed","Sun Feb 15 10:31:35 UTC 2026","ua.kpi.sc.test.api.tests.user.UserChangePasswordTest","Regression","ua.kpi.sc.test.api.tests.user.UserChangePasswordTest","cannotLoginWithOldPassword"
"","13338","Login with new password works after reset","Regression Tests","Sun Feb 15 10:30:30 UTC 2026","passed","Sun Feb 15 10:30:44 UTC 2026","ua.kpi.sc.test.api.tests.auth.AuthResetPasswordTest","Regression","ua.kpi.sc.test.api.tests.auth.AuthResetPasswordTest","loginWithNewPasswordWorksAfterReset"
"","34","Register with whitespace-only name returns 400","Regression Tests","Sun Feb 15 10:31:45 UTC 2026","passed","Sun Feb 15 10:31:45 UTC 2026","ua.kpi.sc.test.api.tests.auth.AuthRegisterTest","Regression","ua.kpi.sc.test.api.tests.auth.AuthRegisterTest","registerWithWhitespaceOnlyNameReturns400"
"","997","List users returns paginated response","Regression Tests","Sun Feb 15 10:31:43 UTC 2026","passed","Sun Feb 15 10:31:44 UTC 2026","ua.kpi.sc.test.api.tests.user.UserTest","Regression","ua.kpi.sc.test.api.tests.user.UserTest","listUsersReturnsPaginatedResponse"
"","332","Evaluate all returns correct boolean values","Regression Tests","Sun Feb 15 10:31:46 UTC 2026","passed","Sun Feb 15 10:31:47 UTC 2026","ua.kpi.sc.test.api.tests.featureflag.FeatureFlagEvaluationTest","Regression","ua.kpi.sc.test.api.tests.featureflag.FeatureFlagEvaluationTest","evaluateAllReturnsCorrectBooleanValues"
"","1668","Get user by ID returns partner roles array","Regression Tests","Sun Feb 15 10:31:43 UTC 2026","passed","Sun Feb 15 10:31:44 UTC 2026","ua.kpi.sc.test.api.tests.user.UserGetByIdTest","Regression","ua.kpi.sc.test.api.tests.user.UserGetByIdTest","getUserByIdReturnsPartnerRoles"
"","26","Evaluate non-existent flag returns 404","Regression Tests","Sun Feb 15 10:31:48 UTC 2026","passed","Sun Feb 15 10:31:48 UTC 2026","ua.kpi.sc.test.api.tests.featureflag.FeatureFlagEvaluationTest","Regression","ua.kpi.sc.test.api.tests.featureflag.FeatureFlagEvaluationTest","evaluateNonExistentFlagReturns404"
"","616","Short new password returns 400","Regression Tests","Sun Feb 15 10:31:55 UTC 2026","passed","Sun Feb 15 10:31:56 UTC 2026","ua.kpi.sc.test.api.tests.user.UserChangePasswordTest","Regression","ua.kpi.sc.test.api.tests.user.UserChangePasswordTest","shortNewPasswordReturns400"
"","5535","Register -> login -> logout -> refresh with login refresh token returns 401","Regression Tests","Sun Feb 15 10:31:23 UTC 2026","passed","Sun Feb 15 10:31:29 UTC 2026","ua.kpi.sc.test.api.tests.auth.AuthFlowTest","Regression","ua.kpi.sc.test.api.tests.auth.AuthFlowTest","registerLoginLogoutCannotRefresh"
"","72","Create feature flag returns 201 with correct fields","Regression Tests","Sun Feb 15 10:31:50 UTC 2026","passed","Sun Feb 15 10:31:50 UTC 2026","ua.kpi.sc.test.api.tests.featureflag.FeatureFlagAdminTest","Regression","ua.kpi.sc.test.api.tests.featureflag.FeatureFlagAdminTest","createFlagReturns201"
"","3255","Assign invalid level returns 400","Regression Tests","Sun Feb 15 10:31:25 UTC 2026","passed","Sun Feb 15 10:31:29 UTC 2026","ua.kpi.sc.test.api.tests.user.UserAssignPartnerTest","Regression","ua.kpi.sc.test.api.tests.user.UserAssignPartnerTest","assignInvalidLevelReturns400"
"","3202","Logout with cookie-based auth may or may not be accepted","Regression Tests","Sun Feb 15 10:31:19 UTC 2026","passed","Sun Feb 15 10:31:22 UTC 2026","ua.kpi.sc.test.api.tests.auth.AuthLogoutTest","Regression","ua.kpi.sc.test.api.tests.auth.AuthLogoutTest","logoutWithCookieAuthWorks"
"","21","Create flag with key containing uppercase returns 400","Regression Tests","Sun Feb 15 10:31:50 UTC 2026","passed","Sun Feb 15 10:31:50 UTC 2026","ua.kpi.sc.test.api.tests.featureflag.FeatureFlagAdminTest","Regression","ua.kpi.sc.test.api.tests.featureflag.FeatureFlagAdminTest","createFlagWithKeyContainingUppercase_returns400"
"","109","Get feature flag by ID returns correct flag","Regression Tests","Sun Feb 15 10:31:51 UTC 2026","passed","Sun Feb 15 10:31:51 UTC 2026","ua.kpi.sc.test.api.tests.featureflag.FeatureFlagAdminTest","Regression","ua.kpi.sc.test.api.tests.featureflag.FeatureFlagAdminTest","getFlagByIdReturnsCorrectFlag"
"","184","Update feature flag changes fields","Regression Tests","Sun Feb 15 10:31:52 UTC 2026","passed","Sun Feb 15 10:31:53 UTC 2026","ua.kpi.sc.test.api.tests.featureflag.FeatureFlagAdminTest","Regression","ua.kpi.sc.test.api.tests.featureflag.FeatureFlagAdminTest","updateFlagChangesFields"
"","3926","Login returns both access and refresh cookies","Regression Tests","Sun Feb 15 10:30:58 UTC 2026","passed","Sun Feb 15 10:31:02 UTC 2026","ua.kpi.sc.test.api.tests.auth.AuthLoginTest","Regression","ua.kpi.sc.test.api.tests.auth.AuthLoginTest","loginReturnsAccessAndRefreshCookies"
"","2326","Assign partner level returns 201","Regression Tests","Sun Feb 15 10:31:39 UTC 2026","passed","Sun Feb 15 10:31:41 UTC 2026","ua.kpi.sc.test.api.tests.user.UserAssignPartnerTest","Regression","ua.kpi.sc.test.api.tests.user.UserAssignPartnerTest","assignPartnerLevelReturns201"
"","25","Register with very long email returns 400","Regression Tests","Sun Feb 15 10:31:45 UTC 2026","passed","Sun Feb 15 10:31:45 UTC 2026","ua.kpi.sc.test.api.tests.auth.AuthRegisterTest","Regression","ua.kpi.sc.test.api.tests.auth.AuthRegisterTest","registerWithVeryLongEmailReturns400"
"","4338","GET /me is idempotent — two calls return identical data","Regression Tests","Sun Feb 15 10:30:43 UTC 2026","passed","Sun Feb 15 10:30:48 UTC 2026","ua.kpi.sc.test.api.tests.auth.AuthMeTest","Regression","ua.kpi.sc.test.api.tests.auth.AuthMeTest","meIdempotent"
"","104","Delete feature flag returns 204","Regression Tests","Sun Feb 15 10:31:50 UTC 2026","passed","Sun Feb 15 10:31:50 UTC 2026","ua.kpi.sc.test.api.tests.featureflag.FeatureFlagAdminTest","Regression","ua.kpi.sc.test.api.tests.featureflag.FeatureFlagAdminTest","deleteFlagReturns204"
"","2500","Register returns a valid UUID as id","Regression Tests","Sun Feb 15 10:31:23 UTC 2026","passed","Sun Feb 15 10:31:25 UTC 2026","ua.kpi.sc.test.api.tests.auth.AuthRegisterTest","Regression","ua.kpi.sc.test.api.tests.auth.AuthRegisterTest","registerReturnsValidUuid"
"","183","Register with empty/missing fields returns 400","Regression Tests","Sun Feb 15 10:30:59 UTC 2026","passed","Sun Feb 15 10:31:00 UTC 2026","ua.kpi.sc.test.api.tests.auth.AuthRegisterTest","Regression","ua.kpi.sc.test.api.tests.auth.AuthRegisterTest","registerEmptyFieldsReturns400"
"","1158","Malformed JSON returns 400","Regression Tests","Sun Feb 15 10:31:51 UTC 2026","passed","Sun Feb 15 10:31:52 UTC 2026","ua.kpi.sc.test.api.tests.user.UserChangePasswordTest","Regression","ua.kpi.sc.test.api.tests.user.UserChangePasswordTest","malformedJsonReturns400"
"","1384","Register cookies have SameSite=Lax attribute","Regression Tests","Sun Feb 15 10:31:06 UTC 2026","passed","Sun Feb 15 10:31:08 UTC 2026","ua.kpi.sc.test.api.tests.auth.AuthCookieContractTest","Regression","ua.kpi.sc.test.api.tests.auth.AuthCookieContractTest","registerCookiesHaveSameSiteLax"
"","110","List feature flags returns paginated response","Regression Tests","Sun Feb 15 10:31:51 UTC 2026","passed","Sun Feb 15 10:31:51 UTC 2026","ua.kpi.sc.test.api.tests.featureflag.FeatureFlagAdminTest","Regression","ua.kpi.sc.test.api.tests.featureflag.FeatureFlagAdminTest","listFlagsReturnsPaginatedResponse"
"","1318","Register with accented name succeeds","Regression Tests","Sun Feb 15 10:31:27 UTC 2026","passed","Sun Feb 15 10:31:28 UTC 2026","ua.kpi.sc.test.api.tests.auth.AuthRegisterTest","Regression","ua.kpi.sc.test.api.tests.auth.AuthRegisterTest","registerWithAccentedNameSucceeds"
"","3013","Logout cookies have Secure flag (may only be set over HTTPS)","Regression Tests","Sun Feb 15 10:30:53 UTC 2026","passed","Sun Feb 15 10:30:56 UTC 2026","ua.kpi.sc.test.api.tests.auth.AuthCookieContractTest","Regression","ua.kpi.sc.test.api.tests.auth.AuthCookieContractTest","logoutCookiesHaveSecureFlag"
"","591","PATCH /users/{id} for non-existent user returns 404","Regression Tests","Sun Feb 15 10:31:38 UTC 2026","passed","Sun Feb 15 10:31:39 UTC 2026","ua.kpi.sc.test.api.tests.user.UserUpdateProfileTest","Regression","ua.kpi.sc.test.api.tests.user.UserUpdateProfileTest","updateNonExistentUserReturns404"
"","3523","Login response Content-Type is application/json","Regression Tests","Sun Feb 15 10:30:51 UTC 2026","passed","Sun Feb 15 10:30:54 UTC 2026","ua.kpi.sc.test.api.tests.auth.AuthLoginTest","Regression","ua.kpi.sc.test.api.tests.auth.AuthLoginTest","loginResponseContentTypeIsJson"
"","3167","No email sent for OAuth-only account","Regression Tests","Sun Feb 15 10:31:03 UTC 2026","passed","Sun Feb 15 10:31:06 UTC 2026","ua.kpi.sc.test.api.tests.auth.AuthForgotPasswordTest","Regression","ua.kpi.sc.test.api.tests.auth.AuthForgotPasswordTest","noEmailSentForOAuthOnlyAccount"
"","51","GET /me with malformed Bearer token returns 401","Regression Tests","Sun Feb 15 10:31:34 UTC 2026","passed","Sun Feb 15 10:31:34 UTC 2026","ua.kpi.sc.test.api.tests.auth.AuthMeTest","Regression","ua.kpi.sc.test.api.tests.auth.AuthMeTest","meWithMalformedBearerTokenReturns401"
"","49","GET /refresh returns 405","Regression Tests","Sun Feb 15 10:30:47 UTC 2026","passed","Sun Feb 15 10:30:47 UTC 2026","ua.kpi.sc.test.api.tests.auth.AuthRefreshTest","Regression","ua.kpi.sc.test.api.tests.auth.AuthRefreshTest","refreshMethodNotAllowedGet"
"","79","Login with null email returns 400","Regression Tests","Sun Feb 15 10:31:37 UTC 2026","passed","Sun Feb 15 10:31:37 UTC 2026","ua.kpi.sc.test.api.tests.auth.AuthLoginTest","Regression","ua.kpi.sc.test.api.tests.auth.AuthLoginTest","loginWithNullEmailReturns400"
"","838","Reset password 400 contains meaningful detail","Regression Tests","Sun Feb 15 10:30:51 UTC 2026","passed","Sun Feb 15 10:30:52 UTC 2026","ua.kpi.sc.test.api.tests.auth.AuthResetPasswordTest","Regression","ua.kpi.sc.test.api.tests.auth.AuthResetPasswordTest","resetPassword400ContainsMeaningfulDetail"
"","147","Override appears in flag detail","Regression Tests","Sun Feb 15 10:31:51 UTC 2026","passed","Sun Feb 15 10:31:52 UTC 2026","ua.kpi.sc.test.api.tests.featureflag.FeatureFlagAdminTest","Regression","ua.kpi.sc.test.api.tests.featureflag.FeatureFlagAdminTest","overrideAppearsInFlagDetail"
"","10360","Full flow works again after a complete reset cycle","Regression Tests","Sun Feb 15 10:30:46 UTC 2026","passed","Sun Feb 15 10:30:56 UTC 2026","ua.kpi.sc.test.api.tests.auth.AuthPasswordResetFlowTest","Regression","ua.kpi.sc.test.api.tests.auth.AuthPasswordResetFlowTest","fullFlowWorksAgainAfterCompleteCycle"
"","621","Null fields returns 400","Regression Tests","Sun Feb 15 10:31:54 UTC 2026","passed","Sun Feb 15 10:31:55 UTC 2026","ua.kpi.sc.test.api.tests.user.UserChangePasswordTest","Regression","ua.kpi.sc.test.api.tests.user.UserChangePasswordTest","nullFieldsReturns400"
"","835","PATCH /users/{id} with empty body returns 400","Regression Tests","Sun Feb 15 10:31:47 UTC 2026","passed","Sun Feb 15 10:31:48 UTC 2026","ua.kpi.sc.test.api.tests.user.UserUpdateProfileTest","Regression","ua.kpi.sc.test.api.tests.user.UserUpdateProfileTest","updateWithEmptyBodyReturns400"
"","2582","PATCH /users/{id} with valid data returns 200 with updated fields","Regression Tests","Sun Feb 15 10:31:44 UTC 2026","passed","Sun Feb 15 10:31:47 UTC 2026","ua.kpi.sc.test.api.tests.user.UserUpdateProfileTest","Regression","ua.kpi.sc.test.api.tests.user.UserUpdateProfileTest","updateUserWithValidData"
"","90","Register 400 matches ProblemDetail schema","Regression Tests","Sun Feb 15 10:31:06 UTC 2026","passed","Sun Feb 15 10:31:07 UTC 2026","ua.kpi.sc.test.api.tests.auth.AuthRegisterTest","Regression","ua.kpi.sc.test.api.tests.auth.AuthRegisterTest","registerProblemDetailSchemaOn400"
"","362","Bulk toggle disables multiple flags","Regression Tests","Sun Feb 15 10:31:49 UTC 2026","passed","Sun Feb 15 10:31:49 UTC 2026","ua.kpi.sc.test.api.tests.featureflag.FeatureFlagAdminTest","Regression","ua.kpi.sc.test.api.tests.featureflag.FeatureFlagAdminTest","bulkToggleDisablesMultipleFlags"
"","3260","Register returns capabilityTier >= 0","Regression Tests","Sun Feb 15 10:31:14 UTC 2026","passed","Sun Feb 15 10:31:18 UTC 2026","ua.kpi.sc.test.api.tests.auth.AuthRegisterTest","Regression","ua.kpi.sc.test.api.tests.auth.AuthRegisterTest","registerReturnsCapabilityTier"
"","3171","Filter by tier returns matching users","Regression Tests","Sun Feb 15 10:31:38 UTC 2026","passed","Sun Feb 15 10:31:42 UTC 2026","ua.kpi.sc.test.api.tests.user.UserSearchFilterTest","Regression","ua.kpi.sc.test.api.tests.user.UserSearchFilterTest","filterByTierReturnsMatching"
"","48","GET /forgot-password returns 405","Regression Tests","Sun Feb 15 10:30:44 UTC 2026","passed","Sun Feb 15 10:30:44 UTC 2026","ua.kpi.sc.test.api.tests.auth.AuthForgotPasswordTest","Regression","ua.kpi.sc.test.api.tests.auth.AuthForgotPasswordTest","forgotPasswordMethodNotAllowedGet"
"","6704","Google OAuth callback with empty code returns error","Regression Tests","Sun Feb 15 10:30:34 UTC 2026","passed","Sun Feb 15 10:30:41 UTC 2026","ua.kpi.sc.test.api.tests.auth.AuthGoogleOAuthTest","Regression","ua.kpi.sc.test.api.tests.auth.AuthGoogleOAuthTest","googleOAuthCallbackWithEmptyCodeReturnsError"
"","7406","Full flow: register -> forgot -> MailPit -> extract token -> reset -> login with new password","Regression Tests","Sun Feb 15 10:30:57 UTC 2026","passed","Sun Feb 15 10:31:04 UTC 2026","ua.kpi.sc.test.api.tests.auth.AuthPasswordResetFlowTest","Regression","ua.kpi.sc.test.api.tests.auth.AuthPasswordResetFlowTest","fullPasswordResetFlow"
"","3404","Login with valid credentials returns 200 with email and cookies","Regression Tests","Sun Feb 15 10:31:37 UTC 2026","passed","Sun Feb 15 10:31:41 UTC 2026","ua.kpi.sc.test.api.tests.auth.AuthLoginTest","Regression","ua.kpi.sc.test.api.tests.auth.AuthLoginTest","loginWithValidCredentials"
"","7993","Login cookies have Path=/","Regression Tests","Sun Feb 15 10:30:30 UTC 2026","passed","Sun Feb 15 10:30:38 UTC 2026","ua.kpi.sc.test.api.tests.auth.AuthCookieContractTest","Regression","ua.kpi.sc.test.api.tests.auth.AuthCookieContractTest","loginCookiesHavePathSlash"
"","12366","Create user with each tier level succeeds","Regression Tests","Sun Feb 15 10:31:22 UTC 2026","passed","Sun Feb 15 10:31:34 UTC 2026","ua.kpi.sc.test.api.tests.user.UserCreateTest","Regression","ua.kpi.sc.test.api.tests.user.UserCreateTest","createUserWithEachTier"
"","6317","Reset password with reused token returns 400","Regression Tests","Sun Feb 15 10:31:17 UTC 2026","passed","Sun Feb 15 10:31:23 UTC 2026","ua.kpi.sc.test.api.tests.auth.AuthResetPasswordTest","Regression","ua.kpi.sc.test.api.tests.auth.AuthResetPasswordTest","resetPasswordWithReusedTokenReturns400"
"","4830","Reset password with valid token returns 204","Regression Tests","Sun Feb 15 10:31:24 UTC 2026","passed","Sun Feb 15 10:31:29 UTC 2026","ua.kpi.sc.test.api.tests.auth.AuthResetPasswordTest","Regression","ua.kpi.sc.test.api.tests.auth.AuthResetPasswordTest","resetPasswordWithValidTokenReturns204"
"","1485","Register with spaced name succeeds","Regression Tests","Sun Feb 15 10:31:41 UTC 2026","passed","Sun Feb 15 10:31:43 UTC 2026","ua.kpi.sc.test.api.tests.auth.AuthRegisterTest","Regression","ua.kpi.sc.test.api.tests.auth.AuthRegisterTest","registerWithSpacedNameSucceeds"
"","397","Create flag with all fields and verify persistence","Regression Tests","Sun Feb 15 10:31:47 UTC 2026","passed","Sun Feb 15 10:31:47 UTC 2026","ua.kpi.sc.test.api.tests.featureflag.FeatureFlagLifecycleTest","Regression","ua.kpi.sc.test.api.tests.featureflag.FeatureFlagLifecycleTest","createFlagWithAllFieldsAndVerifyPersistence"
"","5461","Change password returns 204","Regression Tests","Sun Feb 15 10:31:35 UTC 2026","passed","Sun Feb 15 10:31:40 UTC 2026","ua.kpi.sc.test.api.tests.user.UserChangePasswordTest","Regression","ua.kpi.sc.test.api.tests.user.UserChangePasswordTest","changePasswordReturns204"
"","29","PATCH /reset-password returns 405","Regression Tests","Sun Feb 15 10:30:59 UTC 2026","passed","Sun Feb 15 10:30:59 UTC 2026","ua.kpi.sc.test.api.tests.auth.AuthResetPasswordTest","Regression","ua.kpi.sc.test.api.tests.auth.AuthResetPasswordTest","resetPasswordMethodNotAllowedPatch"
"","67","Register with 128 char password returns 400 (exceeds BCrypt 72-byte limit)","Regression Tests","Sun Feb 15 10:31:39 UTC 2026","passed","Sun Feb 15 10:31:40 UTC 2026","ua.kpi.sc.test.api.tests.auth.AuthRegisterTest","Regression","ua.kpi.sc.test.api.tests.auth.AuthRegisterTest","registerWithLongPassword"
"","1013","Google OAuth redirect Location contains response_type=code","Regression Tests","Sun Feb 15 10:30:53 UTC 2026","passed","Sun Feb 15 10:30:54 UTC 2026","ua.kpi.sc.test.api.tests.auth.AuthGoogleOAuthTest","Regression","ua.kpi.sc.test.api.tests.auth.AuthGoogleOAuthTest","googleOAuthRedirectLocationContainsResponseTypeCode"
