"DESCRIPTION","DURATION IN MS","NAME","PARENT SUITE","START TIME","STATUS","STOP TIME","SUB SUITE","SUITE","TEST CLASS","TEST METHOD"
"","91","Register with null email returns 400","Regression Tests","Sun Feb 15 15:29:48 UTC 2026","passed","Sun Feb 15 15:29:48 UTC 2026","ua.kpi.sc.test.api.tests.auth.AuthRegisterTest","Regression","ua.kpi.sc.test.api.tests.auth.AuthRegisterTest","registerWithNullEmailReturns400"
"","106","Login with XSS in email returns 400","Regression Tests","Sun Feb 15 15:29:48 UTC 2026","passed","Sun Feb 15 15:29:48 UTC 2026","ua.kpi.sc.test.api.tests.auth.AuthLoginTest","Regression","ua.kpi.sc.test.api.tests.auth.AuthLoginTest","loginWithXssInEmailReturns400"
"","126","Create flag with duplicate key returns 409","Regression Tests","Sun Feb 15 15:30:53 UTC 2026","passed","Sun Feb 15 15:30:53 UTC 2026","ua.kpi.sc.test.api.tests.featureflag.FeatureFlagAdminTest","Regression","ua.kpi.sc.test.api.tests.featureflag.FeatureFlagAdminTest","createFlagDuplicateKeyReturns409"
"","315","Refresh with invalid token returns 401","Regression Tests","Sun Feb 15 15:16:23 UTC 2026","passed","Sun Feb 15 15:16:24 UTC 2026","ua.kpi.sc.test.api.tests.auth.AuthRefreshTest","Regression","ua.kpi.sc.test.api.tests.auth.AuthRefreshTest","refreshInvalidTokenReturns401"
"","556","Filter audit logs by entity type returns filtered results","Regression Tests","Sun Feb 15 15:16:55 UTC 2026","passed","Sun Feb 15 15:16:55 UTC 2026","ua.kpi.sc.test.api.tests.audit.AuditTest","Regression","ua.kpi.sc.test.api.tests.audit.AuditTest","filterByEntityType_returnsFilteredResults"
"","31402","PATCH /users/{id} with only firstName still updates successfully","Regression Tests","Sun Feb 15 15:29:17 UTC 2026","passed","Sun Feb 15 15:29:48 UTC 2026","ua.kpi.sc.test.api.tests.user.UserUpdateProfileTest","Regression","ua.kpi.sc.test.api.tests.user.UserUpdateProfileTest","updateOnlyFirstName"
"","68","Logout with invalid bearer token returns 401","Regression Tests","Sun Feb 15 15:27:44 UTC 2026","passed","Sun Feb 15 15:27:44 UTC 2026","ua.kpi.sc.test.api.tests.auth.AuthLogoutTest","Regression","ua.kpi.sc.test.api.tests.auth.AuthLogoutTest","logoutWithInvalidTokenReturns401"
"","34565","Forgot password 204 body doesn't reveal email existence","Regression Tests","Sun Feb 15 15:14:14 UTC 2026","passed","Sun Feb 15 15:14:49 UTC 2026","ua.kpi.sc.test.api.tests.auth.AuthForgotPasswordTest","Regression","ua.kpi.sc.test.api.tests.auth.AuthForgotPasswordTest","forgotPassword204BodyDoesNotRevealEmailExistence"
"","196","Register validation errors contain all invalid fields","Regression Tests","Sun Feb 15 15:25:40 UTC 2026","passed","Sun Feb 15 15:25:40 UTC 2026","ua.kpi.sc.test.api.tests.auth.AuthRegisterTest","Regression","ua.kpi.sc.test.api.tests.auth.AuthRegisterTest","registerValidationErrorsContainAllInvalidFields"
"","37","Register with SQL injection in email is rejected","Regression Tests","Sun Feb 15 15:30:51 UTC 2026","passed","Sun Feb 15 15:30:51 UTC 2026","ua.kpi.sc.test.api.tests.auth.AuthRegisterTest","Regression","ua.kpi.sc.test.api.tests.auth.AuthRegisterTest","registerWithSqlInjectionInEmail"
"","62318","Empty body returns 400","Regression Tests","Sun Feb 15 15:26:42 UTC 2026","passed","Sun Feb 15 15:27:44 UTC 2026","ua.kpi.sc.test.api.tests.user.UserChangePasswordTest","Regression","ua.kpi.sc.test.api.tests.user.UserChangePasswordTest","emptyBodyReturns400"
"","61","Logout without auth returns 401","Regression Tests","Sun Feb 15 15:27:45 UTC 2026","passed","Sun Feb 15 15:27:45 UTC 2026","ua.kpi.sc.test.api.tests.auth.AuthLogoutTest","Regression","ua.kpi.sc.test.api.tests.auth.AuthLogoutTest","logoutWithoutAuthReturns401"
"","93675","Register -> login -> logout -> refresh with login refresh token returns 401","Regression Tests","Sun Feb 15 15:26:10 UTC 2026","passed","Sun Feb 15 15:27:44 UTC 2026","ua.kpi.sc.test.api.tests.auth.AuthFlowTest","Regression","ua.kpi.sc.test.api.tests.auth.AuthFlowTest","registerLoginLogoutCannotRefresh"
"","90913","Logout returns empty or no body","Failed suite [Regression Tests]","Sun Feb 15 15:36:27 UTC 2026","passed","Sun Feb 15 15:37:58 UTC 2026","ua.kpi.sc.test.api.tests.auth.AuthLogoutTest","Regression(failed)","ua.kpi.sc.test.api.tests.auth.AuthLogoutTest","logoutReturnsEmptyOrNoBody"
"","100","Register with short password returns 400","Regression Tests","Sun Feb 15 15:30:20 UTC 2026","passed","Sun Feb 15 15:30:20 UTC 2026","ua.kpi.sc.test.api.tests.auth.AuthRegisterTest","Regression","ua.kpi.sc.test.api.tests.auth.AuthRegisterTest","registerWithShortPasswordReturns400"
"","102","List flags pagination works","Regression Tests","Sun Feb 15 15:30:55 UTC 2026","passed","Sun Feb 15 15:30:55 UTC 2026","ua.kpi.sc.test.api.tests.featureflag.FeatureFlagAdminTest","Regression","ua.kpi.sc.test.api.tests.featureflag.FeatureFlagAdminTest","listFlagsPaginationWorks"
"","923","Null fields returns 400","Regression Tests","Sun Feb 15 15:30:54 UTC 2026","passed","Sun Feb 15 15:30:55 UTC 2026","ua.kpi.sc.test.api.tests.user.UserChangePasswordTest","Regression","ua.kpi.sc.test.api.tests.user.UserChangePasswordTest","nullFieldsReturns400"
"","199","Google OAuth redirect Location contains redirect_uri parameter","Regression Tests","Sun Feb 15 15:17:26 UTC 2026","passed","Sun Feb 15 15:17:26 UTC 2026","ua.kpi.sc.test.api.tests.auth.AuthGoogleOAuthTest","Regression","ua.kpi.sc.test.api.tests.auth.AuthGoogleOAuthTest","googleOAuthRedirectLocationContainsRedirectUri"
"","32344","Removed partner is gone from user response","Regression Tests","Sun Feb 15 15:29:47 UTC 2026","passed","Sun Feb 15 15:30:19 UTC 2026","ua.kpi.sc.test.api.tests.user.UserRemovePartnerTest","Regression","ua.kpi.sc.test.api.tests.user.UserRemovePartnerTest","removedPartnerGoneFromUser"
"","103644","Reset password with 72-char password succeeds","Regression Tests","Sun Feb 15 15:20:51 UTC 2026","passed","Sun Feb 15 15:22:34 UTC 2026","ua.kpi.sc.test.api.tests.auth.AuthResetPasswordTest","Regression","ua.kpi.sc.test.api.tests.auth.AuthResetPasswordTest","resetPasswordWith72CharPasswordSucceeds"
"","158","Register with null firstName returns 400","Regression Tests","Sun Feb 15 15:29:48 UTC 2026","passed","Sun Feb 15 15:29:48 UTC 2026","ua.kpi.sc.test.api.tests.auth.AuthRegisterTest","Regression","ua.kpi.sc.test.api.tests.auth.AuthRegisterTest","registerWithNullFirstNameReturns400"
"","30960","Register with extra unknown fields succeeds","Regression Tests","Sun Feb 15 15:28:45 UTC 2026","passed","Sun Feb 15 15:29:16 UTC 2026","ua.kpi.sc.test.api.tests.auth.AuthRegisterTest","Regression","ua.kpi.sc.test.api.tests.auth.AuthRegisterTest","registerWithExtraUnknownFieldsSucceeds"
"","61395","Response timing is similar for existing vs non-existing email","Failed suite [Regression Tests]","Sun Feb 15 15:32:52 UTC 2026","failed","Sun Feb 15 15:33:53 UTC 2026","ua.kpi.sc.test.api.tests.auth.AuthForgotPasswordTest","Regression(failed)","ua.kpi.sc.test.api.tests.auth.AuthForgotPasswordTest","forgotPasswordTimingSimilarForExistingVsNonExisting"
"","30037","PATCH /me returns 405","Failed suite [Regression Tests]","Sun Feb 15 15:37:28 UTC 2026","failed","Sun Feb 15 15:37:58 UTC 2026","ua.kpi.sc.test.api.tests.auth.AuthMeTest","Regression(failed)","ua.kpi.sc.test.api.tests.auth.AuthMeTest","meMethodNotAllowedPatch"
"","92554","Full cycle: register -> login -> getMe -> logout -> getMe returns 200 or 401","Regression Tests","Sun Feb 15 15:27:44 UTC 2026","passed","Sun Feb 15 15:29:17 UTC 2026","ua.kpi.sc.test.api.tests.auth.AuthFlowTest","Regression","ua.kpi.sc.test.api.tests.auth.AuthFlowTest","registerLoginMeLogoutFullCycle"
"","31082","Logout clears session and returns 200","Regression Tests","Sun Feb 15 15:21:33 UTC 2026","passed","Sun Feb 15 15:22:04 UTC 2026","ua.kpi.sc.test.api.tests.auth.AuthLogoutTest","Regression","ua.kpi.sc.test.api.tests.auth.AuthLogoutTest","logoutClearsSession"
"","31778","Login returns same firstName and lastName as registered","Failed suite [Regression Tests]","Sun Feb 15 15:38:29 UTC 2026","passed","Sun Feb 15 15:39:01 UTC 2026","ua.kpi.sc.test.api.tests.auth.AuthLoginTest","Regression(failed)","ua.kpi.sc.test.api.tests.auth.AuthLoginTest","loginReturnsSameFirstAndLastName"
"","31760","Register with apostrophe in name succeeds","Regression Tests","Sun Feb 15 15:26:11 UTC 2026","passed","Sun Feb 15 15:26:42 UTC 2026","ua.kpi.sc.test.api.tests.auth.AuthRegisterTest","Regression","ua.kpi.sc.test.api.tests.auth.AuthRegisterTest","registerWithApostropheNameSucceeds"
"","264","Evaluate all with tier override returns overridden value","Regression Tests","Sun Feb 15 15:30:51 UTC 2026","passed","Sun Feb 15 15:30:51 UTC 2026","ua.kpi.sc.test.api.tests.featureflag.FeatureFlagEvaluationTest","Regression","ua.kpi.sc.test.api.tests.featureflag.FeatureFlagEvaluationTest","evaluateAllWithTierOverride_returnsOverriddenValue"
"","50","Register with very long email returns 400","Regression Tests","Sun Feb 15 15:30:52 UTC 2026","passed","Sun Feb 15 15:30:52 UTC 2026","ua.kpi.sc.test.api.tests.auth.AuthRegisterTest","Regression","ua.kpi.sc.test.api.tests.auth.AuthRegisterTest","registerWithVeryLongEmailReturns400"
"","584","GET /me returns correct data matching registration request","Failed suite [Regression Tests]","Sun Feb 15 15:39:01 UTC 2026","passed","Sun Feb 15 15:39:02 UTC 2026","ua.kpi.sc.test.api.tests.auth.AuthMeTest","Regression(failed)","ua.kpi.sc.test.api.tests.auth.AuthMeTest","meReturnsCorrectRegisteredData"
"","30072","Refresh with access token used as refresh cookie returns 401","Regression Tests","Sun Feb 15 15:24:08 UTC 2026","failed","Sun Feb 15 15:24:38 UTC 2026","ua.kpi.sc.test.api.tests.auth.AuthRefreshTest","Regression","ua.kpi.sc.test.api.tests.auth.AuthRefreshTest","refreshWithAccessTokenAsCookieReturns401"
"","61598","DELETE /logout returns 405","Failed suite [Regression Tests]","Sun Feb 15 15:34:24 UTC 2026","failed","Sun Feb 15 15:35:25 UTC 2026","ua.kpi.sc.test.api.tests.auth.AuthLogoutTest","Regression(failed)","ua.kpi.sc.test.api.tests.auth.AuthLogoutTest","logoutMethodNotAllowedDelete"
"","40","Register with whitespace-only name returns 400","Regression Tests","Sun Feb 15 15:30:52 UTC 2026","passed","Sun Feb 15 15:30:52 UTC 2026","ua.kpi.sc.test.api.tests.auth.AuthRegisterTest","Regression","ua.kpi.sc.test.api.tests.auth.AuthRegisterTest","registerWithWhitespaceOnlyNameReturns400"
"","30486","Filter audit logs by action returns filtered results","Regression Tests","Sun Feb 15 15:15:54 UTC 2026","passed","Sun Feb 15 15:16:24 UTC 2026","ua.kpi.sc.test.api.tests.audit.AuditTest","Regression","ua.kpi.sc.test.api.tests.audit.AuditTest","filterByAction_returnsFilteredResults"
"","61326","Assign invalid level returns 400","Failed suite [Regression Tests]","Sun Feb 15 15:32:51 UTC 2026","failed","Sun Feb 15 15:33:53 UTC 2026","ua.kpi.sc.test.api.tests.user.UserAssignPartnerTest","Regression(failed)","ua.kpi.sc.test.api.tests.user.UserAssignPartnerTest","assignInvalidLevelReturns400"
"","71456","Login with new password works after reset","Failed suite [Regression Tests]","Sun Feb 15 15:34:14 UTC 2026","broken","Sun Feb 15 15:35:25 UTC 2026","ua.kpi.sc.test.api.tests.auth.AuthResetPasswordTest","Regression(failed)","ua.kpi.sc.test.api.tests.auth.AuthResetPasswordTest","loginWithNewPasswordWorksAfterReset"
"","30778","Refresh response content type is application/json","Regression Tests","Sun Feb 15 15:16:55 UTC 2026","passed","Sun Feb 15 15:17:26 UTC 2026","ua.kpi.sc.test.api.tests.auth.AuthRefreshTest","Regression","ua.kpi.sc.test.api.tests.auth.AuthRefreshTest","refreshResponseContentTypeIsJson"
"","34251","Login cookies have Path=/","Regression Tests","Sun Feb 15 15:14:14 UTC 2026","failed","Sun Feb 15 15:14:49 UTC 2026","ua.kpi.sc.test.api.tests.auth.AuthCookieContractTest","Regression","ua.kpi.sc.test.api.tests.auth.AuthCookieContractTest","loginCookiesHavePathSlash"
"","30859","Search users by name returns results","Regression Tests","Sun Feb 15 15:29:48 UTC 2026","passed","Sun Feb 15 15:30:19 UTC 2026","ua.kpi.sc.test.api.tests.user.UserSearchFilterTest","Regression","ua.kpi.sc.test.api.tests.user.UserSearchFilterTest","searchUsersByNameReturnsResults"
"","187","Delete feature flag returns 204","Regression Tests","Sun Feb 15 15:30:54 UTC 2026","passed","Sun Feb 15 15:30:54 UTC 2026","ua.kpi.sc.test.api.tests.featureflag.FeatureFlagAdminTest","Regression","ua.kpi.sc.test.api.tests.featureflag.FeatureFlagAdminTest","deleteFlagReturns204"
"","66","Feature flag audit logs available via centralized endpoint","Regression Tests","Sun Feb 15 15:30:54 UTC 2026","passed","Sun Feb 15 15:30:54 UTC 2026","ua.kpi.sc.test.api.tests.featureflag.FeatureFlagAdminTest","Regression","ua.kpi.sc.test.api.tests.featureflag.FeatureFlagAdminTest","featureFlagAuditLogsAvailableViaCentralizedEndpoint"
"","92256","8-char new password returns 204","Failed suite [Regression Tests]","Sun Feb 15 15:36:57 UTC 2026","passed","Sun Feb 15 15:38:29 UTC 2026","ua.kpi.sc.test.api.tests.user.UserChangePasswordTest","Regression(failed)","ua.kpi.sc.test.api.tests.user.UserChangePasswordTest","eightCharNewPasswordReturns204"
"","91511","List users pagination works","Failed suite [Regression Tests]","Sun Feb 15 15:32:52 UTC 2026","failed","Sun Feb 15 15:34:24 UTC 2026","ua.kpi.sc.test.api.tests.user.UserTest","Regression(failed)","ua.kpi.sc.test.api.tests.user.UserTest","listUsersPaginationWorks"
"","79","Evaluate non-existent flag returns 404","Regression Tests","Sun Feb 15 15:30:51 UTC 2026","passed","Sun Feb 15 15:30:51 UTC 2026","ua.kpi.sc.test.api.tests.featureflag.FeatureFlagEvaluationTest","Regression","ua.kpi.sc.test.api.tests.featureflag.FeatureFlagEvaluationTest","evaluateNonExistentFlagReturns404"
"","30168","Update self with blank name returns 400","Failed suite [Regression Tests]","Sun Feb 15 15:34:55 UTC 2026","failed","Sun Feb 15 15:35:25 UTC 2026","ua.kpi.sc.test.api.tests.user.UserSelfUpdateTest","Regression(failed)","ua.kpi.sc.test.api.tests.user.UserSelfUpdateTest","updateSelfBlankNameReturns400"
"","41","PUT /oauth2/google returns 405","Regression Tests","Sun Feb 15 15:16:56 UTC 2026","passed","Sun Feb 15 15:16:56 UTC 2026","ua.kpi.sc.test.api.tests.auth.AuthGoogleOAuthTest","Regression","ua.kpi.sc.test.api.tests.auth.AuthGoogleOAuthTest","googleOAuthMethodNotAllowedPut"
"","93","GET /me 401 matches ProblemDetail schema","Regression Tests","Sun Feb 15 15:19:59 UTC 2026","passed","Sun Feb 15 15:19:59 UTC 2026","ua.kpi.sc.test.api.tests.auth.AuthMeTest","Regression","ua.kpi.sc.test.api.tests.auth.AuthMeTest","meProblemDetailSchemaOn401"
"","22","DELETE /forgot-password returns 405","Regression Tests","Sun Feb 15 15:16:14 UTC 2026","passed","Sun Feb 15 15:16:14 UTC 2026","ua.kpi.sc.test.api.tests.auth.AuthForgotPasswordTest","Regression","ua.kpi.sc.test.api.tests.auth.AuthForgotPasswordTest","forgotPasswordMethodNotAllowedDelete"
"","3234","72-char new password returns 204","Regression Tests","Sun Feb 15 15:30:51 UTC 2026","passed","Sun Feb 15 15:30:54 UTC 2026","ua.kpi.sc.test.api.tests.user.UserChangePasswordTest","Regression","ua.kpi.sc.test.api.tests.user.UserChangePasswordTest","maxLengthNewPasswordReturns204"
"","124","Register with form-encoded content type returns 415","Regression Tests","Sun Feb 15 15:29:16 UTC 2026","passed","Sun Feb 15 15:29:16 UTC 2026","ua.kpi.sc.test.api.tests.auth.AuthRegisterTest","Regression","ua.kpi.sc.test.api.tests.auth.AuthRegisterTest","registerWithFormEncodedReturns415"
"","31634","Register new user has capabilityTier exactly 1","Regression Tests","Sun Feb 15 15:20:30 UTC 2026","passed","Sun Feb 15 15:21:01 UTC 2026","ua.kpi.sc.test.api.tests.auth.AuthRegisterTest","Regression","ua.kpi.sc.test.api.tests.auth.AuthRegisterTest","registerNewUserCapabilityTierIs1"
"","599","GET /refresh 405 matches ProblemDetail schema","Regression Tests","Sun Feb 15 15:15:21 UTC 2026","passed","Sun Feb 15 15:15:22 UTC 2026","ua.kpi.sc.test.api.tests.auth.AuthRefreshTest","Regression","ua.kpi.sc.test.api.tests.auth.AuthRefreshTest","refresh405MatchesProblemDetailSchema"
"","51167","Reset password with reused token returns 400","Failed suite [Regression Tests]","Sun Feb 15 15:36:57 UTC 2026","broken","Sun Feb 15 15:37:48 UTC 2026","ua.kpi.sc.test.api.tests.auth.AuthResetPasswordTest","Regression(failed)","ua.kpi.sc.test.api.tests.auth.AuthResetPasswordTest","resetPasswordWithReusedTokenReturns400"
"","36","Register with special chars in name returns 400","Regression Tests","Sun Feb 15 15:29:48 UTC 2026","passed","Sun Feb 15 15:29:48 UTC 2026","ua.kpi.sc.test.api.tests.auth.AuthRegisterTest","Regression","ua.kpi.sc.test.api.tests.auth.AuthRegisterTest","registerWithNameContainingSpecialCharsReturns400"
"","32030","Refresh response matches auth-user-response schema","Failed suite [Regression Tests]","Sun Feb 15 15:34:55 UTC 2026","passed","Sun Feb 15 15:35:27 UTC 2026","ua.kpi.sc.test.api.tests.auth.AuthRefreshTest","Regression(failed)","ua.kpi.sc.test.api.tests.auth.AuthRefreshTest","refreshResponseMatchesSchema"
"","1518","Deleted user is deactivated","Regression Tests","Sun Feb 15 15:30:50 UTC 2026","passed","Sun Feb 15 15:30:51 UTC 2026","ua.kpi.sc.test.api.tests.user.UserDeleteTest","Regression","ua.kpi.sc.test.api.tests.user.UserDeleteTest","deletedUserIsDeactivated"
"","385","Multiple forgot-password requests — all return 204","Failed suite [Regression Tests]","Sun Feb 15 15:39:05 UTC 2026","passed","Sun Feb 15 15:39:05 UTC 2026","ua.kpi.sc.test.api.tests.auth.AuthPasswordResetFlowTest","Regression(failed)","ua.kpi.sc.test.api.tests.auth.AuthPasswordResetFlowTest","multipleForgotPasswordRequestsAllReturn204"
"","175","DELETE /login returns 405","Regression Tests","Sun Feb 15 15:15:22 UTC 2026","passed","Sun Feb 15 15:15:22 UTC 2026","ua.kpi.sc.test.api.tests.auth.AuthLoginTest","Regression","ua.kpi.sc.test.api.tests.auth.AuthLoginTest","loginMethodNotAllowedDelete"
"","92193","Empty current password returns 400","Regression Tests","Sun Feb 15 15:27:44 UTC 2026","passed","Sun Feb 15 15:29:16 UTC 2026","ua.kpi.sc.test.api.tests.user.UserChangePasswordTest","Regression","ua.kpi.sc.test.api.tests.user.UserChangePasswordTest","emptyCurrentPasswordReturns400"
"","128","Forgot password with malformed JSON returns 400","Regression Tests","Sun Feb 15 15:20:00 UTC 2026","passed","Sun Feb 15 15:20:00 UTC 2026","ua.kpi.sc.test.api.tests.auth.AuthForgotPasswordTest","Regression","ua.kpi.sc.test.api.tests.auth.AuthForgotPasswordTest","forgotPasswordWithMalformedJsonReturns400"
"","128","Reset password with empty body returns 400","Regression Tests","Sun Feb 15 15:24:07 UTC 2026","passed","Sun Feb 15 15:24:07 UTC 2026","ua.kpi.sc.test.api.tests.auth.AuthResetPasswordTest","Regression","ua.kpi.sc.test.api.tests.auth.AuthResetPasswordTest","resetPasswordWithEmptyBodyReturns400"
"","62471","Login returns a valid UUID as id","Regression Tests","Sun Feb 15 15:25:09 UTC 2026","passed","Sun Feb 15 15:26:11 UTC 2026","ua.kpi.sc.test.api.tests.auth.AuthLoginTest","Regression","ua.kpi.sc.test.api.tests.auth.AuthLoginTest","loginReturnsValidUuid"
"","106","Logout 401 matches ProblemDetail schema","Regression Tests","Sun Feb 15 15:26:42 UTC 2026","passed","Sun Feb 15 15:26:43 UTC 2026","ua.kpi.sc.test.api.tests.auth.AuthLogoutTest","Regression","ua.kpi.sc.test.api.tests.auth.AuthLogoutTest","logoutProblemDetailSchemaOn401"
"","142","Forgot password with empty email returns 400","Regression Tests","Sun Feb 15 15:19:59 UTC 2026","passed","Sun Feb 15 15:19:59 UTC 2026","ua.kpi.sc.test.api.tests.auth.AuthForgotPasswordTest","Regression","ua.kpi.sc.test.api.tests.auth.AuthForgotPasswordTest","forgotPasswordWithEmptyEmailReturns400"
"","20","Unauthenticated access to audit logs returns 401","Regression Tests","Sun Feb 15 15:19:28 UTC 2026","passed","Sun Feb 15 15:19:28 UTC 2026","ua.kpi.sc.test.api.tests.audit.AuditTest","Regression","ua.kpi.sc.test.api.tests.audit.AuditTest","unauthenticatedAccess_returns401"
"","36","Forgot password with whitespace-only email returns 400","Regression Tests","Sun Feb 15 15:20:00 UTC 2026","passed","Sun Feb 15 15:20:00 UTC 2026","ua.kpi.sc.test.api.tests.auth.AuthForgotPasswordTest","Regression","ua.kpi.sc.test.api.tests.auth.AuthForgotPasswordTest","forgotPasswordWithWhitespaceEmailReturns400"
"","81","apiDocsEndpointReturnsOpenApiSpec","Regression Tests","Sun Feb 15 15:21:34 UTC 2026","passed","Sun Feb 15 15:21:34 UTC 2026","ua.kpi.sc.test.api.tests.smoke.SwaggerAvailabilityTest","Regression","ua.kpi.sc.test.api.tests.smoke.SwaggerAvailabilityTest","apiDocsEndpointReturnsOpenApiSpec"
"","30772","Search by email substring returns results","Regression Tests","Sun Feb 15 15:29:17 UTC 2026","passed","Sun Feb 15 15:29:48 UTC 2026","ua.kpi.sc.test.api.tests.user.UserSearchFilterTest","Regression","ua.kpi.sc.test.api.tests.user.UserSearchFilterTest","searchByEmailSubstring"
"","30162","Filter audit logs by source module returns filtered results","Failed suite [Regression Tests]","Sun Feb 15 15:32:21 UTC 2026","failed","Sun Feb 15 15:32:51 UTC 2026","ua.kpi.sc.test.api.tests.audit.AuditTest","Regression(failed)","ua.kpi.sc.test.api.tests.audit.AuditTest","filterBySourceModule_returnsFilteredResults"
"","0","Filter audit logs by date range returns filtered results","Failed suite [Regression Tests]","Sun Feb 15 15:32:21 UTC 2026","skipped","Sun Feb 15 15:32:21 UTC 2026","ua.kpi.sc.test.api.tests.audit.AuditTest","Regression(failed)","ua.kpi.sc.test.api.tests.audit.AuditTest","filterByDateRange_returnsFilteredResults"
"","622","List users returns paginated response","Regression Tests","Sun Feb 15 15:29:47 UTC 2026","passed","Sun Feb 15 15:29:48 UTC 2026","ua.kpi.sc.test.api.tests.user.UserTest","Regression","ua.kpi.sc.test.api.tests.user.UserTest","listUsersReturnsPaginatedResponse"
"","61231","Refresh cookies have Path=/","Regression Tests","Sun Feb 15 15:18:27 UTC 2026","failed","Sun Feb 15 15:19:28 UTC 2026","ua.kpi.sc.test.api.tests.auth.AuthCookieContractTest","Regression","ua.kpi.sc.test.api.tests.auth.AuthCookieContractTest","refreshCookiesHavePathSlash"
"","53","GET /register returns 405","Regression Tests","Sun Feb 15 15:20:00 UTC 2026","passed","Sun Feb 15 15:20:00 UTC 2026","ua.kpi.sc.test.api.tests.auth.AuthRegisterTest","Regression","ua.kpi.sc.test.api.tests.auth.AuthRegisterTest","registerMethodNotAllowedGet"
"","30673","Register with password exactly 8 chars succeeds","Regression Tests","Sun Feb 15 15:29:49 UTC 2026","passed","Sun Feb 15 15:30:19 UTC 2026","ua.kpi.sc.test.api.tests.auth.AuthRegisterTest","Regression","ua.kpi.sc.test.api.tests.auth.AuthRegisterTest","registerWithPasswordExactly8Chars"
"","30146","GET /me response matches auth-user-response schema","Failed suite [Regression Tests]","Sun Feb 15 15:36:57 UTC 2026","failed","Sun Feb 15 15:37:27 UTC 2026","ua.kpi.sc.test.api.tests.auth.AuthMeTest","Regression(failed)","ua.kpi.sc.test.api.tests.auth.AuthMeTest","meResponseMatchesSchema"
"","61","DELETE /register returns 405","Regression Tests","Sun Feb 15 15:19:59 UTC 2026","passed","Sun Feb 15 15:20:00 UTC 2026","ua.kpi.sc.test.api.tests.auth.AuthRegisterTest","Regression","ua.kpi.sc.test.api.tests.auth.AuthRegisterTest","registerMethodNotAllowedDelete"
"","469","Delete flag and verify gone from evaluation","Regression Tests","Sun Feb 15 15:30:51 UTC 2026","passed","Sun Feb 15 15:30:51 UTC 2026","ua.kpi.sc.test.api.tests.featureflag.FeatureFlagLifecycleTest","Regression","ua.kpi.sc.test.api.tests.featureflag.FeatureFlagLifecycleTest","deleteFlagAndVerifyGoneFromEvaluation"
"","92718","Reset password 204 response has empty body (no JSON)","Failed suite [Regression Tests]","Sun Feb 15 15:31:50 UTC 2026","passed","Sun Feb 15 15:33:22 UTC 2026","ua.kpi.sc.test.api.tests.auth.AuthResetPasswordTest","Regression(failed)","ua.kpi.sc.test.api.tests.auth.AuthResetPasswordTest","resetPasswordResponseHasEmptyBody"
"","31360","DELETE /me returns 405","Regression Tests","Sun Feb 15 15:16:24 UTC 2026","passed","Sun Feb 15 15:16:55 UTC 2026","ua.kpi.sc.test.api.tests.auth.AuthMeTest","Regression","ua.kpi.sc.test.api.tests.auth.AuthMeTest","meMethodNotAllowedDelete"
"","31240","Register with spaced name succeeds","Regression Tests","Sun Feb 15 15:30:20 UTC 2026","passed","Sun Feb 15 15:30:51 UTC 2026","ua.kpi.sc.test.api.tests.auth.AuthRegisterTest","Regression","ua.kpi.sc.test.api.tests.auth.AuthRegisterTest","registerWithSpacedNameSucceeds"
"","382","Create flag and verify it appears in evaluation endpoint","Regression Tests","Sun Feb 15 15:30:50 UTC 2026","passed","Sun Feb 15 15:30:50 UTC 2026","ua.kpi.sc.test.api.tests.featureflag.FeatureFlagLifecycleTest","Regression","ua.kpi.sc.test.api.tests.featureflag.FeatureFlagLifecycleTest","createFlagAndVerifyInEvaluationEndpoint"
"","30250","Register response Content-Type is application/json","Regression Tests","Sun Feb 15 15:22:04 UTC 2026","failed","Sun Feb 15 15:22:34 UTC 2026","ua.kpi.sc.test.api.tests.auth.AuthRegisterTest","Regression","ua.kpi.sc.test.api.tests.auth.AuthRegisterTest","registerResponseContentTypeIsJson"
"","747","Evaluate after toggle reflects new state","Regression Tests","Sun Feb 15 15:30:19 UTC 2026","passed","Sun Feb 15 15:30:20 UTC 2026","ua.kpi.sc.test.api.tests.featureflag.FeatureFlagEvaluationTest","Regression","ua.kpi.sc.test.api.tests.featureflag.FeatureFlagEvaluationTest","evaluateAfterToggle_reflectsNewState"
"","314","Google OAuth redirect returns 302","Regression Tests","Sun Feb 15 15:17:57 UTC 2026","passed","Sun Feb 15 15:17:57 UTC 2026","ua.kpi.sc.test.api.tests.auth.AuthGoogleOAuthTest","Regression","ua.kpi.sc.test.api.tests.auth.AuthGoogleOAuthTest","googleOAuthRedirectReturns302"
"","30147","Refresh token cannot be reused after rotation","Failed suite [Regression Tests]","Sun Feb 15 15:36:26 UTC 2026","failed","Sun Feb 15 15:36:56 UTC 2026","ua.kpi.sc.test.api.tests.auth.AuthRefreshTest","Regression(failed)","ua.kpi.sc.test.api.tests.auth.AuthRefreshTest","refreshTokenCannotBeReusedAfterRotation"
"","3751","Expired/invalid access token returns 401","Regression Tests","Sun Feb 15 15:14:14 UTC 2026","passed","Sun Feb 15 15:14:18 UTC 2026","ua.kpi.sc.test.api.tests.auth.AuthMeTest","Regression","ua.kpi.sc.test.api.tests.auth.AuthMeTest","expiredTokenReturns401"
"","1251","PATCH /users/{id} with empty body returns 400","Regression Tests","Sun Feb 15 15:30:50 UTC 2026","passed","Sun Feb 15 15:30:51 UTC 2026","ua.kpi.sc.test.api.tests.user.UserUpdateProfileTest","Regression","ua.kpi.sc.test.api.tests.user.UserUpdateProfileTest","updateWithEmptyBodyReturns400"
"","30375","Register returns the same names in response","Regression Tests","Sun Feb 15 15:24:07 UTC 2026","failed","Sun Feb 15 15:24:38 UTC 2026","ua.kpi.sc.test.api.tests.auth.AuthRegisterTest","Regression","ua.kpi.sc.test.api.tests.auth.AuthRegisterTest","registerReturnsSameNamesInResponse"
"","33254","Double refresh with new token succeeds","Regression Tests","Sun Feb 15 15:14:14 UTC 2026","failed","Sun Feb 15 15:14:48 UTC 2026","ua.kpi.sc.test.api.tests.auth.AuthRefreshTest","Regression","ua.kpi.sc.test.api.tests.auth.AuthRefreshTest","doubleRefreshWithNewTokenSucceeds"
"","1033","Search audit logs by text returns matches","Failed suite [Regression Tests]","Sun Feb 15 15:32:51 UTC 2026","passed","Sun Feb 15 15:32:52 UTC 2026","ua.kpi.sc.test.api.tests.audit.AuditTest","Regression(failed)","ua.kpi.sc.test.api.tests.audit.AuditTest","searchByText_returnsMatches"
"","68","GET /auth/me without token returns 401","Regression Tests","Sun Feb 15 15:27:13 UTC 2026","passed","Sun Feb 15 15:27:13 UTC 2026","ua.kpi.sc.test.api.tests.auth.AuthMeTest","Regression","ua.kpi.sc.test.api.tests.auth.AuthMeTest","meWithoutAuthReturns401"
"","61246","Login with XML Content-Type returns 415","Regression Tests","Sun Feb 15 15:28:46 UTC 2026","passed","Sun Feb 15 15:29:48 UTC 2026","ua.kpi.sc.test.api.tests.auth.AuthLoginTest","Regression","ua.kpi.sc.test.api.tests.auth.AuthLoginTest","loginWithXmlContentTypeReturns415"
"","84","Update feature flag changes fields","Regression Tests","Sun Feb 15 15:30:56 UTC 2026","passed","Sun Feb 15 15:30:56 UTC 2026","ua.kpi.sc.test.api.tests.featureflag.FeatureFlagAdminTest","Regression","ua.kpi.sc.test.api.tests.featureflag.FeatureFlagAdminTest","updateFlagChangesFields"
"","34255","Login cookies have SameSite=Lax attribute","Regression Tests","Sun Feb 15 15:15:19 UTC 2026","passed","Sun Feb 15 15:15:53 UTC 2026","ua.kpi.sc.test.api.tests.auth.AuthCookieContractTest","Regression","ua.kpi.sc.test.api.tests.auth.AuthCookieContractTest","loginCookiesHaveSameSiteLax"
"","70","PUT /register returns 405","Regression Tests","Sun Feb 15 15:20:00 UTC 2026","passed","Sun Feb 15 15:20:00 UTC 2026","ua.kpi.sc.test.api.tests.auth.AuthRegisterTest","Regression","ua.kpi.sc.test.api.tests.auth.AuthRegisterTest","registerMethodNotAllowedPut"
"","92","Google OAuth redirect Location contains accounts.google.com","Regression Tests","Sun Feb 15 15:17:25 UTC 2026","passed","Sun Feb 15 15:17:26 UTC 2026","ua.kpi.sc.test.api.tests.auth.AuthGoogleOAuthTest","Regression","ua.kpi.sc.test.api.tests.auth.AuthGoogleOAuthTest","googleOAuthRedirectLocationContainsGoogleAccounts"
"","61273","Logout clears access_token cookie specifically with Max-Age=0","Failed suite [Regression Tests]","Sun Feb 15 15:33:22 UTC 2026","passed","Sun Feb 15 15:34:24 UTC 2026","ua.kpi.sc.test.api.tests.auth.AuthLogoutTest","Regression(failed)","ua.kpi.sc.test.api.tests.auth.AuthLogoutTest","logoutClearsAccessTokenCookieSpecifically"
"","114","Register with 128 char password returns 400 (exceeds BCrypt 72-byte limit)","Regression Tests","Sun Feb 15 15:29:48 UTC 2026","passed","Sun Feb 15 15:29:48 UTC 2026","ua.kpi.sc.test.api.tests.auth.AuthRegisterTest","Regression","ua.kpi.sc.test.api.tests.auth.AuthRegisterTest","registerWithLongPassword"
"","443","Export audit logs as CSV returns 200 with CSV content type","Regression Tests","Sun Feb 15 15:15:53 UTC 2026","passed","Sun Feb 15 15:15:54 UTC 2026","ua.kpi.sc.test.api.tests.audit.AuditTest","Regression","ua.kpi.sc.test.api.tests.audit.AuditTest","exportCsv_returns200_withCsvContentType"
"","30975","Get user by ID returns partner roles array","Regression Tests","Sun Feb 15 15:29:48 UTC 2026","passed","Sun Feb 15 15:30:19 UTC 2026","ua.kpi.sc.test.api.tests.user.UserGetByIdTest","Regression","ua.kpi.sc.test.api.tests.user.UserGetByIdTest","getUserByIdReturnsPartnerRoles"
"","47","PATCH /refresh returns 405","Regression Tests","Sun Feb 15 15:16:25 UTC 2026","passed","Sun Feb 15 15:16:25 UTC 2026","ua.kpi.sc.test.api.tests.auth.AuthRefreshTest","Regression","ua.kpi.sc.test.api.tests.auth.AuthRefreshTest","refreshMethodNotAllowedPatch"
"","64702","Login 401 does not reveal whether user exists","Regression Tests","Sun Feb 15 15:14:14 UTC 2026","passed","Sun Feb 15 15:15:19 UTC 2026","ua.kpi.sc.test.api.tests.auth.AuthLoginTest","Regression","ua.kpi.sc.test.api.tests.auth.AuthLoginTest","login401DoesNotRevealUserExistence"
"","18","Reset password with malformed JSON returns 400","Regression Tests","Sun Feb 15 15:24:38 UTC 2026","passed","Sun Feb 15 15:24:38 UTC 2026","ua.kpi.sc.test.api.tests.auth.AuthResetPasswordTest","Regression","ua.kpi.sc.test.api.tests.auth.AuthResetPasswordTest","resetPasswordWithMalformedJsonReturns400"
"","30249","Reset password 400 matches ProblemDetail schema","Failed suite [Regression Tests]","Sun Feb 15 15:38:29 UTC 2026","failed","Sun Feb 15 15:38:59 UTC 2026","ua.kpi.sc.test.api.tests.auth.AuthResetPasswordTest","Regression(failed)","ua.kpi.sc.test.api.tests.auth.AuthResetPasswordTest","resetPassword400MatchesProblemDetailSchema"
"","93","List flags response contains pagination metadata","Regression Tests","Sun Feb 15 15:30:55 UTC 2026","passed","Sun Feb 15 15:30:55 UTC 2026","ua.kpi.sc.test.api.tests.featureflag.FeatureFlagAdminTest","Regression","ua.kpi.sc.test.api.tests.featureflag.FeatureFlagAdminTest","listFlagsResponseContainsPaginationMetadata"
"","483","Update flag preserves unchanged fields","Regression Tests","Sun Feb 15 15:30:52 UTC 2026","passed","Sun Feb 15 15:30:53 UTC 2026","ua.kpi.sc.test.api.tests.featureflag.FeatureFlagLifecycleTest","Regression","ua.kpi.sc.test.api.tests.featureflag.FeatureFlagLifecycleTest","updateFlagPreservesUnchangedFields"
"","31672","Bulk toggle multiple flags and verify all","Regression Tests","Sun Feb 15 15:30:18 UTC 2026","passed","Sun Feb 15 15:30:50 UTC 2026","ua.kpi.sc.test.api.tests.featureflag.FeatureFlagLifecycleTest","Regression","ua.kpi.sc.test.api.tests.featureflag.FeatureFlagLifecycleTest","bulkToggleMultipleFlagsAndVerifyAll"
"","31932","Refresh rotates access token to a new value","Failed suite [Regression Tests]","Sun Feb 15 15:37:27 UTC 2026","passed","Sun Feb 15 15:37:59 UTC 2026","ua.kpi.sc.test.api.tests.auth.AuthRefreshTest","Regression(failed)","ua.kpi.sc.test.api.tests.auth.AuthRefreshTest","refreshRotatesAccessToken"
"","31083","Register with accented name succeeds","Failed suite [Regression Tests]","Sun Feb 15 15:36:57 UTC 2026","passed","Sun Feb 15 15:37:28 UTC 2026","ua.kpi.sc.test.api.tests.auth.AuthRegisterTest","Regression(failed)","ua.kpi.sc.test.api.tests.auth.AuthRegisterTest","registerWithAccentedNameSucceeds"
"","2485","Forgot password 400 matches ProblemDetail schema","Regression Tests","Sun Feb 15 15:15:19 UTC 2026","passed","Sun Feb 15 15:15:22 UTC 2026","ua.kpi.sc.test.api.tests.auth.AuthForgotPasswordTest","Regression","ua.kpi.sc.test.api.tests.auth.AuthForgotPasswordTest","forgotPassword400MatchesProblemDetailSchema"
"","33","Create user without auth returns 401","Regression Tests","Sun Feb 15 15:25:40 UTC 2026","passed","Sun Feb 15 15:25:40 UTC 2026","ua.kpi.sc.test.api.tests.user.UserCreateTest","Regression","ua.kpi.sc.test.api.tests.user.UserCreateTest","createUserWithoutAuthReturns401"
"","62185","List users contains registered user","Regression Tests","Sun Feb 15 15:28:15 UTC 2026","passed","Sun Feb 15 15:29:17 UTC 2026","ua.kpi.sc.test.api.tests.user.UserTest","Regression","ua.kpi.sc.test.api.tests.user.UserTest","listUsersContainsRegisteredUser"
"","117","Remove override returns 204","Regression Tests","Sun Feb 15 15:30:55 UTC 2026","passed","Sun Feb 15 15:30:56 UTC 2026","ua.kpi.sc.test.api.tests.featureflag.FeatureFlagAdminTest","Regression","ua.kpi.sc.test.api.tests.featureflag.FeatureFlagAdminTest","removeOverrideReturns204"
"","624","73-char new password returns 400","Regression Tests","Sun Feb 15 15:30:57 UTC 2026","passed","Sun Feb 15 15:30:58 UTC 2026","ua.kpi.sc.test.api.tests.user.UserChangePasswordTest","Regression","ua.kpi.sc.test.api.tests.user.UserChangePasswordTest","tooLongNewPasswordReturns400"
"","61","Reset password with empty token returns 400","Regression Tests","Sun Feb 15 15:24:08 UTC 2026","passed","Sun Feb 15 15:24:08 UTC 2026","ua.kpi.sc.test.api.tests.auth.AuthResetPasswordTest","Regression","ua.kpi.sc.test.api.tests.auth.AuthResetPasswordTest","resetPasswordWithEmptyTokenReturns400"
"","2687","No email sent for unknown user","Regression Tests","Sun Feb 15 15:21:32 UTC 2026","passed","Sun Feb 15 15:21:34 UTC 2026","ua.kpi.sc.test.api.tests.auth.AuthForgotPasswordTest","Regression","ua.kpi.sc.test.api.tests.auth.AuthForgotPasswordTest","noEmailSentForUnknownUser"
"","23","Login with null email returns 400","Regression Tests","Sun Feb 15 15:28:15 UTC 2026","passed","Sun Feb 15 15:28:15 UTC 2026","ua.kpi.sc.test.api.tests.auth.AuthLoginTest","Regression","ua.kpi.sc.test.api.tests.auth.AuthLoginTest","loginWithNullEmailReturns400"
"","30128","Google OAuth redirect Location contains response_type=code","Regression Tests","Sun Feb 15 15:17:26 UTC 2026","failed","Sun Feb 15 15:17:56 UTC 2026","ua.kpi.sc.test.api.tests.auth.AuthGoogleOAuthTest","Regression","ua.kpi.sc.test.api.tests.auth.AuthGoogleOAuthTest","googleOAuthRedirectLocationContainsResponseTypeCode"
"","172","Forgot password with empty body returns 400","Regression Tests","Sun Feb 15 15:19:59 UTC 2026","passed","Sun Feb 15 15:19:59 UTC 2026","ua.kpi.sc.test.api.tests.auth.AuthForgotPasswordTest","Regression","ua.kpi.sc.test.api.tests.auth.AuthForgotPasswordTest","forgotPasswordWithEmptyBodyReturns400"
"","435","healthEndpointReturns200WithStatusUp","Regression Tests","Sun Feb 15 15:22:03 UTC 2026","passed","Sun Feb 15 15:22:04 UTC 2026","ua.kpi.sc.test.api.tests.smoke.HealthCheckTest","Regression","ua.kpi.sc.test.api.tests.smoke.HealthCheckTest","healthEndpointReturns200WithStatusUp"
"","71","Google OAuth callback with no params returns error","Regression Tests","Sun Feb 15 15:15:53 UTC 2026","passed","Sun Feb 15 15:15:54 UTC 2026","ua.kpi.sc.test.api.tests.auth.AuthGoogleOAuthTest","Regression","ua.kpi.sc.test.api.tests.auth.AuthGoogleOAuthTest","googleOAuthCallbackWithNoParamsReturnsError"
"","61241","Refresh then getMe with new access token returns 200 and correct email","Failed suite [Regression Tests]","Sun Feb 15 15:37:59 UTC 2026","passed","Sun Feb 15 15:39:00 UTC 2026","ua.kpi.sc.test.api.tests.auth.AuthFlowTest","Regression(failed)","ua.kpi.sc.test.api.tests.auth.AuthFlowTest","refreshThenGetMeWithNewAccessToken"
"","33838","Google OAuth callback with empty code returns error","Regression Tests","Sun Feb 15 15:14:48 UTC 2026","passed","Sun Feb 15 15:15:21 UTC 2026","ua.kpi.sc.test.api.tests.auth.AuthGoogleOAuthTest","Regression","ua.kpi.sc.test.api.tests.auth.AuthGoogleOAuthTest","googleOAuthCallbackWithEmptyCodeReturnsError"
"","31080","Refresh cookies have SameSite=Lax attribute","Regression Tests","Sun Feb 15 15:19:28 UTC 2026","passed","Sun Feb 15 15:19:59 UTC 2026","ua.kpi.sc.test.api.tests.auth.AuthCookieContractTest","Regression","ua.kpi.sc.test.api.tests.auth.AuthCookieContractTest","refreshCookiesHaveSameSiteLax"
"","61323","Can login with new password after change","Failed suite [Regression Tests]","Sun Feb 15 15:33:22 UTC 2026","failed","Sun Feb 15 15:34:24 UTC 2026","ua.kpi.sc.test.api.tests.user.UserChangePasswordTest","Regression(failed)","ua.kpi.sc.test.api.tests.user.UserChangePasswordTest","canLoginWithNewPassword"
"","701","Remove partner for non-existent user returns 404","Regression Tests","Sun Feb 15 15:28:45 UTC 2026","passed","Sun Feb 15 15:28:46 UTC 2026","ua.kpi.sc.test.api.tests.user.UserRemovePartnerTest","Regression","ua.kpi.sc.test.api.tests.user.UserRemovePartnerTest","removePartnerForNonExistentUserReturns404"
"","16","Create flag with key starting with number returns 400","Regression Tests","Sun Feb 15 15:30:54 UTC 2026","passed","Sun Feb 15 15:30:54 UTC 2026","ua.kpi.sc.test.api.tests.featureflag.FeatureFlagAdminTest","Regression","ua.kpi.sc.test.api.tests.featureflag.FeatureFlagAdminTest","createFlagWithKeyStartingWithNumber_returns400"
"","108","Get feature flag by ID returns correct flag","Regression Tests","Sun Feb 15 15:30:54 UTC 2026","passed","Sun Feb 15 15:30:55 UTC 2026","ua.kpi.sc.test.api.tests.featureflag.FeatureFlagAdminTest","Regression","ua.kpi.sc.test.api.tests.featureflag.FeatureFlagAdminTest","getFlagByIdReturnsCorrectFlag"
"","34739","Concurrent forgot-password requests all return 204","Regression Tests","Sun Feb 15 15:14:14 UTC 2026","passed","Sun Feb 15 15:14:49 UTC 2026","ua.kpi.sc.test.api.tests.auth.AuthPasswordResetFlowTest","Regression","ua.kpi.sc.test.api.tests.auth.AuthPasswordResetFlowTest","concurrentForgotPasswordRequestsAllReturn204"
"","30255","Login with non-existent email returns 401","Regression Tests","Sun Feb 15 15:16:55 UTC 2026","failed","Sun Feb 15 15:17:25 UTC 2026","ua.kpi.sc.test.api.tests.auth.AuthLoginTest","Regression","ua.kpi.sc.test.api.tests.auth.AuthLoginTest","loginNonExistentEmailReturns401"
"","30972","Register cookies have positive Max-Age","Regression Tests","Sun Feb 15 15:21:01 UTC 2026","passed","Sun Feb 15 15:21:32 UTC 2026","ua.kpi.sc.test.api.tests.auth.AuthCookieContractTest","Regression","ua.kpi.sc.test.api.tests.auth.AuthCookieContractTest","registerCookiesHavePositiveMaxAge"
"","87","PATCH /register returns 405","Regression Tests","Sun Feb 15 15:20:00 UTC 2026","passed","Sun Feb 15 15:20:00 UTC 2026","ua.kpi.sc.test.api.tests.auth.AuthRegisterTest","Regression","ua.kpi.sc.test.api.tests.auth.AuthRegisterTest","registerMethodNotAllowedPatch"
"","31853","Register cookies have Path=/","Regression Tests","Sun Feb 15 15:20:29 UTC 2026","passed","Sun Feb 15 15:21:01 UTC 2026","ua.kpi.sc.test.api.tests.auth.AuthCookieContractTest","Regression","ua.kpi.sc.test.api.tests.auth.AuthCookieContractTest","registerCookiesHavePathSlash"
"","132","Assign to non-existent user returns 404","Regression Tests","Sun Feb 15 15:29:48 UTC 2026","passed","Sun Feb 15 15:29:48 UTC 2026","ua.kpi.sc.test.api.tests.user.UserAssignPartnerTest","Regression","ua.kpi.sc.test.api.tests.user.UserAssignPartnerTest","assignToNonExistentUserReturns404"
"","32112","Malformed JSON returns 400","Regression Tests","Sun Feb 15 15:30:19 UTC 2026","passed","Sun Feb 15 15:30:51 UTC 2026","ua.kpi.sc.test.api.tests.user.UserChangePasswordTest","Regression","ua.kpi.sc.test.api.tests.user.UserChangePasswordTest","malformedJsonReturns400"
"","61743","Access token may still be valid for /me after logout (stateless JWT)","Regression Tests","Sun Feb 15 15:18:57 UTC 2026","passed","Sun Feb 15 15:19:59 UTC 2026","ua.kpi.sc.test.api.tests.auth.AuthLogoutTest","Regression","ua.kpi.sc.test.api.tests.auth.AuthLogoutTest","logoutAccessTokenStillValidForMe"
"","31143","GET /me with access_token cookie succeeds","Regression Tests","Sun Feb 15 15:25:40 UTC 2026","passed","Sun Feb 15 15:26:11 UTC 2026","ua.kpi.sc.test.api.tests.auth.AuthMeTest","Regression","ua.kpi.sc.test.api.tests.auth.AuthMeTest","meWithAccessTokenCookieSucceeds"
"","31181","Refresh returns same user data as registration","Regression Tests","Sun Feb 15 15:19:28 UTC 2026","passed","Sun Feb 15 15:19:59 UTC 2026","ua.kpi.sc.test.api.tests.auth.AuthRefreshTest","Regression","ua.kpi.sc.test.api.tests.auth.AuthRefreshTest","refreshReturnsSameUserData"
"","91178","Register -> login -> refresh -> logout -> refresh with old token returns 401","Failed suite [Regression Tests]","Sun Feb 15 15:34:55 UTC 2026","failed","Sun Feb 15 15:36:26 UTC 2026","ua.kpi.sc.test.api.tests.auth.AuthFlowTest","Regression(failed)","ua.kpi.sc.test.api.tests.auth.AuthFlowTest","fullLoginRefreshLogoutFlow"
"","812","Create user with short password returns 400","Failed suite [Regression Tests]","Sun Feb 15 15:37:27 UTC 2026","passed","Sun Feb 15 15:37:28 UTC 2026","ua.kpi.sc.test.api.tests.user.UserCreateTest","Regression(failed)","ua.kpi.sc.test.api.tests.user.UserCreateTest","createUserShortPasswordReturns400"
"","79","PUT /users/me returns 405","Regression Tests","Sun Feb 15 15:27:44 UTC 2026","passed","Sun Feb 15 15:27:44 UTC 2026","ua.kpi.sc.test.api.tests.user.UserSelfUpdateTest","Regression","ua.kpi.sc.test.api.tests.user.UserSelfUpdateTest","putMeReturns405"
"","91040","Register -> refresh -> getMe with new token: email matches","Regression Tests","Sun Feb 15 15:17:57 UTC 2026","failed","Sun Feb 15 15:19:28 UTC 2026","ua.kpi.sc.test.api.tests.auth.AuthFlowTest","Regression","ua.kpi.sc.test.api.tests.auth.AuthFlowTest","fullRegistrationRefreshMeFlow"
"","139","GET /me with empty Bearer token returns 401","Regression Tests","Sun Feb 15 15:26:11 UTC 2026","passed","Sun Feb 15 15:26:12 UTC 2026","ua.kpi.sc.test.api.tests.auth.AuthMeTest","Regression","ua.kpi.sc.test.api.tests.auth.AuthMeTest","meWithEmptyBearerTokenReturns401"
"","31028","Register with hyphenated name succeeds","Regression Tests","Sun Feb 15 15:29:16 UTC 2026","passed","Sun Feb 15 15:29:48 UTC 2026","ua.kpi.sc.test.api.tests.auth.AuthRegisterTest","Regression","ua.kpi.sc.test.api.tests.auth.AuthRegisterTest","registerWithHyphenatedNameSucceeds"
"","30581","Assign partner with each level succeeds","Failed suite [Regression Tests]","Sun Feb 15 15:32:21 UTC 2026","failed","Sun Feb 15 15:32:51 UTC 2026","ua.kpi.sc.test.api.tests.user.UserAssignPartnerTest","Regression(failed)","ua.kpi.sc.test.api.tests.user.UserAssignPartnerTest","assignPartnerEachLevel"
"","92651","Reset then forgot-password again (second cycle works)","Failed suite [Regression Tests]","Sun Feb 15 15:34:13 UTC 2026","broken","Sun Feb 15 15:35:46 UTC 2026","ua.kpi.sc.test.api.tests.auth.AuthPasswordResetFlowTest","Regression(failed)","ua.kpi.sc.test.api.tests.auth.AuthPasswordResetFlowTest","resetThenForgotPasswordSecondCycleWorks"
"","243","Evaluate single disabled flag returns false","Regression Tests","Sun Feb 15 15:30:51 UTC 2026","passed","Sun Feb 15 15:30:51 UTC 2026","ua.kpi.sc.test.api.tests.featureflag.FeatureFlagEvaluationTest","Regression","ua.kpi.sc.test.api.tests.featureflag.FeatureFlagEvaluationTest","evaluateSingleDisabledFlagReturnsFalse"
"","45","Register with SQL injection in firstName is rejected","Regression Tests","Sun Feb 15 15:30:51 UTC 2026","passed","Sun Feb 15 15:30:51 UTC 2026","ua.kpi.sc.test.api.tests.auth.AuthRegisterTest","Regression","ua.kpi.sc.test.api.tests.auth.AuthRegisterTest","registerWithSqlInjectionInFirstName"
"","316","Search with no match returns empty content","Regression Tests","Sun Feb 15 15:29:48 UTC 2026","passed","Sun Feb 15 15:29:48 UTC 2026","ua.kpi.sc.test.api.tests.user.UserSearchFilterTest","Regression","ua.kpi.sc.test.api.tests.user.UserSearchFilterTest","searchNoMatchReturnsEmpty"
"","131","Login with empty JSON object returns 400","Regression Tests","Sun Feb 15 15:27:13 UTC 2026","passed","Sun Feb 15 15:27:13 UTC 2026","ua.kpi.sc.test.api.tests.auth.AuthLoginTest","Regression","ua.kpi.sc.test.api.tests.auth.AuthLoginTest","loginWithEmptyJsonObjectReturns400"
"","30080","Evaluate all flags returns map (authenticated)","Regression Tests","Sun Feb 15 15:30:20 UTC 2026","passed","Sun Feb 15 15:30:50 UTC 2026","ua.kpi.sc.test.api.tests.featureflag.FeatureFlagEvaluationTest","Regression","ua.kpi.sc.test.api.tests.featureflag.FeatureFlagEvaluationTest","evaluateAllAuthenticatedReturnsMap"
"","28","Reset password with short password (7 chars) returns 400","Regression Tests","Sun Feb 15 15:26:00 UTC 2026","passed","Sun Feb 15 15:26:00 UTC 2026","ua.kpi.sc.test.api.tests.auth.AuthResetPasswordTest","Regression","ua.kpi.sc.test.api.tests.auth.AuthResetPasswordTest","resetPasswordWithShortPasswordReturns400"
"","30714","Get user without auth returns 401","Regression Tests","Sun Feb 15 15:30:19 UTC 2026","passed","Sun Feb 15 15:30:50 UTC 2026","ua.kpi.sc.test.api.tests.user.UserGetByIdTest","Regression","ua.kpi.sc.test.api.tests.user.UserGetByIdTest","getUserWithoutAuthReturns401"
"","31036","Google OAuth callback with invalid code returns error redirect","Regression Tests","Sun Feb 15 15:15:22 UTC 2026","passed","Sun Feb 15 15:15:53 UTC 2026","ua.kpi.sc.test.api.tests.auth.AuthGoogleOAuthTest","Regression","ua.kpi.sc.test.api.tests.auth.AuthGoogleOAuthTest","googleOAuthCallbackWithInvalidCodeReturnsError"
"","13","Create flag with key containing uppercase returns 400","Regression Tests","Sun Feb 15 15:30:54 UTC 2026","passed","Sun Feb 15 15:30:54 UTC 2026","ua.kpi.sc.test.api.tests.featureflag.FeatureFlagAdminTest","Regression","ua.kpi.sc.test.api.tests.featureflag.FeatureFlagAdminTest","createFlagWithKeyContainingUppercase_returns400"
"","130","Reset password with too-long password (73 chars) returns 400","Regression Tests","Sun Feb 15 15:26:11 UTC 2026","passed","Sun Feb 15 15:26:11 UTC 2026","ua.kpi.sc.test.api.tests.auth.AuthResetPasswordTest","Regression","ua.kpi.sc.test.api.tests.auth.AuthResetPasswordTest","resetPasswordWithTooLongPasswordReturns400"
"","11023","Reset password with SQL injection in token is rejected","Regression Tests","Sun Feb 15 15:26:00 UTC 2026","passed","Sun Feb 15 15:26:11 UTC 2026","ua.kpi.sc.test.api.tests.auth.AuthResetPasswordTest","Regression","ua.kpi.sc.test.api.tests.auth.AuthResetPasswordTest","resetPasswordWithSqlInjectionInTokenReturns400"
"","153","PATCH /users/{id}/status for non-existent user returns 404","Regression Tests","Sun Feb 15 15:27:44 UTC 2026","passed","Sun Feb 15 15:27:44 UTC 2026","ua.kpi.sc.test.api.tests.user.UserUpdateStatusTest","Regression","ua.kpi.sc.test.api.tests.user.UserUpdateStatusTest","updateStatusForNonExistentUserReturns404"
"","957","Update self profile returns 200","Regression Tests","Sun Feb 15 15:28:45 UTC 2026","passed","Sun Feb 15 15:28:46 UTC 2026","ua.kpi.sc.test.api.tests.user.UserSelfUpdateTest","Regression","ua.kpi.sc.test.api.tests.user.UserSelfUpdateTest","updateSelfReturns200"
"","385","GET /refresh returns 405","Regression Tests","Sun Feb 15 15:16:24 UTC 2026","passed","Sun Feb 15 15:16:25 UTC 2026","ua.kpi.sc.test.api.tests.auth.AuthRefreshTest","Regression","ua.kpi.sc.test.api.tests.auth.AuthRefreshTest","refreshMethodNotAllowedGet"
"","326","Create flag with all fields and verify persistence","Regression Tests","Sun Feb 15 15:30:50 UTC 2026","passed","Sun Feb 15 15:30:51 UTC 2026","ua.kpi.sc.test.api.tests.featureflag.FeatureFlagLifecycleTest","Regression","ua.kpi.sc.test.api.tests.featureflag.FeatureFlagLifecycleTest","createFlagWithAllFieldsAndVerifyPersistence"
"","255","Evaluate with percentage rollout returns deterministic result","Regression Tests","Sun Feb 15 15:30:52 UTC 2026","passed","Sun Feb 15 15:30:52 UTC 2026","ua.kpi.sc.test.api.tests.featureflag.FeatureFlagEvaluationTest","Regression","ua.kpi.sc.test.api.tests.featureflag.FeatureFlagEvaluationTest","evaluateWithPercentageRollout_deterministicResult"
"","100","Evaluate single unauthenticated returns global default","Regression Tests","Sun Feb 15 15:30:52 UTC 2026","passed","Sun Feb 15 15:30:52 UTC 2026","ua.kpi.sc.test.api.tests.featureflag.FeatureFlagEvaluationTest","Regression","ua.kpi.sc.test.api.tests.featureflag.FeatureFlagEvaluationTest","evaluateSingleUnauthenticated_returnsGlobalDefault"
"","62011","Filter by active status returns matching","Failed suite [Regression Tests]","Sun Feb 15 15:32:21 UTC 2026","passed","Sun Feb 15 15:33:23 UTC 2026","ua.kpi.sc.test.api.tests.user.UserSearchFilterTest","Regression(failed)","ua.kpi.sc.test.api.tests.user.UserSearchFilterTest","filterByActiveStatus"
"","957","POST /me 405 matches ProblemDetail schema","Failed suite [Regression Tests]","Sun Feb 15 15:39:00 UTC 2026","passed","Sun Feb 15 15:39:01 UTC 2026","ua.kpi.sc.test.api.tests.auth.AuthMeTest","Regression(failed)","ua.kpi.sc.test.api.tests.auth.AuthMeTest","me405MatchesProblemDetailSchema"
"","277","Register with plain text content type returns 415","Regression Tests","Sun Feb 15 15:30:19 UTC 2026","passed","Sun Feb 15 15:30:20 UTC 2026","ua.kpi.sc.test.api.tests.auth.AuthRegisterTest","Regression","ua.kpi.sc.test.api.tests.auth.AuthRegisterTest","registerWithPlainTextReturns415"
"","60454","Login returns different access tokens each time","Failed suite [Regression Tests]","Sun Feb 15 15:34:55 UTC 2026","failed","Sun Feb 15 15:35:56 UTC 2026","ua.kpi.sc.test.api.tests.auth.AuthLoginTest","Regression(failed)","ua.kpi.sc.test.api.tests.auth.AuthLoginTest","loginReturnsDifferentTokensEachTime"
"","139","PATCH /login returns 405","Regression Tests","Sun Feb 15 15:15:23 UTC 2026","passed","Sun Feb 15 15:15:23 UTC 2026","ua.kpi.sc.test.api.tests.auth.AuthLoginTest","Regression","ua.kpi.sc.test.api.tests.auth.AuthLoginTest","loginMethodNotAllowedPatch"
"","49","GET /me with malformed Bearer token returns 401","Regression Tests","Sun Feb 15 15:26:12 UTC 2026","passed","Sun Feb 15 15:26:12 UTC 2026","ua.kpi.sc.test.api.tests.auth.AuthMeTest","Regression","ua.kpi.sc.test.api.tests.auth.AuthMeTest","meWithMalformedBearerTokenReturns401"
"","81381","Forgot password email contains reset link with token","Failed suite [Regression Tests]","Sun Feb 15 15:33:53 UTC 2026","broken","Sun Feb 15 15:35:15 UTC 2026","ua.kpi.sc.test.api.tests.auth.AuthForgotPasswordTest","Regression(failed)","ua.kpi.sc.test.api.tests.auth.AuthForgotPasswordTest","forgotPasswordEmailContainsResetToken"
"","405","Evaluate unauthenticated returns global defaults only","Regression Tests","Sun Feb 15 15:30:50 UTC 2026","passed","Sun Feb 15 15:30:51 UTC 2026","ua.kpi.sc.test.api.tests.featureflag.FeatureFlagEvaluationTest","Regression","ua.kpi.sc.test.api.tests.featureflag.FeatureFlagEvaluationTest","evaluateAllUnauthenticated_returnsGlobalDefaults"
"","67135","Register user A and user B -> getMe returns different ids and emails","Regression Tests","Sun Feb 15 15:14:14 UTC 2026","passed","Sun Feb 15 15:15:22 UTC 2026","ua.kpi.sc.test.api.tests.auth.AuthFlowTest","Regression","ua.kpi.sc.test.api.tests.auth.AuthFlowTest","concurrentRegistrationsDifferentUsers"
"","61382","Refresh tokens are user-specific and return correct user data","Failed suite [Regression Tests]","Sun Feb 15 15:33:22 UTC 2026","failed","Sun Feb 15 15:34:24 UTC 2026","ua.kpi.sc.test.api.tests.auth.AuthRefreshTest","Regression(failed)","ua.kpi.sc.test.api.tests.auth.AuthRefreshTest","refreshFromDifferentUserTokenFails"
"","30141","Reset password with XSS in token returns 400","Failed suite [Regression Tests]","Sun Feb 15 15:31:19 UTC 2026","failed","Sun Feb 15 15:31:50 UTC 2026","ua.kpi.sc.test.api.tests.auth.AuthResetPasswordTest","Regression(failed)","ua.kpi.sc.test.api.tests.auth.AuthResetPasswordTest","resetPasswordWithXssInTokenReturns400"
"","30163","Register with Arabic name succeeds","Regression Tests","Sun Feb 15 15:26:42 UTC 2026","failed","Sun Feb 15 15:27:13 UTC 2026","ua.kpi.sc.test.api.tests.auth.AuthRegisterTest","Regression","ua.kpi.sc.test.api.tests.auth.AuthRegisterTest","registerWithArabicNameSucceeds"
"","32","Forgot password with SQL injection in email is rejected with 400","Regression Tests","Sun Feb 15 15:20:00 UTC 2026","passed","Sun Feb 15 15:20:00 UTC 2026","ua.kpi.sc.test.api.tests.auth.AuthForgotPasswordTest","Regression","ua.kpi.sc.test.api.tests.auth.AuthForgotPasswordTest","forgotPasswordWithSqlInjectionReturns400"
"","30066","Audit logs pagination works correctly","Regression Tests","Sun Feb 15 15:17:57 UTC 2026","passed","Sun Feb 15 15:18:27 UTC 2026","ua.kpi.sc.test.api.tests.audit.AuditTest","Regression","ua.kpi.sc.test.api.tests.audit.AuditTest","pagination_worksCorrectly"
"","142","Delete non-existent user returns 404","Regression Tests","Sun Feb 15 15:29:48 UTC 2026","passed","Sun Feb 15 15:29:48 UTC 2026","ua.kpi.sc.test.api.tests.user.UserDeleteTest","Regression","ua.kpi.sc.test.api.tests.user.UserDeleteTest","deleteNonExistentUserReturns404"
"","1710","Get audit stats returns 200 with expected shape","Failed suite [Regression Tests]","Sun Feb 15 15:31:50 UTC 2026","passed","Sun Feb 15 15:31:52 UTC 2026","ua.kpi.sc.test.api.tests.audit.AuditTest","Regression(failed)","ua.kpi.sc.test.api.tests.audit.AuditTest","getStats_returns200_withExpectedShape"
"","31475","GET /me response Content-Type is application/json","Regression Tests","Sun Feb 15 15:19:59 UTC 2026","passed","Sun Feb 15 15:20:30 UTC 2026","ua.kpi.sc.test.api.tests.auth.AuthMeTest","Regression","ua.kpi.sc.test.api.tests.auth.AuthMeTest","meResponseContentTypeIsJson"
"","31765","PATCH /users/{id} with valid data returns 200 with updated fields","Regression Tests","Sun Feb 15 15:30:18 UTC 2026","passed","Sun Feb 15 15:30:50 UTC 2026","ua.kpi.sc.test.api.tests.user.UserUpdateProfileTest","Regression","ua.kpi.sc.test.api.tests.user.UserUpdateProfileTest","updateUserWithValidData"
"","186","Override appears in flag detail","Regression Tests","Sun Feb 15 15:30:55 UTC 2026","passed","Sun Feb 15 15:30:55 UTC 2026","ua.kpi.sc.test.api.tests.featureflag.FeatureFlagAdminTest","Regression","ua.kpi.sc.test.api.tests.featureflag.FeatureFlagAdminTest","overrideAppearsInFlagDetail"
"","122361","Register -> login -> refresh with login refresh token returns 200 with user data","Failed suite [Regression Tests]","Sun Feb 15 15:32:52 UTC 2026","failed","Sun Feb 15 15:34:55 UTC 2026","ua.kpi.sc.test.api.tests.auth.AuthFlowTest","Regression(failed)","ua.kpi.sc.test.api.tests.auth.AuthFlowTest","refreshAfterLoginUsesLoginRefreshToken"
"","30695","Register with dotted name succeeds","Failed suite [Regression Tests]","Sun Feb 15 15:36:26 UTC 2026","passed","Sun Feb 15 15:36:57 UTC 2026","ua.kpi.sc.test.api.tests.auth.AuthRegisterTest","Regression(failed)","ua.kpi.sc.test.api.tests.auth.AuthRegisterTest","registerWithDottedNameSucceeds"
"","467","Create user with blank names returns 400","Regression Tests","Sun Feb 15 15:22:03 UTC 2026","passed","Sun Feb 15 15:22:04 UTC 2026","ua.kpi.sc.test.api.tests.user.UserCreateTest","Regression","ua.kpi.sc.test.api.tests.user.UserCreateTest","createUserBlankNamesReturns400"
"","61591","Refresh token rotates tokens and returns user data","Failed suite [Regression Tests]","Sun Feb 15 15:31:51 UTC 2026","passed","Sun Feb 15 15:32:52 UTC 2026","ua.kpi.sc.test.api.tests.auth.AuthRefreshTest","Regression(failed)","ua.kpi.sc.test.api.tests.auth.AuthRefreshTest","refreshTokenReturnsNewToken"
"","198","Register 400 matches ProblemDetail schema","Regression Tests","Sun Feb 15 15:21:32 UTC 2026","passed","Sun Feb 15 15:21:32 UTC 2026","ua.kpi.sc.test.api.tests.auth.AuthRegisterTest","Regression","ua.kpi.sc.test.api.tests.auth.AuthRegisterTest","registerProblemDetailSchemaOn400"
"","30932","Login response Content-Type is application/json","Regression Tests","Sun Feb 15 15:17:26 UTC 2026","failed","Sun Feb 15 15:17:57 UTC 2026","ua.kpi.sc.test.api.tests.auth.AuthLoginTest","Regression","ua.kpi.sc.test.api.tests.auth.AuthLoginTest","loginResponseContentTypeIsJson"
"","353","Audit logs empty page returns empty content","Regression Tests","Sun Feb 15 15:17:57 UTC 2026","passed","Sun Feb 15 15:17:57 UTC 2026","ua.kpi.sc.test.api.tests.audit.AuditTest","Regression","ua.kpi.sc.test.api.tests.audit.AuditTest","pagination_emptyPage_returnsEmptyContent"
"","639","Add user override appears in flag detail","Regression Tests","Sun Feb 15 15:30:50 UTC 2026","passed","Sun Feb 15 15:30:51 UTC 2026","ua.kpi.sc.test.api.tests.featureflag.FeatureFlagAdminTest","Regression","ua.kpi.sc.test.api.tests.featureflag.FeatureFlagAdminTest","addUserOverrideAppearsInFlagDetail"
"","944","Login returns capabilityTier that is not null and >= 0","Failed suite [Regression Tests]","Sun Feb 15 15:39:02 UTC 2026","passed","Sun Feb 15 15:39:03 UTC 2026","ua.kpi.sc.test.api.tests.auth.AuthLoginTest","Regression(failed)","ua.kpi.sc.test.api.tests.auth.AuthLoginTest","loginReturnsCapabilityTier"
"","779","Google OAuth redirect Location contains state parameter","Failed suite [Regression Tests]","Sun Feb 15 15:37:27 UTC 2026","passed","Sun Feb 15 15:37:28 UTC 2026","ua.kpi.sc.test.api.tests.auth.AuthGoogleOAuthTest","Regression(failed)","ua.kpi.sc.test.api.tests.auth.AuthGoogleOAuthTest","googleOAuthRedirectLocationContainsState"
"","30073","PATCH /logout returns 405","Regression Tests","Sun Feb 15 15:25:40 UTC 2026","failed","Sun Feb 15 15:26:11 UTC 2026","ua.kpi.sc.test.api.tests.auth.AuthLogoutTest","Regression","ua.kpi.sc.test.api.tests.auth.AuthLogoutTest","logoutMethodNotAllowedPatch"
"","30851","Register sets HttpOnly cookies","Regression Tests","Sun Feb 15 15:25:09 UTC 2026","passed","Sun Feb 15 15:25:40 UTC 2026","ua.kpi.sc.test.api.tests.auth.AuthRegisterTest","Regression","ua.kpi.sc.test.api.tests.auth.AuthRegisterTest","registerSetsHttpOnlyCookies"
"","31054","Register new user returns 201 with cookies and user data","Failed suite [Regression Tests]","Sun Feb 15 15:38:29 UTC 2026","passed","Sun Feb 15 15:39:00 UTC 2026","ua.kpi.sc.test.api.tests.auth.AuthRegisterTest","Regression(failed)","ua.kpi.sc.test.api.tests.auth.AuthRegisterTest","registerNewUser"
"","114","Remove tier override disappears from flag detail","Regression Tests","Sun Feb 15 15:30:56 UTC 2026","passed","Sun Feb 15 15:30:56 UTC 2026","ua.kpi.sc.test.api.tests.featureflag.FeatureFlagAdminTest","Regression","ua.kpi.sc.test.api.tests.featureflag.FeatureFlagAdminTest","removeTierOverrideDisappearsFromFlagDetail"
"","815","Refresh with expired/garbage JWT returns 401","Regression Tests","Sun Feb 15 15:25:09 UTC 2026","passed","Sun Feb 15 15:25:10 UTC 2026","ua.kpi.sc.test.api.tests.auth.AuthRefreshTest","Regression","ua.kpi.sc.test.api.tests.auth.AuthRefreshTest","refreshWithExpiredRefreshTokenReturns401"
"","31186","Error redirect points to frontend URL","Regression Tests","Sun Feb 15 15:16:24 UTC 2026","passed","Sun Feb 15 15:16:55 UTC 2026","ua.kpi.sc.test.api.tests.auth.AuthGoogleOAuthTest","Regression","ua.kpi.sc.test.api.tests.auth.AuthGoogleOAuthTest","googleOAuthErrorRedirectPointsToFrontend"
"","123743","Reset password with valid token returns 204","Regression Tests","Sun Feb 15 15:26:11 UTC 2026","passed","Sun Feb 15 15:28:15 UTC 2026","ua.kpi.sc.test.api.tests.auth.AuthResetPasswordTest","Regression","ua.kpi.sc.test.api.tests.auth.AuthResetPasswordTest","resetPasswordWithValidTokenReturns204"
"","60","Register with null password returns 400","Regression Tests","Sun Feb 15 15:29:48 UTC 2026","passed","Sun Feb 15 15:29:49 UTC 2026","ua.kpi.sc.test.api.tests.auth.AuthRegisterTest","Regression","ua.kpi.sc.test.api.tests.auth.AuthRegisterTest","registerWithNullPasswordReturns400"
"","107","Create flag generates audit entry in centralized audit","Regression Tests","Sun Feb 15 15:30:53 UTC 2026","passed","Sun Feb 15 15:30:53 UTC 2026","ua.kpi.sc.test.api.tests.featureflag.FeatureFlagAdminTest","Regression","ua.kpi.sc.test.api.tests.featureflag.FeatureFlagAdminTest","createFlagGeneratesAuditEntry"
"","788","POST /me returns 405","Failed suite [Regression Tests]","Sun Feb 15 15:39:03 UTC 2026","passed","Sun Feb 15 15:39:03 UTC 2026","ua.kpi.sc.test.api.tests.auth.AuthMeTest","Regression(failed)","ua.kpi.sc.test.api.tests.auth.AuthMeTest","meMethodNotAllowedPost"
"","30927","Register response matches auth-user-response schema","Failed suite [Regression Tests]","Sun Feb 15 15:37:58 UTC 2026","passed","Sun Feb 15 15:38:29 UTC 2026","ua.kpi.sc.test.api.tests.auth.AuthRegisterTest","Regression(failed)","ua.kpi.sc.test.api.tests.auth.AuthRegisterTest","registerResponseMatchesSchema"
"","438","DELETE /refresh returns 405","Regression Tests","Sun Feb 15 15:16:24 UTC 2026","passed","Sun Feb 15 15:16:24 UTC 2026","ua.kpi.sc.test.api.tests.auth.AuthRefreshTest","Regression","ua.kpi.sc.test.api.tests.auth.AuthRefreshTest","refreshMethodNotAllowedDelete"
"","106","GET /register 405 matches ProblemDetail schema","Regression Tests","Sun Feb 15 15:19:28 UTC 2026","passed","Sun Feb 15 15:19:28 UTC 2026","ua.kpi.sc.test.api.tests.auth.AuthRegisterTest","Regression","ua.kpi.sc.test.api.tests.auth.AuthRegisterTest","register405MatchesProblemDetailSchema"
"","126366","Cannot login with old password after change","Failed suite [Regression Tests]","Sun Feb 15 15:31:16 UTC 2026","passed","Sun Feb 15 15:33:22 UTC 2026","ua.kpi.sc.test.api.tests.user.UserChangePasswordTest","Regression(failed)","ua.kpi.sc.test.api.tests.user.UserChangePasswordTest","cannotLoginWithOldPassword"
"","61791","PATCH /users/{id}/status to reactivate returns 200 with active=true","Regression Tests","Sun Feb 15 15:26:42 UTC 2026","passed","Sun Feb 15 15:27:44 UTC 2026","ua.kpi.sc.test.api.tests.user.UserUpdateStatusTest","Regression","ua.kpi.sc.test.api.tests.user.UserUpdateStatusTest","reactivateUserReturns200"
"","0","baseBeforeMethod","Failed suite [Regression Tests]","Sun Feb 15 15:34:24 UTC 2026","broken","Sun Feb 15 15:34:24 UTC 2026","ua.kpi.sc.test.api.tests.user.UserSelfUpdateTest","Regression(failed)","ua.kpi.sc.test.api.tests.user.UserSelfUpdateTest","baseBeforeMethod"
"","365","Reset password with empty new password returns 400","Regression Tests","Sun Feb 15 15:24:08 UTC 2026","passed","Sun Feb 15 15:24:08 UTC 2026","ua.kpi.sc.test.api.tests.auth.AuthResetPasswordTest","Regression","ua.kpi.sc.test.api.tests.auth.AuthResetPasswordTest","resetPasswordWithEmptyPasswordReturns400"
"","292","Basic user cannot export audit CSV — returns 403","Regression Tests","Sun Feb 15 15:15:19 UTC 2026","passed","Sun Feb 15 15:15:20 UTC 2026","ua.kpi.sc.test.api.tests.audit.AuditTest","Regression","ua.kpi.sc.test.api.tests.audit.AuditTest","basicUserCannotExportCsv_returns403"
"","30231","Google OAuth callback with SQL injection in code returns error","Regression Tests","Sun Feb 15 15:15:54 UTC 2026","passed","Sun Feb 15 15:16:24 UTC 2026","ua.kpi.sc.test.api.tests.auth.AuthGoogleOAuthTest","Regression","ua.kpi.sc.test.api.tests.auth.AuthGoogleOAuthTest","googleOAuthCallbackWithSqlInjectionReturnsError"
"","544","Evaluate all returns correct boolean values","Regression Tests","Sun Feb 15 15:30:50 UTC 2026","passed","Sun Feb 15 15:30:50 UTC 2026","ua.kpi.sc.test.api.tests.featureflag.FeatureFlagEvaluationTest","Regression","ua.kpi.sc.test.api.tests.featureflag.FeatureFlagEvaluationTest","evaluateAllReturnsCorrectBooleanValues"
"","141","Register with empty/missing fields returns 400","Regression Tests","Sun Feb 15 15:19:59 UTC 2026","passed","Sun Feb 15 15:19:59 UTC 2026","ua.kpi.sc.test.api.tests.auth.AuthRegisterTest","Regression","ua.kpi.sc.test.api.tests.auth.AuthRegisterTest","registerEmptyFieldsReturns400"
"","31712","Get user by ID returns 200 with all fields","Regression Tests","Sun Feb 15 15:29:16 UTC 2026","passed","Sun Feb 15 15:29:48 UTC 2026","ua.kpi.sc.test.api.tests.user.UserGetByIdTest","Regression","ua.kpi.sc.test.api.tests.user.UserGetByIdTest","getUserByIdReturns200"
"","37","Create flag with negative rollout percentage returns 400","Regression Tests","Sun Feb 15 15:30:54 UTC 2026","passed","Sun Feb 15 15:30:54 UTC 2026","ua.kpi.sc.test.api.tests.featureflag.FeatureFlagAdminTest","Regression","ua.kpi.sc.test.api.tests.featureflag.FeatureFlagAdminTest","createFlagWithNegativeRolloutPercentage_returns400"
"","60728","Remove partner level returns 204","Regression Tests","Sun Feb 15 15:28:46 UTC 2026","passed","Sun Feb 15 15:29:47 UTC 2026","ua.kpi.sc.test.api.tests.user.UserRemovePartnerTest","Regression","ua.kpi.sc.test.api.tests.user.UserRemovePartnerTest","removePartnerLevelReturns204"
"","126","DELETE /oauth2/google returns 405","Regression Tests","Sun Feb 15 15:16:55 UTC 2026","passed","Sun Feb 15 15:16:55 UTC 2026","ua.kpi.sc.test.api.tests.auth.AuthGoogleOAuthTest","Regression","ua.kpi.sc.test.api.tests.auth.AuthGoogleOAuthTest","googleOAuthMethodNotAllowedDelete"
"","584","GET /login returns 405 with ProblemDetail schema","Regression Tests","Sun Feb 15 15:15:21 UTC 2026","passed","Sun Feb 15 15:15:22 UTC 2026","ua.kpi.sc.test.api.tests.auth.AuthLoginTest","Regression","ua.kpi.sc.test.api.tests.auth.AuthLoginTest","login405MatchesProblemDetailSchema"
"","31962","Logout clears refresh_token cookie specifically with Max-Age=0","Regression Tests","Sun Feb 15 15:21:01 UTC 2026","passed","Sun Feb 15 15:21:33 UTC 2026","ua.kpi.sc.test.api.tests.auth.AuthLogoutTest","Regression","ua.kpi.sc.test.api.tests.auth.AuthLogoutTest","logoutClearsRefreshTokenCookieSpecifically"
"","23","Register with null lastName returns 400","Regression Tests","Sun Feb 15 15:29:48 UTC 2026","passed","Sun Feb 15 15:29:48 UTC 2026","ua.kpi.sc.test.api.tests.auth.AuthRegisterTest","Regression","ua.kpi.sc.test.api.tests.auth.AuthRegisterTest","registerWithNullLastNameReturns400"
"","60898","PATCH /users/{id} preserves email, tier, and active status","Failed suite [Regression Tests]","Sun Feb 15 15:34:55 UTC 2026","failed","Sun Feb 15 15:35:56 UTC 2026","ua.kpi.sc.test.api.tests.user.UserUpdateProfileTest","Regression(failed)","ua.kpi.sc.test.api.tests.user.UserUpdateProfileTest","updateUserPreservesOtherFields"
"","41504","Forgot password 204 response has empty body (no JSON)","Regression Tests","Sun Feb 15 15:16:14 UTC 2026","passed","Sun Feb 15 15:16:55 UTC 2026","ua.kpi.sc.test.api.tests.auth.AuthForgotPasswordTest","Regression","ua.kpi.sc.test.api.tests.auth.AuthForgotPasswordTest","forgotPasswordResponseHasEmptyBody"
"","141","PATCH /users/{id} for non-existent user returns 404","Regression Tests","Sun Feb 15 15:29:16 UTC 2026","passed","Sun Feb 15 15:29:17 UTC 2026","ua.kpi.sc.test.api.tests.user.UserUpdateProfileTest","Regression","ua.kpi.sc.test.api.tests.user.UserUpdateProfileTest","updateNonExistentUserReturns404"
"","179","List flags with custom page size returns correct number","Regression Tests","Sun Feb 15 15:30:55 UTC 2026","passed","Sun Feb 15 15:30:55 UTC 2026","ua.kpi.sc.test.api.tests.featureflag.FeatureFlagAdminTest","Regression","ua.kpi.sc.test.api.tests.featureflag.FeatureFlagAdminTest","listFlagsWithPageSizeReturnsCorrectNumberOfItems"
"","61509","Logout is idempotent or rejects already-invalidated token","Regression Tests","Sun Feb 15 15:22:34 UTC 2026","passed","Sun Feb 15 15:23:35 UTC 2026","ua.kpi.sc.test.api.tests.auth.AuthLogoutTest","Regression","ua.kpi.sc.test.api.tests.auth.AuthLogoutTest","logoutIdempotent"
"","151","Google OAuth oauth_state cookie is HttpOnly","Regression Tests","Sun Feb 15 15:18:27 UTC 2026","passed","Sun Feb 15 15:18:27 UTC 2026","ua.kpi.sc.test.api.tests.auth.AuthGoogleOAuthTest","Regression","ua.kpi.sc.test.api.tests.auth.AuthGoogleOAuthTest","googleOAuthStateCookieIsHttpOnly"
"","71","Register with XSS in name fields is rejected with 400","Regression Tests","Sun Feb 15 15:30:53 UTC 2026","passed","Sun Feb 15 15:30:53 UTC 2026","ua.kpi.sc.test.api.tests.auth.AuthRegisterTest","Regression","ua.kpi.sc.test.api.tests.auth.AuthRegisterTest","registerWithXssInNameFields"
"","30608","Logout cookies have SameSite=Lax attribute","Regression Tests","Sun Feb 15 15:16:55 UTC 2026","passed","Sun Feb 15 15:17:26 UTC 2026","ua.kpi.sc.test.api.tests.auth.AuthCookieContractTest","Regression","ua.kpi.sc.test.api.tests.auth.AuthCookieContractTest","logoutCookiesHaveSameSiteLax"
"","267","Toggle flag and verify evaluation changes","Regression Tests","Sun Feb 15 15:30:52 UTC 2026","passed","Sun Feb 15 15:30:52 UTC 2026","ua.kpi.sc.test.api.tests.featureflag.FeatureFlagLifecycleTest","Regression","ua.kpi.sc.test.api.tests.featureflag.FeatureFlagLifecycleTest","toggleFlagAndVerifyEvaluationChanges"
"","124","Reset password with empty JSON object returns 400","Regression Tests","Sun Feb 15 15:24:07 UTC 2026","passed","Sun Feb 15 15:24:08 UTC 2026","ua.kpi.sc.test.api.tests.auth.AuthResetPasswordTest","Regression","ua.kpi.sc.test.api.tests.auth.AuthResetPasswordTest","resetPasswordWithEmptyJsonObjectReturns400"
"","61958","PUT /users/{id} returns 405 Method Not Allowed","Regression Tests","Sun Feb 15 15:28:14 UTC 2026","passed","Sun Feb 15 15:29:16 UTC 2026","ua.kpi.sc.test.api.tests.user.UserUpdateProfileTest","Regression","ua.kpi.sc.test.api.tests.user.UserUpdateProfileTest","putUserReturns405"
"","29979","Google OAuth callback without state cookie returns error redirect","Failed suite [Regression Tests]","Sun Feb 15 15:37:28 UTC 2026","passed","Sun Feb 15 15:37:58 UTC 2026","ua.kpi.sc.test.api.tests.auth.AuthGoogleOAuthTest","Regression(failed)","ua.kpi.sc.test.api.tests.auth.AuthGoogleOAuthTest","googleOAuthCallbackWithoutStateCookieReturnsError"
"","31120","PUT /logout returns 405","Regression Tests","Sun Feb 15 15:26:11 UTC 2026","passed","Sun Feb 15 15:26:42 UTC 2026","ua.kpi.sc.test.api.tests.auth.AuthLogoutTest","Regression","ua.kpi.sc.test.api.tests.auth.AuthLogoutTest","logoutMethodNotAllowedPut"
"","30733","Delete user without auth returns 401","Regression Tests","Sun Feb 15 15:30:19 UTC 2026","passed","Sun Feb 15 15:30:50 UTC 2026","ua.kpi.sc.test.api.tests.user.UserDeleteTest","Regression","ua.kpi.sc.test.api.tests.user.UserDeleteTest","deleteUserWithoutAuthReturns401"
"","30823","Logout cookies have Secure flag (may only be set over HTTPS)","Failed suite [Regression Tests]","Sun Feb 15 15:38:29 UTC 2026","passed","Sun Feb 15 15:39:00 UTC 2026","ua.kpi.sc.test.api.tests.auth.AuthCookieContractTest","Regression(failed)","ua.kpi.sc.test.api.tests.auth.AuthCookieContractTest","logoutCookiesHaveSecureFlag"
"","30987","Combined search and filter returns results","Failed suite [Regression Tests]","Sun Feb 15 15:33:23 UTC 2026","failed","Sun Feb 15 15:33:54 UTC 2026","ua.kpi.sc.test.api.tests.user.UserSearchFilterTest","Regression(failed)","ua.kpi.sc.test.api.tests.user.UserSearchFilterTest","combinedSearchAndFilter"
"","61541","GET /logout 405 matches ProblemDetail schema","Failed suite [Regression Tests]","Sun Feb 15 15:35:25 UTC 2026","passed","Sun Feb 15 15:36:27 UTC 2026","ua.kpi.sc.test.api.tests.auth.AuthLogoutTest","Regression(failed)","ua.kpi.sc.test.api.tests.auth.AuthLogoutTest","logout405MatchesProblemDetailSchema"
"","143","Reset password with whitespace-only password returns 400","Regression Tests","Sun Feb 15 15:28:15 UTC 2026","passed","Sun Feb 15 15:28:15 UTC 2026","ua.kpi.sc.test.api.tests.auth.AuthResetPasswordTest","Regression","ua.kpi.sc.test.api.tests.auth.AuthResetPasswordTest","resetPasswordWithWhitespacePasswordReturns400"
"","69","Update self without auth returns 401","Regression Tests","Sun Feb 15 15:28:46 UTC 2026","passed","Sun Feb 15 15:28:46 UTC 2026","ua.kpi.sc.test.api.tests.user.UserSelfUpdateTest","Regression","ua.kpi.sc.test.api.tests.user.UserSelfUpdateTest","updateSelfWithoutAuthReturns401"
"","396","Bulk toggle disables multiple flags","Regression Tests","Sun Feb 15 15:30:52 UTC 2026","passed","Sun Feb 15 15:30:53 UTC 2026","ua.kpi.sc.test.api.tests.featureflag.FeatureFlagAdminTest","Regression","ua.kpi.sc.test.api.tests.featureflag.FeatureFlagAdminTest","bulkToggleDisablesMultipleFlags"
"","32234","GET /me returns all required fields non-null","Regression Tests","Sun Feb 15 15:21:01 UTC 2026","passed","Sun Feb 15 15:21:33 UTC 2026","ua.kpi.sc.test.api.tests.auth.AuthMeTest","Regression","ua.kpi.sc.test.api.tests.auth.AuthMeTest","meReturnsAllRequiredFields"
"","190","Refresh 401 matches ProblemDetail schema","Regression Tests","Sun Feb 15 15:16:55 UTC 2026","passed","Sun Feb 15 15:16:55 UTC 2026","ua.kpi.sc.test.api.tests.auth.AuthRefreshTest","Regression","ua.kpi.sc.test.api.tests.auth.AuthRefreshTest","refreshProblemDetailSchemaOn401"
"","62711","Register -> login -> getMe: email matches after login","Regression Tests","Sun Feb 15 15:16:54 UTC 2026","passed","Sun Feb 15 15:17:57 UTC 2026","ua.kpi.sc.test.api.tests.auth.AuthFlowTest","Regression","ua.kpi.sc.test.api.tests.auth.AuthFlowTest","fullLoginToMeFlow"
"","127","Reset password with whitespace-only token returns 400","Regression Tests","Sun Feb 15 15:28:15 UTC 2026","passed","Sun Feb 15 15:28:15 UTC 2026","ua.kpi.sc.test.api.tests.auth.AuthResetPasswordTest","Regression","ua.kpi.sc.test.api.tests.auth.AuthResetPasswordTest","resetPasswordWithWhitespaceTokenReturns400"
"","156592","Full flow works again after a complete reset cycle","Failed suite [Regression Tests]","Sun Feb 15 15:31:16 UTC 2026","failed","Sun Feb 15 15:33:53 UTC 2026","ua.kpi.sc.test.api.tests.auth.AuthPasswordResetFlowTest","Regression(failed)","ua.kpi.sc.test.api.tests.auth.AuthPasswordResetFlowTest","fullFlowWorksAgainAfterCompleteCycle"
"","206","Evaluate single with tier override returns overridden value","Regression Tests","Sun Feb 15 15:30:52 UTC 2026","passed","Sun Feb 15 15:30:52 UTC 2026","ua.kpi.sc.test.api.tests.featureflag.FeatureFlagEvaluationTest","Regression","ua.kpi.sc.test.api.tests.featureflag.FeatureFlagEvaluationTest","evaluateSingleWithTierOverride_returnsOverriddenValue"
"","20","Create flag without auth returns 401","Regression Tests","Sun Feb 15 15:30:54 UTC 2026","passed","Sun Feb 15 15:30:54 UTC 2026","ua.kpi.sc.test.api.tests.featureflag.FeatureFlagAdminTest","Regression","ua.kpi.sc.test.api.tests.featureflag.FeatureFlagAdminTest","createFlagWithoutAuthReturns401"
"","28","Create flag with key containing spaces returns 400","Regression Tests","Sun Feb 15 15:30:54 UTC 2026","passed","Sun Feb 15 15:30:54 UTC 2026","ua.kpi.sc.test.api.tests.featureflag.FeatureFlagAdminTest","Regression","ua.kpi.sc.test.api.tests.featureflag.FeatureFlagAdminTest","createFlagWithKeyContainingSpaces_returns400"
"","68","Basic user cannot toggle flag — returns 403","Regression Tests","Sun Feb 15 15:30:52 UTC 2026","passed","Sun Feb 15 15:30:52 UTC 2026","ua.kpi.sc.test.api.tests.featureflag.FeatureFlagAdminTest","Regression","ua.kpi.sc.test.api.tests.featureflag.FeatureFlagAdminTest","basicUserCannotToggleFlag_returns403"
"","31198","Forgot password returns 204 for registered email","Regression Tests","Sun Feb 15 15:17:26 UTC 2026","passed","Sun Feb 15 15:17:57 UTC 2026","ua.kpi.sc.test.api.tests.auth.AuthForgotPasswordTest","Regression","ua.kpi.sc.test.api.tests.auth.AuthForgotPasswordTest","forgotPasswordReturns204ForRegisteredEmail"
"","73","Register validation errors contain field and message","Regression Tests","Sun Feb 15 15:25:40 UTC 2026","passed","Sun Feb 15 15:25:41 UTC 2026","ua.kpi.sc.test.api.tests.auth.AuthRegisterTest","Regression","ua.kpi.sc.test.api.tests.auth.AuthRegisterTest","registerValidationErrorsFormat"
"","32","Login with malformed JSON returns 400","Regression Tests","Sun Feb 15 15:28:15 UTC 2026","passed","Sun Feb 15 15:28:15 UTC 2026","ua.kpi.sc.test.api.tests.auth.AuthLoginTest","Regression","ua.kpi.sc.test.api.tests.auth.AuthLoginTest","loginWithMalformedJsonReturns400"
"","128","Get flag response contains overrides array","Regression Tests","Sun Feb 15 15:30:55 UTC 2026","passed","Sun Feb 15 15:30:55 UTC 2026","ua.kpi.sc.test.api.tests.featureflag.FeatureFlagAdminTest","Regression","ua.kpi.sc.test.api.tests.featureflag.FeatureFlagAdminTest","getFlagResponseContainsOverridesArray"
"","31208","Add override and verify evaluation for targeted user","Failed suite [Regression Tests]","Sun Feb 15 15:33:53 UTC 2026","failed","Sun Feb 15 15:34:24 UTC 2026","ua.kpi.sc.test.api.tests.featureflag.FeatureFlagLifecycleTest","Regression(failed)","ua.kpi.sc.test.api.tests.featureflag.FeatureFlagLifecycleTest","addOverrideAndVerifyEvaluationForTargetedUser"
"","26","Register with empty lastName returns 400","Regression Tests","Sun Feb 15 15:28:45 UTC 2026","passed","Sun Feb 15 15:28:45 UTC 2026","ua.kpi.sc.test.api.tests.auth.AuthRegisterTest","Regression","ua.kpi.sc.test.api.tests.auth.AuthRegisterTest","registerWithEmptyLastNameReturns400"
"","145","swaggerUiIsAccessible","Regression Tests","Sun Feb 15 15:21:34 UTC 2026","passed","Sun Feb 15 15:21:35 UTC 2026","ua.kpi.sc.test.api.tests.smoke.SwaggerAvailabilityTest","Regression","ua.kpi.sc.test.api.tests.smoke.SwaggerAvailabilityTest","swaggerUiIsAccessible"
"","170","PATCH /reset-password returns 405","Regression Tests","Sun Feb 15 15:19:59 UTC 2026","passed","Sun Feb 15 15:19:59 UTC 2026","ua.kpi.sc.test.api.tests.auth.AuthResetPasswordTest","Regression","ua.kpi.sc.test.api.tests.auth.AuthResetPasswordTest","resetPasswordMethodNotAllowedPatch"
"","9","Change password without auth returns 401","Regression Tests","Sun Feb 15 15:30:58 UTC 2026","passed","Sun Feb 15 15:30:58 UTC 2026","ua.kpi.sc.test.api.tests.user.UserChangePasswordTest","Regression","ua.kpi.sc.test.api.tests.user.UserChangePasswordTest","withoutAuthReturns401"
"","218","Basic user cannot access audit stats — returns 403","Regression Tests","Sun Feb 15 15:15:19 UTC 2026","passed","Sun Feb 15 15:15:19 UTC 2026","ua.kpi.sc.test.api.tests.audit.AuditTest","Regression","ua.kpi.sc.test.api.tests.audit.AuditTest","basicUserCannotAccessStats_returns403"
"","63","Toggle flag changes enabled state","Regression Tests","Sun Feb 15 15:30:56 UTC 2026","passed","Sun Feb 15 15:30:56 UTC 2026","ua.kpi.sc.test.api.tests.featureflag.FeatureFlagAdminTest","Regression","ua.kpi.sc.test.api.tests.featureflag.FeatureFlagAdminTest","toggleFlagChangesEnabledState"
"","32078","Register -> getMe: user data matches registration request","Failed suite [Regression Tests]","Sun Feb 15 15:37:27 UTC 2026","passed","Sun Feb 15 15:37:59 UTC 2026","ua.kpi.sc.test.api.tests.auth.AuthFlowTest","Regression(failed)","ua.kpi.sc.test.api.tests.auth.AuthFlowTest","fullRegistrationToMeFlow"
"","185","Login with whitespace-only email returns 400","Regression Tests","Sun Feb 15 15:28:46 UTC 2026","passed","Sun Feb 15 15:28:46 UTC 2026","ua.kpi.sc.test.api.tests.auth.AuthLoginTest","Regression","ua.kpi.sc.test.api.tests.auth.AuthLoginTest","loginWithWhitespaceEmailReturns400"
"","12473","No email sent for OAuth-only account","Failed suite [Regression Tests]","Sun Feb 15 15:35:15 UTC 2026","passed","Sun Feb 15 15:35:27 UTC 2026","ua.kpi.sc.test.api.tests.auth.AuthForgotPasswordTest","Regression(failed)","ua.kpi.sc.test.api.tests.auth.AuthForgotPasswordTest","noEmailSentForOAuthOnlyAccount"
"","19","Register with empty JSON object returns 400","Regression Tests","Sun Feb 15 15:28:45 UTC 2026","passed","Sun Feb 15 15:28:45 UTC 2026","ua.kpi.sc.test.api.tests.auth.AuthRegisterTest","Regression","ua.kpi.sc.test.api.tests.auth.AuthRegisterTest","registerWithEmptyJsonObjectReturns400"
"","29909","Get non-existent user returns 404","Regression Tests","Sun Feb 15 15:28:46 UTC 2026","passed","Sun Feb 15 15:29:16 UTC 2026","ua.kpi.sc.test.api.tests.user.UserGetByIdTest","Regression","ua.kpi.sc.test.api.tests.user.UserGetByIdTest","getNonExistentUserReturns404"
"","68","Forgot password with empty JSON object returns 400","Regression Tests","Sun Feb 15 15:19:59 UTC 2026","passed","Sun Feb 15 15:20:00 UTC 2026","ua.kpi.sc.test.api.tests.auth.AuthForgotPasswordTest","Regression","ua.kpi.sc.test.api.tests.auth.AuthForgotPasswordTest","forgotPasswordWithEmptyJsonObjectReturns400"
"","30022","Refresh with empty cookie returns 401","Failed suite [Regression Tests]","Sun Feb 15 15:37:59 UTC 2026","failed","Sun Feb 15 15:38:29 UTC 2026","ua.kpi.sc.test.api.tests.auth.AuthRefreshTest","Regression(failed)","ua.kpi.sc.test.api.tests.auth.AuthRefreshTest","refreshWithEmptyCookieReturns401"
"","21","Register with password exactly 7 chars returns 400","Regression Tests","Sun Feb 15 15:29:49 UTC 2026","passed","Sun Feb 15 15:29:49 UTC 2026","ua.kpi.sc.test.api.tests.auth.AuthRegisterTest","Regression","ua.kpi.sc.test.api.tests.auth.AuthRegisterTest","registerWithPasswordExactly7CharsReturns400"
"","31291","Refresh cookies have Secure flag (may only be set over HTTPS)","Failed suite [Regression Tests]","Sun Feb 15 15:37:58 UTC 2026","passed","Sun Feb 15 15:38:29 UTC 2026","ua.kpi.sc.test.api.tests.auth.AuthCookieContractTest","Regression(failed)","ua.kpi.sc.test.api.tests.auth.AuthCookieContractTest","refreshCookiesHaveSecureFlag"
"","163","Evaluate single enabled flag returns true","Regression Tests","Sun Feb 15 15:30:51 UTC 2026","passed","Sun Feb 15 15:30:52 UTC 2026","ua.kpi.sc.test.api.tests.featureflag.FeatureFlagEvaluationTest","Regression","ua.kpi.sc.test.api.tests.featureflag.FeatureFlagEvaluationTest","evaluateSingleEnabledFlagReturnsTrue"
"","229","Google OAuth redirect Location contains client_id parameter","Failed suite [Regression Tests]","Sun Feb 15 15:37:28 UTC 2026","passed","Sun Feb 15 15:37:28 UTC 2026","ua.kpi.sc.test.api.tests.auth.AuthGoogleOAuthTest","Regression(failed)","ua.kpi.sc.test.api.tests.auth.AuthGoogleOAuthTest","googleOAuthRedirectLocationContainsClientId"
"","92020","Logout clears token cookies with Max-Age=0","Failed suite [Regression Tests]","Sun Feb 15 15:31:50 UTC 2026","passed","Sun Feb 15 15:33:22 UTC 2026","ua.kpi.sc.test.api.tests.auth.AuthLogoutTest","Regression(failed)","ua.kpi.sc.test.api.tests.auth.AuthLogoutTest","logoutClearsTokenCookies"
"","229","Centralized audit returns cross-flag entries","Regression Tests","Sun Feb 15 15:30:51 UTC 2026","passed","Sun Feb 15 15:30:52 UTC 2026","ua.kpi.sc.test.api.tests.featureflag.FeatureFlagAdminTest","Regression","ua.kpi.sc.test.api.tests.featureflag.FeatureFlagAdminTest","allAuditLogsEndpointReturnsCrossFlag"
"","56","POST /oauth2/google returns 405","Regression Tests","Sun Feb 15 15:16:56 UTC 2026","passed","Sun Feb 15 15:16:56 UTC 2026","ua.kpi.sc.test.api.tests.auth.AuthGoogleOAuthTest","Regression","ua.kpi.sc.test.api.tests.auth.AuthGoogleOAuthTest","googleOAuthMethodNotAllowedPost"
"","0","baseBeforeMethod","Failed suite [Regression Tests]","Sun Feb 15 15:31:49 UTC 2026","broken","Sun Feb 15 15:31:49 UTC 2026","ua.kpi.sc.test.api.tests.audit.AuditTest","Regression(failed)","ua.kpi.sc.test.api.tests.audit.AuditTest","baseBeforeMethod"
"","136","Evaluate all flags returns map (unauthenticated)","Regression Tests","Sun Feb 15 15:30:50 UTC 2026","passed","Sun Feb 15 15:30:50 UTC 2026","ua.kpi.sc.test.api.tests.featureflag.FeatureFlagEvaluationTest","Regression","ua.kpi.sc.test.api.tests.featureflag.FeatureFlagEvaluationTest","evaluateAllUnauthenticatedReturnsMap"
"","3260","Forgot password returns 204 for non-existent email (enumeration prevention)","Failed suite [Regression Tests]","Sun Feb 15 15:31:16 UTC 2026","passed","Sun Feb 15 15:31:19 UTC 2026","ua.kpi.sc.test.api.tests.auth.AuthForgotPasswordTest","Regression(failed)","ua.kpi.sc.test.api.tests.auth.AuthForgotPasswordTest","forgotPasswordReturns204ForNonExistentEmail"
"","31975","Logout invalidates refresh token","Regression Tests","Sun Feb 15 15:23:35 UTC 2026","passed","Sun Feb 15 15:24:07 UTC 2026","ua.kpi.sc.test.api.tests.auth.AuthLogoutTest","Regression","ua.kpi.sc.test.api.tests.auth.AuthLogoutTest","logoutInvalidatesRefreshToken"
"","30839","Register password is not returned in response body","Regression Tests","Sun Feb 15 15:21:01 UTC 2026","passed","Sun Feb 15 15:21:32 UTC 2026","ua.kpi.sc.test.api.tests.auth.AuthRegisterTest","Regression","ua.kpi.sc.test.api.tests.auth.AuthRegisterTest","registerPasswordNotReturnedInResponse"
"","115","Register with malformed JSON returns 400","Regression Tests","Sun Feb 15 15:29:48 UTC 2026","passed","Sun Feb 15 15:29:48 UTC 2026","ua.kpi.sc.test.api.tests.auth.AuthRegisterTest","Regression","ua.kpi.sc.test.api.tests.auth.AuthRegisterTest","registerWithMalformedJsonReturns400"
"","1149","PUT /me/password returns 405","Regression Tests","Sun Feb 15 15:30:55 UTC 2026","passed","Sun Feb 15 15:30:56 UTC 2026","ua.kpi.sc.test.api.tests.user.UserChangePasswordTest","Regression","ua.kpi.sc.test.api.tests.user.UserChangePasswordTest","putMethodNotAllowed"
"","62385","Empty new password returns 400","Regression Tests","Sun Feb 15 15:29:16 UTC 2026","passed","Sun Feb 15 15:30:19 UTC 2026","ua.kpi.sc.test.api.tests.user.UserChangePasswordTest","Regression","ua.kpi.sc.test.api.tests.user.UserChangePasswordTest","emptyNewPasswordReturns400"
"","63","Create flag with invalid key returns 400","Regression Tests","Sun Feb 15 15:30:53 UTC 2026","passed","Sun Feb 15 15:30:53 UTC 2026","ua.kpi.sc.test.api.tests.featureflag.FeatureFlagAdminTest","Regression","ua.kpi.sc.test.api.tests.featureflag.FeatureFlagAdminTest","createFlagInvalidKeyReturns400"
"","30300","Audit event response matches expected schema","Regression Tests","Sun Feb 15 15:18:27 UTC 2026","passed","Sun Feb 15 15:18:58 UTC 2026","ua.kpi.sc.test.api.tests.audit.AuditTest","Regression","ua.kpi.sc.test.api.tests.audit.AuditTest","responseMatchesAuditEventSchema"
"","91005","Create user with each tier level succeeds","Failed suite [Regression Tests]","Sun Feb 15 15:35:56 UTC 2026","failed","Sun Feb 15 15:37:27 UTC 2026","ua.kpi.sc.test.api.tests.user.UserCreateTest","Regression(failed)","ua.kpi.sc.test.api.tests.user.UserCreateTest","createUserWithEachTier"
"","288","Create flag response contains all expected fields","Regression Tests","Sun Feb 15 15:30:53 UTC 2026","passed","Sun Feb 15 15:30:54 UTC 2026","ua.kpi.sc.test.api.tests.featureflag.FeatureFlagAdminTest","Regression","ua.kpi.sc.test.api.tests.featureflag.FeatureFlagAdminTest","createFlagResponseContainsAllExpectedFields"
"","1075","Login 401 matches ProblemDetail schema","Failed suite [Regression Tests]","Sun Feb 15 15:36:26 UTC 2026","passed","Sun Feb 15 15:36:27 UTC 2026","ua.kpi.sc.test.api.tests.auth.AuthLoginTest","Regression(failed)","ua.kpi.sc.test.api.tests.auth.AuthLoginTest","loginProblemDetailSchemaOn401"
"","54","List flags empty page returns empty content","Regression Tests","Sun Feb 15 15:30:55 UTC 2026","passed","Sun Feb 15 15:30:55 UTC 2026","ua.kpi.sc.test.api.tests.featureflag.FeatureFlagAdminTest","Regression","ua.kpi.sc.test.api.tests.featureflag.FeatureFlagAdminTest","listFlagsEmptyPageReturnsEmptyContent"
"","13","Register with empty email returns 400","Regression Tests","Sun Feb 15 15:28:45 UTC 2026","passed","Sun Feb 15 15:28:45 UTC 2026","ua.kpi.sc.test.api.tests.auth.AuthRegisterTest","Regression","ua.kpi.sc.test.api.tests.auth.AuthRegisterTest","registerWithEmptyEmailReturns400"
"","30085","GET /me with refresh token instead of access token returns 401","Failed suite [Regression Tests]","Sun Feb 15 15:36:26 UTC 2026","failed","Sun Feb 15 15:36:56 UTC 2026","ua.kpi.sc.test.api.tests.auth.AuthMeTest","Regression(failed)","ua.kpi.sc.test.api.tests.auth.AuthMeTest","meWithRefreshTokenReturns401"
"","91209","Change password returns 204","Failed suite [Regression Tests]","Sun Feb 15 15:35:25 UTC 2026","passed","Sun Feb 15 15:36:57 UTC 2026","ua.kpi.sc.test.api.tests.user.UserChangePasswordTest","Regression(failed)","ua.kpi.sc.test.api.tests.user.UserChangePasswordTest","changePasswordReturns204"
"","19","Reset password with null new password returns 400","Regression Tests","Sun Feb 15 15:24:38 UTC 2026","passed","Sun Feb 15 15:24:38 UTC 2026","ua.kpi.sc.test.api.tests.auth.AuthResetPasswordTest","Regression","ua.kpi.sc.test.api.tests.auth.AuthResetPasswordTest","resetPasswordWithNullPasswordReturns400"
"","80","Basic user cannot delete flag — returns 403","Regression Tests","Sun Feb 15 15:30:52 UTC 2026","passed","Sun Feb 15 15:30:52 UTC 2026","ua.kpi.sc.test.api.tests.featureflag.FeatureFlagAdminTest","Regression","ua.kpi.sc.test.api.tests.featureflag.FeatureFlagAdminTest","basicUserCannotDeleteFlag_returns403"
"","33119","GET /logout returns 405","Failed suite [Regression Tests]","Sun Feb 15 15:31:16 UTC 2026","failed","Sun Feb 15 15:31:49 UTC 2026","ua.kpi.sc.test.api.tests.auth.AuthLogoutTest","Regression(failed)","ua.kpi.sc.test.api.tests.auth.AuthLogoutTest","logoutMethodNotAllowedGet"
"","117","PUT /refresh returns 405","Regression Tests","Sun Feb 15 15:16:25 UTC 2026","passed","Sun Feb 15 15:16:25 UTC 2026","ua.kpi.sc.test.api.tests.auth.AuthRefreshTest","Regression","ua.kpi.sc.test.api.tests.auth.AuthRefreshTest","refreshMethodNotAllowedPut"
"","60580","Forgot password sends email to MailPit for registered user","Regression Tests","Sun Feb 15 15:17:57 UTC 2026","passed","Sun Feb 15 15:18:57 UTC 2026","ua.kpi.sc.test.api.tests.auth.AuthForgotPasswordTest","Regression","ua.kpi.sc.test.api.tests.auth.AuthForgotPasswordTest","forgotPasswordSendsEmailToMailpit"
"","62480","Assigned partner appears in user response","Failed suite [Regression Tests]","Sun Feb 15 15:33:53 UTC 2026","failed","Sun Feb 15 15:34:55 UTC 2026","ua.kpi.sc.test.api.tests.user.UserAssignPartnerTest","Regression(failed)","ua.kpi.sc.test.api.tests.user.UserAssignPartnerTest","assignedPartnerAppearsInUserResponse"
"","157","Logout with expired JWT returns 401","Regression Tests","Sun Feb 15 15:27:44 UTC 2026","passed","Sun Feb 15 15:27:44 UTC 2026","ua.kpi.sc.test.api.tests.auth.AuthLogoutTest","Regression","ua.kpi.sc.test.api.tests.auth.AuthLogoutTest","logoutWithExpiredTokenReturns401"
"","141","Login with invalid email format returns 400","Regression Tests","Sun Feb 15 15:28:15 UTC 2026","passed","Sun Feb 15 15:28:15 UTC 2026","ua.kpi.sc.test.api.tests.auth.AuthLoginTest","Regression","ua.kpi.sc.test.api.tests.auth.AuthLoginTest","loginWithInvalidEmailFormatReturns400"
"","173","Delete flag generates audit entry in centralized audit","Regression Tests","Sun Feb 15 15:30:54 UTC 2026","passed","Sun Feb 15 15:30:54 UTC 2026","ua.kpi.sc.test.api.tests.featureflag.FeatureFlagAdminTest","Regression","ua.kpi.sc.test.api.tests.featureflag.FeatureFlagAdminTest","deleteFlagGeneratesAuditEntry"
"","31083","PATCH /users/{id}/tier with valid tier returns 200","Regression Tests","Sun Feb 15 15:30:19 UTC 2026","passed","Sun Feb 15 15:30:50 UTC 2026","ua.kpi.sc.test.api.tests.user.UserUpdateTierTest","Regression","ua.kpi.sc.test.api.tests.user.UserUpdateTierTest","updateTierWithValidValue"
"","1024","Register returns a valid UUID as id","Failed suite [Regression Tests]","Sun Feb 15 15:39:00 UTC 2026","passed","Sun Feb 15 15:39:01 UTC 2026","ua.kpi.sc.test.api.tests.auth.AuthRegisterTest","Regression(failed)","ua.kpi.sc.test.api.tests.auth.AuthRegisterTest","registerReturnsValidUuid"
"","713","GET /me returns same data as registration response","Failed suite [Regression Tests]","Sun Feb 15 15:39:02 UTC 2026","passed","Sun Feb 15 15:39:03 UTC 2026","ua.kpi.sc.test.api.tests.auth.AuthMeTest","Regression(failed)","ua.kpi.sc.test.api.tests.auth.AuthMeTest","meReturnsSameDataAsRegistration"
"","62646","Login returns the same email as registered","Regression Tests","Sun Feb 15 15:23:05 UTC 2026","passed","Sun Feb 15 15:24:07 UTC 2026","ua.kpi.sc.test.api.tests.auth.AuthLoginTest","Regression","ua.kpi.sc.test.api.tests.auth.AuthLoginTest","loginReturnsSameEmailAsRegistered"
"","3489","healthEndpointResponseTimeIsAcceptable","Failed suite [Regression Tests]","Sun Feb 15 15:31:16 UTC 2026","passed","Sun Feb 15 15:31:19 UTC 2026","ua.kpi.sc.test.api.tests.smoke.HealthCheckTest","Regression(failed)","ua.kpi.sc.test.api.tests.smoke.HealthCheckTest","healthEndpointResponseTimeIsAcceptable"
"","60490","GET /me returns capabilityTier 1 for newly registered user","Failed suite [Regression Tests]","Sun Feb 15 15:35:26 UTC 2026","passed","Sun Feb 15 15:36:26 UTC 2026","ua.kpi.sc.test.api.tests.auth.AuthMeTest","Regression(failed)","ua.kpi.sc.test.api.tests.auth.AuthMeTest","meReturnsCapabilityTier1ForNewUser"
"","941","Wrong current password returns 400","Regression Tests","Sun Feb 15 15:30:58 UTC 2026","passed","Sun Feb 15 15:30:59 UTC 2026","ua.kpi.sc.test.api.tests.user.UserChangePasswordTest","Regression","ua.kpi.sc.test.api.tests.user.UserChangePasswordTest","wrongCurrentPasswordReturns400"
"","31507","Assign partner level upserts existing","Regression Tests","Sun Feb 15 15:29:17 UTC 2026","passed","Sun Feb 15 15:29:48 UTC 2026","ua.kpi.sc.test.api.tests.user.UserAssignPartnerTest","Regression","ua.kpi.sc.test.api.tests.user.UserAssignPartnerTest","assignPartnerUpserts"
"","61779","Login with wrong password returns 401","Regression Tests","Sun Feb 15 15:27:13 UTC 2026","passed","Sun Feb 15 15:28:15 UTC 2026","ua.kpi.sc.test.api.tests.auth.AuthLoginTest","Regression","ua.kpi.sc.test.api.tests.auth.AuthLoginTest","loginWithInvalidCredentialsReturns401"
"","96193","Both register and login access tokens are valid for getMe","Failed suite [Regression Tests]","Sun Feb 15 15:31:16 UTC 2026","passed","Sun Feb 15 15:32:52 UTC 2026","ua.kpi.sc.test.api.tests.auth.AuthFlowTest","Regression(failed)","ua.kpi.sc.test.api.tests.auth.AuthFlowTest","loginAfterRegistrationBothTokensWork"
"","22","PUT /reset-password returns 405","Regression Tests","Sun Feb 15 15:19:59 UTC 2026","passed","Sun Feb 15 15:19:59 UTC 2026","ua.kpi.sc.test.api.tests.auth.AuthResetPasswordTest","Regression","ua.kpi.sc.test.api.tests.auth.AuthResetPasswordTest","resetPasswordMethodNotAllowedPut"
"","53","Forgot password with XSS in email returns 400","Regression Tests","Sun Feb 15 15:20:00 UTC 2026","passed","Sun Feb 15 15:20:00 UTC 2026","ua.kpi.sc.test.api.tests.auth.AuthForgotPasswordTest","Regression","ua.kpi.sc.test.api.tests.auth.AuthForgotPasswordTest","forgotPasswordWithXssInEmailReturns400"
"","125","GET /reset-password returns 405","Regression Tests","Sun Feb 15 15:19:59 UTC 2026","passed","Sun Feb 15 15:19:59 UTC 2026","ua.kpi.sc.test.api.tests.auth.AuthResetPasswordTest","Regression","ua.kpi.sc.test.api.tests.auth.AuthResetPasswordTest","resetPasswordMethodNotAllowedGet"
"","66","Create flag with blank name returns 400","Regression Tests","Sun Feb 15 15:30:53 UTC 2026","passed","Sun Feb 15 15:30:53 UTC 2026","ua.kpi.sc.test.api.tests.featureflag.FeatureFlagAdminTest","Regression","ua.kpi.sc.test.api.tests.featureflag.FeatureFlagAdminTest","createFlagBlankNameReturns400"
"","93546","Logout then login produces new tokens; new token works for getMe","Regression Tests","Sun Feb 15 15:22:03 UTC 2026","passed","Sun Feb 15 15:23:36 UTC 2026","ua.kpi.sc.test.api.tests.auth.AuthFlowTest","Regression","ua.kpi.sc.test.api.tests.auth.AuthFlowTest","logoutThenLoginProducesNewTokens"
"","62000","Assign partner level returns 201","Regression Tests","Sun Feb 15 15:28:14 UTC 2026","passed","Sun Feb 15 15:29:16 UTC 2026","ua.kpi.sc.test.api.tests.user.UserAssignPartnerTest","Regression","ua.kpi.sc.test.api.tests.user.UserAssignPartnerTest","assignPartnerLevelReturns201"
"","3109","Reset then change-password still works","Failed suite [Regression Tests]","Sun Feb 15 15:39:02 UTC 2026","passed","Sun Feb 15 15:39:05 UTC 2026","ua.kpi.sc.test.api.tests.auth.AuthPasswordResetFlowTest","Regression(failed)","ua.kpi.sc.test.api.tests.auth.AuthPasswordResetFlowTest","resetThenChangePasswordStillWorks"
"","25","Get non-existent flag returns 404","Regression Tests","Sun Feb 15 15:30:55 UTC 2026","passed","Sun Feb 15 15:30:55 UTC 2026","ua.kpi.sc.test.api.tests.featureflag.FeatureFlagAdminTest","Regression","ua.kpi.sc.test.api.tests.featureflag.FeatureFlagAdminTest","getNonExistentFlagReturns404"
"","110","Google OAuth redirect Location contains openid scope","Regression Tests","Sun Feb 15 15:17:26 UTC 2026","passed","Sun Feb 15 15:17:26 UTC 2026","ua.kpi.sc.test.api.tests.auth.AuthGoogleOAuthTest","Regression","ua.kpi.sc.test.api.tests.auth.AuthGoogleOAuthTest","googleOAuthRedirectLocationContainsOpenidScope"
"","1067","Register cookies have SameSite=Lax attribute","Failed suite [Regression Tests]","Sun Feb 15 15:39:00 UTC 2026","passed","Sun Feb 15 15:39:01 UTC 2026","ua.kpi.sc.test.api.tests.auth.AuthCookieContractTest","Regression(failed)","ua.kpi.sc.test.api.tests.auth.AuthCookieContractTest","registerCookiesHaveSameSiteLax"
"","31272","Register with CJK name succeeds","Regression Tests","Sun Feb 15 15:27:44 UTC 2026","passed","Sun Feb 15 15:28:15 UTC 2026","ua.kpi.sc.test.api.tests.auth.AuthRegisterTest","Regression","ua.kpi.sc.test.api.tests.auth.AuthRegisterTest","registerWithCjkNameSucceeds"
"","433","Refresh with no cookie returns 401","Regression Tests","Sun Feb 15 15:25:40 UTC 2026","passed","Sun Feb 15 15:25:40 UTC 2026","ua.kpi.sc.test.api.tests.auth.AuthRefreshTest","Regression","ua.kpi.sc.test.api.tests.auth.AuthRefreshTest","refreshWithNoCookieReturns401"
"","51","Forgot password with null email returns 400","Regression Tests","Sun Feb 15 15:20:00 UTC 2026","passed","Sun Feb 15 15:20:00 UTC 2026","ua.kpi.sc.test.api.tests.auth.AuthForgotPasswordTest","Regression","ua.kpi.sc.test.api.tests.auth.AuthForgotPasswordTest","forgotPasswordWithNullEmailReturns400"
"","91100","Reset password invalidates all refresh tokens","Failed suite [Regression Tests]","Sun Feb 15 15:35:25 UTC 2026","failed","Sun Feb 15 15:36:57 UTC 2026","ua.kpi.sc.test.api.tests.auth.AuthResetPasswordTest","Regression(failed)","ua.kpi.sc.test.api.tests.auth.AuthResetPasswordTest","resetPasswordInvalidatesRefreshTokens"
"","30333","Basic user access to audit logs returns 403","Regression Tests","Sun Feb 15 15:14:49 UTC 2026","passed","Sun Feb 15 15:15:19 UTC 2026","ua.kpi.sc.test.api.tests.audit.AuditTest","Regression","ua.kpi.sc.test.api.tests.audit.AuditTest","basicUserAccess_returns403"
"","891","GET /me returns same data as login response","Failed suite [Regression Tests]","Sun Feb 15 15:39:03 UTC 2026","passed","Sun Feb 15 15:39:04 UTC 2026","ua.kpi.sc.test.api.tests.auth.AuthMeTest","Regression(failed)","ua.kpi.sc.test.api.tests.auth.AuthMeTest","meReturnsSameDataAsLogin"
"","30098","PUT /me returns 405","Failed suite [Regression Tests]","Sun Feb 15 15:34:55 UTC 2026","failed","Sun Feb 15 15:35:25 UTC 2026","ua.kpi.sc.test.api.tests.auth.AuthMeTest","Regression(failed)","ua.kpi.sc.test.api.tests.auth.AuthMeTest","meMethodNotAllowedPut"
"","51572","Old password fails after reset","Failed suite [Regression Tests]","Sun Feb 15 15:33:22 UTC 2026","broken","Sun Feb 15 15:34:14 UTC 2026","ua.kpi.sc.test.api.tests.auth.AuthResetPasswordTest","Regression(failed)","ua.kpi.sc.test.api.tests.auth.AuthResetPasswordTest","oldPasswordFailsAfterReset"
"","1203","Register with Unicode (Cyrillic) names succeeds","Regression Tests","Sun Feb 15 15:30:51 UTC 2026","passed","Sun Feb 15 15:30:52 UTC 2026","ua.kpi.sc.test.api.tests.auth.AuthRegisterTest","Regression","ua.kpi.sc.test.api.tests.auth.AuthRegisterTest","registerWithUnicodeNamesSucceeds"
"","30811","GET /users/me returns current user profile","Regression Tests","Sun Feb 15 15:27:13 UTC 2026","passed","Sun Feb 15 15:27:44 UTC 2026","ua.kpi.sc.test.api.tests.user.UserSelfUpdateTest","Regression","ua.kpi.sc.test.api.tests.user.UserSelfUpdateTest","getMeReturns200"
"","95","Basic user cannot create flag — returns 403","Regression Tests","Sun Feb 15 15:30:52 UTC 2026","passed","Sun Feb 15 15:30:52 UTC 2026","ua.kpi.sc.test.api.tests.featureflag.FeatureFlagAdminTest","Regression","ua.kpi.sc.test.api.tests.featureflag.FeatureFlagAdminTest","basicUserCannotCreateFlag_returns403"
"","32880","Full flow: register -> forgot -> MailPit -> extract token -> reset -> login with new password","Failed suite [Regression Tests]","Sun Feb 15 15:38:29 UTC 2026","passed","Sun Feb 15 15:39:02 UTC 2026","ua.kpi.sc.test.api.tests.auth.AuthPasswordResetFlowTest","Regression(failed)","ua.kpi.sc.test.api.tests.auth.AuthPasswordResetFlowTest","fullPasswordResetFlow"
"","31390","Filter by tier returns matching users","Regression Tests","Sun Feb 15 15:28:45 UTC 2026","passed","Sun Feb 15 15:29:17 UTC 2026","ua.kpi.sc.test.api.tests.user.UserSearchFilterTest","Regression","ua.kpi.sc.test.api.tests.user.UserSearchFilterTest","filterByTierReturnsMatching"
"","138","PUT /login returns 405","Regression Tests","Sun Feb 15 15:15:23 UTC 2026","passed","Sun Feb 15 15:15:23 UTC 2026","ua.kpi.sc.test.api.tests.auth.AuthLoginTest","Regression","ua.kpi.sc.test.api.tests.auth.AuthLoginTest","loginMethodNotAllowedPut"
"","29956","Google OAuth redirect sets oauth_state cookie","Regression Tests","Sun Feb 15 15:17:57 UTC 2026","passed","Sun Feb 15 15:18:27 UTC 2026","ua.kpi.sc.test.api.tests.auth.AuthGoogleOAuthTest","Regression","ua.kpi.sc.test.api.tests.auth.AuthGoogleOAuthTest","googleOAuthRedirectSetsStateCookie"
"","31663","GET /auth/me returns current user profile with all key fields","Regression Tests","Sun Feb 15 15:23:05 UTC 2026","passed","Sun Feb 15 15:23:36 UTC 2026","ua.kpi.sc.test.api.tests.auth.AuthMeTest","Regression","ua.kpi.sc.test.api.tests.auth.AuthMeTest","meReturnsProfile"
"","20","Login with null password returns 400","Regression Tests","Sun Feb 15 15:28:15 UTC 2026","passed","Sun Feb 15 15:28:15 UTC 2026","ua.kpi.sc.test.api.tests.auth.AuthLoginTest","Regression","ua.kpi.sc.test.api.tests.auth.AuthLoginTest","loginWithNullPasswordReturns400"
"","30960","GET /me response does not contain password field","Regression Tests","Sun Feb 15 15:14:48 UTC 2026","passed","Sun Feb 15 15:15:19 UTC 2026","ua.kpi.sc.test.api.tests.auth.AuthMeTest","Regression","ua.kpi.sc.test.api.tests.auth.AuthMeTest","meDoesNotReturnPasswordField"
"","347","PATCH /users/{id}/tier for non-existent user returns 404","Regression Tests","Sun Feb 15 15:28:15 UTC 2026","passed","Sun Feb 15 15:28:15 UTC 2026","ua.kpi.sc.test.api.tests.user.UserUpdateTierTest","Regression","ua.kpi.sc.test.api.tests.user.UserUpdateTierTest","updateTierForNonExistentUserReturns404"
"","77","Update flag generates audit entry in centralized audit","Regression Tests","Sun Feb 15 15:30:56 UTC 2026","passed","Sun Feb 15 15:30:56 UTC 2026","ua.kpi.sc.test.api.tests.featureflag.FeatureFlagAdminTest","Regression","ua.kpi.sc.test.api.tests.featureflag.FeatureFlagAdminTest","updateFlagGeneratesAuditEntryWithOldAndNewValues"
"","30081","Refresh returns a valid UUID as id","Regression Tests","Sun Feb 15 15:19:59 UTC 2026","failed","Sun Feb 15 15:20:29 UTC 2026","ua.kpi.sc.test.api.tests.auth.AuthRefreshTest","Regression","ua.kpi.sc.test.api.tests.auth.AuthRefreshTest","refreshReturnsValidUuid"
"","30923","Register 409 matches ProblemDetail schema","Regression Tests","Sun Feb 15 15:21:33 UTC 2026","passed","Sun Feb 15 15:22:03 UTC 2026","ua.kpi.sc.test.api.tests.auth.AuthRegisterTest","Regression","ua.kpi.sc.test.api.tests.auth.AuthRegisterTest","registerProblemDetailSchemaOn409"
"","177","GET /login returns 405","Regression Tests","Sun Feb 15 15:15:22 UTC 2026","passed","Sun Feb 15 15:15:22 UTC 2026","ua.kpi.sc.test.api.tests.auth.AuthLoginTest","Regression","ua.kpi.sc.test.api.tests.auth.AuthLoginTest","loginMethodNotAllowedGet"
"","107","List feature flags returns paginated response","Regression Tests","Sun Feb 15 15:30:55 UTC 2026","passed","Sun Feb 15 15:30:55 UTC 2026","ua.kpi.sc.test.api.tests.featureflag.FeatureFlagAdminTest","Regression","ua.kpi.sc.test.api.tests.featureflag.FeatureFlagAdminTest","listFlagsReturnsPaginatedResponse"
"","514","Get audit logs returns 200 with paginated response","Regression Tests","Sun Feb 15 15:17:25 UTC 2026","passed","Sun Feb 15 15:17:26 UTC 2026","ua.kpi.sc.test.api.tests.audit.AuditTest","Regression","ua.kpi.sc.test.api.tests.audit.AuditTest","getAuditLogs_returns200"
"","61063","Multiple refresh rotations preserve user data across 3 rotations","Failed suite [Regression Tests]","Sun Feb 15 15:36:26 UTC 2026","failed","Sun Feb 15 15:37:27 UTC 2026","ua.kpi.sc.test.api.tests.auth.AuthFlowTest","Regression(failed)","ua.kpi.sc.test.api.tests.auth.AuthFlowTest","multipleRefreshRotationsPreserveUserData"
"","61203","Create user with duplicate email returns 409","Failed suite [Regression Tests]","Sun Feb 15 15:37:28 UTC 2026","failed","Sun Feb 15 15:38:29 UTC 2026","ua.kpi.sc.test.api.tests.user.UserCreateTest","Regression(failed)","ua.kpi.sc.test.api.tests.user.UserCreateTest","createUserDuplicateEmailReturns409"
"","135","Register with invalid email format returns 400","Regression Tests","Sun Feb 15 15:29:48 UTC 2026","passed","Sun Feb 15 15:29:48 UTC 2026","ua.kpi.sc.test.api.tests.auth.AuthRegisterTest","Regression","ua.kpi.sc.test.api.tests.auth.AuthRegisterTest","registerWithInvalidEmailFormatReturns400"
"","65","Register with very long name returns 400","Regression Tests","Sun Feb 15 15:30:52 UTC 2026","passed","Sun Feb 15 15:30:52 UTC 2026","ua.kpi.sc.test.api.tests.auth.AuthRegisterTest","Regression","ua.kpi.sc.test.api.tests.auth.AuthRegisterTest","registerWithVeryLongNameReturns400"
"","68","Login with empty body returns 400","Regression Tests","Sun Feb 15 15:27:13 UTC 2026","passed","Sun Feb 15 15:27:13 UTC 2026","ua.kpi.sc.test.api.tests.auth.AuthLoginTest","Regression","ua.kpi.sc.test.api.tests.auth.AuthLoginTest","loginWithEmptyBodyReturns400"
"","109","Register with XML content type returns 415","Regression Tests","Sun Feb 15 15:30:52 UTC 2026","passed","Sun Feb 15 15:30:52 UTC 2026","ua.kpi.sc.test.api.tests.auth.AuthRegisterTest","Regression","ua.kpi.sc.test.api.tests.auth.AuthRegisterTest","registerWithXmlContentTypeReturns415"
"","59408","Refresh preserves user id across rotations","Failed suite [Regression Tests]","Sun Feb 15 15:35:27 UTC 2026","passed","Sun Feb 15 15:36:26 UTC 2026","ua.kpi.sc.test.api.tests.auth.AuthRefreshTest","Regression(failed)","ua.kpi.sc.test.api.tests.auth.AuthRefreshTest","refreshPreservesUserIdAcrossRotations"
"","1085","Add override generates audit entry in centralized audit","Regression Tests","Sun Feb 15 15:30:18 UTC 2026","passed","Sun Feb 15 15:30:19 UTC 2026","ua.kpi.sc.test.api.tests.featureflag.FeatureFlagAdminTest","Regression","ua.kpi.sc.test.api.tests.featureflag.FeatureFlagAdminTest","addOverrideGeneratesAuditEntry"
"","61754","Login cookies have Secure flag (may only be set over HTTPS)","Regression Tests","Sun Feb 15 15:15:53 UTC 2026","passed","Sun Feb 15 15:16:55 UTC 2026","ua.kpi.sc.test.api.tests.auth.AuthCookieContractTest","Regression","ua.kpi.sc.test.api.tests.auth.AuthCookieContractTest","loginCookiesHaveSecureFlag"
"","24","PUT /forgot-password returns 405","Regression Tests","Sun Feb 15 15:16:14 UTC 2026","passed","Sun Feb 15 15:16:14 UTC 2026","ua.kpi.sc.test.api.tests.auth.AuthForgotPasswordTest","Regression","ua.kpi.sc.test.api.tests.auth.AuthForgotPasswordTest","forgotPasswordMethodNotAllowedPut"
"","624","Google OAuth callback with empty state returns error","Regression Tests","Sun Feb 15 15:15:21 UTC 2026","passed","Sun Feb 15 15:15:22 UTC 2026","ua.kpi.sc.test.api.tests.auth.AuthGoogleOAuthTest","Regression","ua.kpi.sc.test.api.tests.auth.AuthGoogleOAuthTest","googleOAuthCallbackWithEmptyStateReturnsError"
"","23","Login with SQL injection in email is rejected with 400 or 401","Regression Tests","Sun Feb 15 15:28:15 UTC 2026","passed","Sun Feb 15 15:28:15 UTC 2026","ua.kpi.sc.test.api.tests.auth.AuthLoginTest","Regression","ua.kpi.sc.test.api.tests.auth.AuthLoginTest","loginWithSqlInjectionInEmailReturns401Or400"
"","132776","Reset invalidates existing access tokens (stateless JWT behavior)","Failed suite [Regression Tests]","Sun Feb 15 15:36:16 UTC 2026","passed","Sun Feb 15 15:38:29 UTC 2026","ua.kpi.sc.test.api.tests.auth.AuthPasswordResetFlowTest","Regression(failed)","ua.kpi.sc.test.api.tests.auth.AuthPasswordResetFlowTest","resetInvalidatesExistingAccessTokensOrNot"
"","21","Register with empty password returns 400","Regression Tests","Sun Feb 15 15:28:45 UTC 2026","passed","Sun Feb 15 15:28:45 UTC 2026","ua.kpi.sc.test.api.tests.auth.AuthRegisterTest","Regression","ua.kpi.sc.test.api.tests.auth.AuthRegisterTest","registerWithEmptyPasswordReturns400"
"","31195","Delete user returns 204","Regression Tests","Sun Feb 15 15:29:48 UTC 2026","passed","Sun Feb 15 15:30:19 UTC 2026","ua.kpi.sc.test.api.tests.user.UserDeleteTest","Regression","ua.kpi.sc.test.api.tests.user.UserDeleteTest","deleteUserReturns204"
"","60484","Refresh returns capabilityTier >= 0","Regression Tests","Sun Feb 15 15:18:28 UTC 2026","failed","Sun Feb 15 15:19:28 UTC 2026","ua.kpi.sc.test.api.tests.auth.AuthRefreshTest","Regression","ua.kpi.sc.test.api.tests.auth.AuthRefreshTest","refreshReturnsCapabilityTier"
"","31934","PATCH /users/{id}/status to deactivate returns 200 with active=false","Regression Tests","Sun Feb 15 15:25:40 UTC 2026","passed","Sun Feb 15 15:26:12 UTC 2026","ua.kpi.sc.test.api.tests.user.UserUpdateStatusTest","Regression","ua.kpi.sc.test.api.tests.user.UserUpdateStatusTest","deactivateUserReturns200"
"","30055","Refresh sets both access_token and refresh_token cookies","Regression Tests","Sun Feb 15 15:21:01 UTC 2026","failed","Sun Feb 15 15:21:32 UTC 2026","ua.kpi.sc.test.api.tests.auth.AuthRefreshTest","Regression","ua.kpi.sc.test.api.tests.auth.AuthRefreshTest","refreshSetsBothCookies"
"","31665","PATCH /users/{id}/tier with invalid tier returns 400","Regression Tests","Sun Feb 15 15:29:47 UTC 2026","passed","Sun Feb 15 15:30:19 UTC 2026","ua.kpi.sc.test.api.tests.user.UserUpdateTierTest","Regression","ua.kpi.sc.test.api.tests.user.UserUpdateTierTest","updateTierWithInvalidValueReturns400"
"","70","Forgot password with invalid email format returns 400","Regression Tests","Sun Feb 15 15:20:00 UTC 2026","passed","Sun Feb 15 15:20:00 UTC 2026","ua.kpi.sc.test.api.tests.auth.AuthForgotPasswordTest","Regression","ua.kpi.sc.test.api.tests.auth.AuthForgotPasswordTest","forgotPasswordWithInvalidEmailReturns400"
"","30454","Update self preserves other fields","Failed suite [Regression Tests]","Sun Feb 15 15:35:25 UTC 2026","passed","Sun Feb 15 15:35:56 UTC 2026","ua.kpi.sc.test.api.tests.user.UserSelfUpdateTest","Regression(failed)","ua.kpi.sc.test.api.tests.user.UserSelfUpdateTest","updateSelfPreservesOtherFields"
"","110","PATCH /oauth2/google returns 405","Regression Tests","Sun Feb 15 15:16:55 UTC 2026","passed","Sun Feb 15 15:16:56 UTC 2026","ua.kpi.sc.test.api.tests.auth.AuthGoogleOAuthTest","Regression","ua.kpi.sc.test.api.tests.auth.AuthGoogleOAuthTest","googleOAuthMethodNotAllowedPatch"
"","95","Toggle generates audit log entry in centralized audit","Regression Tests","Sun Feb 15 15:30:56 UTC 2026","passed","Sun Feb 15 15:30:56 UTC 2026","ua.kpi.sc.test.api.tests.featureflag.FeatureFlagAdminTest","Regression","ua.kpi.sc.test.api.tests.featureflag.FeatureFlagAdminTest","toggleGeneratesAuditLogEntry"
"","60463","PUT /users/{id}/tier returns 405 Method Not Allowed","Failed suite [Regression Tests]","Sun Feb 15 15:35:26 UTC 2026","passed","Sun Feb 15 15:36:26 UTC 2026","ua.kpi.sc.test.api.tests.user.UserUpdateTierTest","Regression(failed)","ua.kpi.sc.test.api.tests.user.UserUpdateTierTest","putTierReturns405"
"","62354","Login returns both access and refresh cookies","Regression Tests","Sun Feb 15 15:19:28 UTC 2026","passed","Sun Feb 15 15:20:30 UTC 2026","ua.kpi.sc.test.api.tests.auth.AuthLoginTest","Regression","ua.kpi.sc.test.api.tests.auth.AuthLoginTest","loginReturnsAccessAndRefreshCookies"
"","31496","Logout with cookie-based auth may or may not be accepted","Regression Tests","Sun Feb 15 15:27:13 UTC 2026","passed","Sun Feb 15 15:27:44 UTC 2026","ua.kpi.sc.test.api.tests.auth.AuthLogoutTest","Regression","ua.kpi.sc.test.api.tests.auth.AuthLogoutTest","logoutWithCookieAuthWorks"
"","91800","Login with valid credentials returns 200 with email and cookies","Failed suite [Regression Tests]","Sun Feb 15 15:36:27 UTC 2026","passed","Sun Feb 15 15:37:59 UTC 2026","ua.kpi.sc.test.api.tests.auth.AuthLoginTest","Regression(failed)","ua.kpi.sc.test.api.tests.auth.AuthLoginTest","loginWithValidCredentials"
"","58","Admin endpoints without auth return 401","Regression Tests","Sun Feb 15 15:30:51 UTC 2026","passed","Sun Feb 15 15:30:51 UTC 2026","ua.kpi.sc.test.api.tests.featureflag.FeatureFlagAdminTest","Regression","ua.kpi.sc.test.api.tests.featureflag.FeatureFlagAdminTest","adminEndpointsWithoutAuthReturn401"
"","31537","GET /me returns a valid UUID as id","Regression Tests","Sun Feb 15 15:25:09 UTC 2026","passed","Sun Feb 15 15:25:40 UTC 2026","ua.kpi.sc.test.api.tests.auth.AuthMeTest","Regression","ua.kpi.sc.test.api.tests.auth.AuthMeTest","meReturnsValidUuid"
"","373","Feature flag audit pagination works via centralized audit","Regression Tests","Sun Feb 15 15:30:52 UTC 2026","passed","Sun Feb 15 15:30:52 UTC 2026","ua.kpi.sc.test.api.tests.featureflag.FeatureFlagAdminTest","Regression","ua.kpi.sc.test.api.tests.featureflag.FeatureFlagAdminTest","auditLogPaginationWorksCorrectly"
"","16","Register with empty firstName returns 400","Regression Tests","Sun Feb 15 15:28:45 UTC 2026","passed","Sun Feb 15 15:28:45 UTC 2026","ua.kpi.sc.test.api.tests.auth.AuthRegisterTest","Regression","ua.kpi.sc.test.api.tests.auth.AuthRegisterTest","registerWithEmptyFirstNameReturns400"
"","30436","Login multiple times with same credentials succeeds","Failed suite [Regression Tests]","Sun Feb 15 15:37:59 UTC 2026","failed","Sun Feb 15 15:38:29 UTC 2026","ua.kpi.sc.test.api.tests.auth.AuthLoginTest","Regression(failed)","ua.kpi.sc.test.api.tests.auth.AuthLoginTest","loginMultipleTimesSucceeds"
"","3467","Reset password with invalid token returns 400","Failed suite [Regression Tests]","Sun Feb 15 15:31:16 UTC 2026","passed","Sun Feb 15 15:31:19 UTC 2026","ua.kpi.sc.test.api.tests.auth.AuthResetPasswordTest","Regression(failed)","ua.kpi.sc.test.api.tests.auth.AuthResetPasswordTest","resetPasswordWithInvalidTokenReturns400"
"","195","Create feature flag returns 201 with correct fields","Regression Tests","Sun Feb 15 15:30:54 UTC 2026","passed","Sun Feb 15 15:30:54 UTC 2026","ua.kpi.sc.test.api.tests.featureflag.FeatureFlagAdminTest","Regression","ua.kpi.sc.test.api.tests.featureflag.FeatureFlagAdminTest","createFlagReturns201"
"","23","PATCH /forgot-password returns 405","Regression Tests","Sun Feb 15 15:16:14 UTC 2026","passed","Sun Feb 15 15:16:14 UTC 2026","ua.kpi.sc.test.api.tests.auth.AuthForgotPasswordTest","Regression","ua.kpi.sc.test.api.tests.auth.AuthForgotPasswordTest","forgotPasswordMethodNotAllowedPatch"
"","30935","Register cookies have Secure flag (may only be set over HTTPS)","Regression Tests","Sun Feb 15 15:22:03 UTC 2026","passed","Sun Feb 15 15:22:34 UTC 2026","ua.kpi.sc.test.api.tests.auth.AuthCookieContractTest","Regression","ua.kpi.sc.test.api.tests.auth.AuthCookieContractTest","registerCookiesHaveSecureFlag"
"","30","Create flag with rollout percentage over 100 returns 400","Regression Tests","Sun Feb 15 15:30:54 UTC 2026","passed","Sun Feb 15 15:30:54 UTC 2026","ua.kpi.sc.test.api.tests.featureflag.FeatureFlagAdminTest","Regression","ua.kpi.sc.test.api.tests.featureflag.FeatureFlagAdminTest","createFlagWithRolloutPercentageOver100_returns400"
"","278","Google OAuth callback with mismatched state returns error redirect","Regression Tests","Sun Feb 15 15:15:53 UTC 2026","passed","Sun Feb 15 15:15:53 UTC 2026","ua.kpi.sc.test.api.tests.auth.AuthGoogleOAuthTest","Regression","ua.kpi.sc.test.api.tests.auth.AuthGoogleOAuthTest","googleOAuthCallbackWithMismatchedStateReturnsError"
"","61414","PUT /users/{id}/status returns 405 Method Not Allowed","Failed suite [Regression Tests]","Sun Feb 15 15:34:24 UTC 2026","failed","Sun Feb 15 15:35:25 UTC 2026","ua.kpi.sc.test.api.tests.user.UserUpdateStatusTest","Regression(failed)","ua.kpi.sc.test.api.tests.user.UserUpdateStatusTest","putStatusReturns405"
"","111","Created flag appears in list","Regression Tests","Sun Feb 15 15:30:54 UTC 2026","passed","Sun Feb 15 15:30:54 UTC 2026","ua.kpi.sc.test.api.tests.featureflag.FeatureFlagAdminTest","Regression","ua.kpi.sc.test.api.tests.featureflag.FeatureFlagAdminTest","createdFlagAppearsInList"
"","756","Short new password returns 400","Regression Tests","Sun Feb 15 15:30:56 UTC 2026","passed","Sun Feb 15 15:30:57 UTC 2026","ua.kpi.sc.test.api.tests.user.UserChangePasswordTest","Regression","ua.kpi.sc.test.api.tests.user.UserChangePasswordTest","shortNewPasswordReturns400"
"","61892","Login sets HttpOnly cookies","Regression Tests","Sun Feb 15 15:26:11 UTC 2026","passed","Sun Feb 15 15:27:13 UTC 2026","ua.kpi.sc.test.api.tests.auth.AuthLoginTest","Regression","ua.kpi.sc.test.api.tests.auth.AuthLoginTest","loginSetsHttpOnlyCookies"
"","36","DELETE /reset-password returns 405","Regression Tests","Sun Feb 15 15:19:59 UTC 2026","passed","Sun Feb 15 15:19:59 UTC 2026","ua.kpi.sc.test.api.tests.auth.AuthResetPasswordTest","Regression","ua.kpi.sc.test.api.tests.auth.AuthResetPasswordTest","resetPasswordMethodNotAllowedDelete"
"","30156","PATCH /users/{id}/tier accepts each tier level 0-5","Failed suite [Regression Tests]","Sun Feb 15 15:36:26 UTC 2026","failed","Sun Feb 15 15:36:56 UTC 2026","ua.kpi.sc.test.api.tests.user.UserUpdateTierTest","Regression(failed)","ua.kpi.sc.test.api.tests.user.UserUpdateTierTest","updateTierToEachLevel"
"","30920","Create user with invalid email returns 400","Regression Tests","Sun Feb 15 15:23:05 UTC 2026","passed","Sun Feb 15 15:23:36 UTC 2026","ua.kpi.sc.test.api.tests.user.UserCreateTest","Regression","ua.kpi.sc.test.api.tests.user.UserCreateTest","createUserInvalidEmailReturns400"
"","61","Refresh with malformed JWT token returns 401","Failed suite [Regression Tests]","Sun Feb 15 15:38:29 UTC 2026","passed","Sun Feb 15 15:38:29 UTC 2026","ua.kpi.sc.test.api.tests.auth.AuthRefreshTest","Regression(failed)","ua.kpi.sc.test.api.tests.auth.AuthRefreshTest","refreshWithMalformedTokenReturns401"
"","92821","Reset password with 8-char password succeeds","Regression Tests","Sun Feb 15 15:22:34 UTC 2026","passed","Sun Feb 15 15:24:07 UTC 2026","ua.kpi.sc.test.api.tests.auth.AuthResetPasswordTest","Regression","ua.kpi.sc.test.api.tests.auth.AuthResetPasswordTest","resetPasswordWith8CharPasswordSucceeds"
"","17","Reset password with null token returns 400","Regression Tests","Sun Feb 15 15:24:38 UTC 2026","passed","Sun Feb 15 15:24:38 UTC 2026","ua.kpi.sc.test.api.tests.auth.AuthResetPasswordTest","Regression","ua.kpi.sc.test.api.tests.auth.AuthResetPasswordTest","resetPasswordWithNullTokenReturns400"
"","113","Login 400 matches ProblemDetail schema","Regression Tests","Sun Feb 15 15:17:25 UTC 2026","passed","Sun Feb 15 15:17:26 UTC 2026","ua.kpi.sc.test.api.tests.auth.AuthLoginTest","Regression","ua.kpi.sc.test.api.tests.auth.AuthLoginTest","loginProblemDetailSchemaOn400"
"","31514","GET /me is idempotent — two calls return identical data","Failed suite [Regression Tests]","Sun Feb 15 15:38:29 UTC 2026","passed","Sun Feb 15 15:39:00 UTC 2026","ua.kpi.sc.test.api.tests.auth.AuthMeTest","Regression(failed)","ua.kpi.sc.test.api.tests.auth.AuthMeTest","meIdempotent"
"","95826","Forgot-password for user A doesn't affect user B","Regression Tests","Sun Feb 15 15:15:19 UTC 2026","passed","Sun Feb 15 15:16:55 UTC 2026","ua.kpi.sc.test.api.tests.auth.AuthPasswordResetFlowTest","Regression","ua.kpi.sc.test.api.tests.auth.AuthPasswordResetFlowTest","forgotPasswordForUserADoesNotAffectUserB"
"","31180","GET /me with tampered JWT signature returns 401","Regression Tests","Sun Feb 15 15:26:42 UTC 2026","passed","Sun Feb 15 15:27:13 UTC 2026","ua.kpi.sc.test.api.tests.auth.AuthMeTest","Regression","ua.kpi.sc.test.api.tests.auth.AuthMeTest","meWithTamperedJwtSignatureReturns401"
"","62977","Multiple forgot password calls all return 204","Failed suite [Regression Tests]","Sun Feb 15 15:31:49 UTC 2026","passed","Sun Feb 15 15:32:52 UTC 2026","ua.kpi.sc.test.api.tests.auth.AuthForgotPasswordTest","Regression(failed)","ua.kpi.sc.test.api.tests.auth.AuthForgotPasswordTest","multipleForgotPasswordCallsAllReturn204"
"","31066","Register with duplicate email returns 409","Regression Tests","Sun Feb 15 15:19:28 UTC 2026","passed","Sun Feb 15 15:19:59 UTC 2026","ua.kpi.sc.test.api.tests.auth.AuthRegisterTest","Regression","ua.kpi.sc.test.api.tests.auth.AuthRegisterTest","registerDuplicateEmailReturns409"
"","375","Add tier override returns 201","Regression Tests","Sun Feb 15 15:30:50 UTC 2026","passed","Sun Feb 15 15:30:50 UTC 2026","ua.kpi.sc.test.api.tests.featureflag.FeatureFlagAdminTest","Regression","ua.kpi.sc.test.api.tests.featureflag.FeatureFlagAdminTest","addTierOverrideReturns201"
"","204","Reset password 400 contains meaningful detail","Regression Tests","Sun Feb 15 15:17:26 UTC 2026","passed","Sun Feb 15 15:17:26 UTC 2026","ua.kpi.sc.test.api.tests.auth.AuthResetPasswordTest","Regression","ua.kpi.sc.test.api.tests.auth.AuthResetPasswordTest","resetPassword400ContainsMeaningfulDetail"
"","34617","Refresh sets HttpOnly cookies","Failed suite [Regression Tests]","Sun Feb 15 15:31:16 UTC 2026","passed","Sun Feb 15 15:31:51 UTC 2026","ua.kpi.sc.test.api.tests.auth.AuthRefreshTest","Regression(failed)","ua.kpi.sc.test.api.tests.auth.AuthRefreshTest","refreshSetsHttpOnlyCookies"
"","30235","Register returns capabilityTier >= 0","Regression Tests","Sun Feb 15 15:23:05 UTC 2026","failed","Sun Feb 15 15:23:35 UTC 2026","ua.kpi.sc.test.api.tests.auth.AuthRegisterTest","Regression","ua.kpi.sc.test.api.tests.auth.AuthRegisterTest","registerReturnsCapabilityTier"
"","356","Add user override returns 201","Regression Tests","Sun Feb 15 15:30:51 UTC 2026","passed","Sun Feb 15 15:30:51 UTC 2026","ua.kpi.sc.test.api.tests.featureflag.FeatureFlagAdminTest","Regression","ua.kpi.sc.test.api.tests.featureflag.FeatureFlagAdminTest","addUserOverrideReturns201"
"","31262","Create user returns 201 with correct fields","Regression Tests","Sun Feb 15 15:23:36 UTC 2026","passed","Sun Feb 15 15:24:07 UTC 2026","ua.kpi.sc.test.api.tests.user.UserCreateTest","Regression","ua.kpi.sc.test.api.tests.user.UserCreateTest","createUserReturns201"
"","19","GET /forgot-password returns 405","Regression Tests","Sun Feb 15 15:16:14 UTC 2026","passed","Sun Feb 15 15:16:14 UTC 2026","ua.kpi.sc.test.api.tests.auth.AuthForgotPasswordTest","Regression","ua.kpi.sc.test.api.tests.auth.AuthForgotPasswordTest","forgotPasswordMethodNotAllowedGet"
"","33200","302 response has no JSON body","Regression Tests","Sun Feb 15 15:14:14 UTC 2026","failed","Sun Feb 15 15:14:48 UTC 2026","ua.kpi.sc.test.api.tests.auth.AuthGoogleOAuthTest","Regression","ua.kpi.sc.test.api.tests.auth.AuthGoogleOAuthTest","googleOAuth302HasNoJsonBody"
"","54","Basic user cannot add override — returns 403","Regression Tests","Sun Feb 15 15:30:52 UTC 2026","passed","Sun Feb 15 15:30:52 UTC 2026","ua.kpi.sc.test.api.tests.featureflag.FeatureFlagAdminTest","Regression","ua.kpi.sc.test.api.tests.featureflag.FeatureFlagAdminTest","basicUserCannotAddOverride_returns403"
"","30651","Add tier override appears in flag detail","Regression Tests","Sun Feb 15 15:30:19 UTC 2026","passed","Sun Feb 15 15:30:50 UTC 2026","ua.kpi.sc.test.api.tests.featureflag.FeatureFlagAdminTest","Regression","ua.kpi.sc.test.api.tests.featureflag.FeatureFlagAdminTest","addTierOverrideAppearsInFlagDetail"
"","32397","Created user appears in user list","Regression Tests","Sun Feb 15 15:25:40 UTC 2026","passed","Sun Feb 15 15:26:12 UTC 2026","ua.kpi.sc.test.api.tests.user.UserCreateTest","Regression","ua.kpi.sc.test.api.tests.user.UserCreateTest","createdUserAppearsInList"
"","141","Register with digits in name returns 400","Regression Tests","Sun Feb 15 15:29:48 UTC 2026","passed","Sun Feb 15 15:29:48 UTC 2026","ua.kpi.sc.test.api.tests.auth.AuthRegisterTest","Regression","ua.kpi.sc.test.api.tests.auth.AuthRegisterTest","registerWithNameContainingDigitsReturns400"
"","65","Register with XSS in email returns 400","Regression Tests","Sun Feb 15 15:30:52 UTC 2026","passed","Sun Feb 15 15:30:53 UTC 2026","ua.kpi.sc.test.api.tests.auth.AuthRegisterTest","Regression","ua.kpi.sc.test.api.tests.auth.AuthRegisterTest","registerWithXssInEmailReturns400"
"","26","Register with null body returns 400","Regression Tests","Sun Feb 15 15:29:48 UTC 2026","passed","Sun Feb 15 15:29:48 UTC 2026","ua.kpi.sc.test.api.tests.auth.AuthRegisterTest","Regression","ua.kpi.sc.test.api.tests.auth.AuthRegisterTest","registerWithNullBodyReturns400"
"","1425","Login response matches auth-user-response schema","Failed suite [Regression Tests]","Sun Feb 15 15:39:01 UTC 2026","passed","Sun Feb 15 15:39:02 UTC 2026","ua.kpi.sc.test.api.tests.auth.AuthLoginTest","Regression(failed)","ua.kpi.sc.test.api.tests.auth.AuthLoginTest","loginResponseMatchesSchema"
"","737","Full lifecycle: create → toggle → add override → update → delete","Regression Tests","Sun Feb 15 15:30:51 UTC 2026","passed","Sun Feb 15 15:30:52 UTC 2026","ua.kpi.sc.test.api.tests.featureflag.FeatureFlagLifecycleTest","Regression","ua.kpi.sc.test.api.tests.featureflag.FeatureFlagLifecycleTest","fullLifecycle_createToggleAddOverrideUpdateDelete"
"","719","Non-admin access to audit logs returns 403","Regression Tests","Sun Feb 15 15:17:56 UTC 2026","passed","Sun Feb 15 15:17:57 UTC 2026","ua.kpi.sc.test.api.tests.audit.AuditTest","Regression","ua.kpi.sc.test.api.tests.audit.AuditTest","nonAdminAccess_returns403"
"","30246","Register returns the same email in response","Failed suite [Regression Tests]","Sun Feb 15 15:37:28 UTC 2026","failed","Sun Feb 15 15:37:58 UTC 2026","ua.kpi.sc.test.api.tests.auth.AuthRegisterTest","Regression(failed)","ua.kpi.sc.test.api.tests.auth.AuthRegisterTest","registerReturnsSameEmailInResponse"
"","233","Login with empty fields returns 400","Regression Tests","Sun Feb 15 15:15:22 UTC 2026","passed","Sun Feb 15 15:15:22 UTC 2026","ua.kpi.sc.test.api.tests.auth.AuthLoginTest","Regression","ua.kpi.sc.test.api.tests.auth.AuthLoginTest","loginEmptyFieldsReturns400"
