"DESCRIPTION","DURATION IN MS","NAME","PARENT SUITE","START TIME","STATUS","STOP TIME","SUB SUITE","SUITE","TEST CLASS","TEST METHOD"
"","1190","Logout clears access_token cookie specifically with Max-Age=0","Regression Tests","Mon Feb 16 04:19:39 UTC 2026","passed","Mon Feb 16 04:19:40 UTC 2026","ua.kpi.sc.test.api.tests.auth.AuthLogoutTest","Regression","ua.kpi.sc.test.api.tests.auth.AuthLogoutTest","logoutClearsAccessTokenCookieSpecifically"
"","31","Get non-existent user returns 404","Regression Tests","Mon Feb 16 04:20:02 UTC 2026","passed","Mon Feb 16 04:20:02 UTC 2026","ua.kpi.sc.test.api.tests.user.UserGetByIdTest","Regression","ua.kpi.sc.test.api.tests.user.UserGetByIdTest","getNonExistentUserReturns404"
"","1187","72-char new password returns 204","Regression Tests","Mon Feb 16 04:20:11 UTC 2026","passed","Mon Feb 16 04:20:12 UTC 2026","ua.kpi.sc.test.api.tests.user.UserChangePasswordTest","Regression","ua.kpi.sc.test.api.tests.user.UserChangePasswordTest","maxLengthNewPasswordReturns204"
"","542","Evaluate after toggle reflects new state","Regression Tests","Mon Feb 16 04:20:04 UTC 2026","passed","Mon Feb 16 04:20:04 UTC 2026","ua.kpi.sc.test.api.tests.featureflag.FeatureFlagEvaluationTest","Regression","ua.kpi.sc.test.api.tests.featureflag.FeatureFlagEvaluationTest","evaluateAfterToggle_reflectsNewState"
"","4858","Reset then forgot-password again (second cycle works)","Regression Tests","Mon Feb 16 04:19:59 UTC 2026","passed","Mon Feb 16 04:20:04 UTC 2026","ua.kpi.sc.test.api.tests.auth.AuthPasswordResetFlowTest","Regression","ua.kpi.sc.test.api.tests.auth.AuthPasswordResetFlowTest","resetThenForgotPasswordSecondCycleWorks"
"","1043","PUT /users/{id}/status returns 405 Method Not Allowed","Regression Tests","Mon Feb 16 04:19:54 UTC 2026","passed","Mon Feb 16 04:19:55 UTC 2026","ua.kpi.sc.test.api.tests.user.UserUpdateStatusTest","Regression","ua.kpi.sc.test.api.tests.user.UserUpdateStatusTest","putStatusReturns405"
"","55","Refresh with malformed JWT token returns 401","Regression Tests","Mon Feb 16 04:19:54 UTC 2026","passed","Mon Feb 16 04:19:54 UTC 2026","ua.kpi.sc.test.api.tests.auth.AuthRefreshTest","Regression","ua.kpi.sc.test.api.tests.auth.AuthRefreshTest","refreshWithMalformedTokenReturns401"
"","54","PATCH /refresh returns 405","Regression Tests","Mon Feb 16 04:19:37 UTC 2026","passed","Mon Feb 16 04:19:37 UTC 2026","ua.kpi.sc.test.api.tests.auth.AuthRefreshTest","Regression","ua.kpi.sc.test.api.tests.auth.AuthRefreshTest","refreshMethodNotAllowedPatch"
"","103","Google OAuth redirect Location contains openid scope","Regression Tests","Mon Feb 16 04:19:35 UTC 2026","passed","Mon Feb 16 04:19:35 UTC 2026","ua.kpi.sc.test.api.tests.auth.AuthGoogleOAuthTest","Regression","ua.kpi.sc.test.api.tests.auth.AuthGoogleOAuthTest","googleOAuthRedirectLocationContainsOpenidScope"
"","254","Feature flag audit pagination works via centralized audit","Regression Tests","Mon Feb 16 04:20:06 UTC 2026","passed","Mon Feb 16 04:20:06 UTC 2026","ua.kpi.sc.test.api.tests.featureflag.FeatureFlagAdminTest","Regression","ua.kpi.sc.test.api.tests.featureflag.FeatureFlagAdminTest","auditLogPaginationWorksCorrectly"
"","83","Update self profile returns 200","Regression Tests","Mon Feb 16 04:19:57 UTC 2026","passed","Mon Feb 16 04:19:57 UTC 2026","ua.kpi.sc.test.api.tests.user.UserSelfUpdateTest","Regression","ua.kpi.sc.test.api.tests.user.UserSelfUpdateTest","updateSelfReturns200"
"","51","PATCH /forgot-password returns 405","Regression Tests","Mon Feb 16 04:19:36 UTC 2026","passed","Mon Feb 16 04:19:36 UTC 2026","ua.kpi.sc.test.api.tests.auth.AuthForgotPasswordTest","Regression","ua.kpi.sc.test.api.tests.auth.AuthForgotPasswordTest","forgotPasswordMethodNotAllowedPatch"
"","31","Unauthenticated access to audit logs returns 401","Regression Tests","Mon Feb 16 04:19:36 UTC 2026","passed","Mon Feb 16 04:19:36 UTC 2026","ua.kpi.sc.test.api.tests.audit.AuditTest","Regression","ua.kpi.sc.test.api.tests.audit.AuditTest","unauthenticatedAccess_returns401"
"","7150","Reset then change-password still works","Regression Tests","Mon Feb 16 04:19:52 UTC 2026","passed","Mon Feb 16 04:19:59 UTC 2026","ua.kpi.sc.test.api.tests.auth.AuthPasswordResetFlowTest","Regression","ua.kpi.sc.test.api.tests.auth.AuthPasswordResetFlowTest","resetThenChangePasswordStillWorks"
"","45","Forgot password with XSS in email returns 400","Regression Tests","Mon Feb 16 04:19:44 UTC 2026","passed","Mon Feb 16 04:19:44 UTC 2026","ua.kpi.sc.test.api.tests.auth.AuthForgotPasswordTest","Regression","ua.kpi.sc.test.api.tests.auth.AuthForgotPasswordTest","forgotPasswordWithXssInEmailReturns400"
"","322","Logout with invalid bearer token returns 401","Regression Tests","Mon Feb 16 04:19:52 UTC 2026","passed","Mon Feb 16 04:19:52 UTC 2026","ua.kpi.sc.test.api.tests.auth.AuthLogoutTest","Regression","ua.kpi.sc.test.api.tests.auth.AuthLogoutTest","logoutWithInvalidTokenReturns401"
"","26","GET /me with malformed Bearer token returns 401","Regression Tests","Mon Feb 16 04:19:56 UTC 2026","passed","Mon Feb 16 04:19:56 UTC 2026","ua.kpi.sc.test.api.tests.auth.AuthMeTest","Regression","ua.kpi.sc.test.api.tests.auth.AuthMeTest","meWithMalformedBearerTokenReturns401"
"","418","Google OAuth callback with SQL injection in code returns error","Regression Tests","Mon Feb 16 04:19:34 UTC 2026","passed","Mon Feb 16 04:19:34 UTC 2026","ua.kpi.sc.test.api.tests.auth.AuthGoogleOAuthTest","Regression","ua.kpi.sc.test.api.tests.auth.AuthGoogleOAuthTest","googleOAuthCallbackWithSqlInjectionReturnsError"
"","613","Null fields returns 400","Regression Tests","Mon Feb 16 04:20:12 UTC 2026","passed","Mon Feb 16 04:20:13 UTC 2026","ua.kpi.sc.test.api.tests.user.UserChangePasswordTest","Regression","ua.kpi.sc.test.api.tests.user.UserChangePasswordTest","nullFieldsReturns400"
"","863","Register sets HttpOnly cookies","Regression Tests","Mon Feb 16 04:19:49 UTC 2026","passed","Mon Feb 16 04:19:50 UTC 2026","ua.kpi.sc.test.api.tests.auth.AuthRegisterTest","Regression","ua.kpi.sc.test.api.tests.auth.AuthRegisterTest","registerSetsHttpOnlyCookies"
"","66","Created flag appears in list","Regression Tests","Mon Feb 16 04:20:07 UTC 2026","passed","Mon Feb 16 04:20:07 UTC 2026","ua.kpi.sc.test.api.tests.featureflag.FeatureFlagAdminTest","Regression","ua.kpi.sc.test.api.tests.featureflag.FeatureFlagAdminTest","createdFlagAppearsInList"
"","879","Register with spaced name succeeds","Regression Tests","Mon Feb 16 04:20:01 UTC 2026","passed","Mon Feb 16 04:20:02 UTC 2026","ua.kpi.sc.test.api.tests.auth.AuthRegisterTest","Regression","ua.kpi.sc.test.api.tests.auth.AuthRegisterTest","registerWithSpacedNameSucceeds"
"","282","DELETE /forgot-password returns 405","Regression Tests","Mon Feb 16 04:19:36 UTC 2026","passed","Mon Feb 16 04:19:36 UTC 2026","ua.kpi.sc.test.api.tests.auth.AuthForgotPasswordTest","Regression","ua.kpi.sc.test.api.tests.auth.AuthForgotPasswordTest","forgotPasswordMethodNotAllowedDelete"
"","48","Basic user cannot add override — returns 403","Regression Tests","Mon Feb 16 04:20:06 UTC 2026","passed","Mon Feb 16 04:20:06 UTC 2026","ua.kpi.sc.test.api.tests.featureflag.FeatureFlagAdminTest","Regression","ua.kpi.sc.test.api.tests.featureflag.FeatureFlagAdminTest","basicUserCannotAddOverride_returns403"
"","86","Reset password 400 contains meaningful detail","Regression Tests","Mon Feb 16 04:19:41 UTC 2026","passed","Mon Feb 16 04:19:41 UTC 2026","ua.kpi.sc.test.api.tests.auth.AuthResetPasswordTest","Regression","ua.kpi.sc.test.api.tests.auth.AuthResetPasswordTest","resetPassword400ContainsMeaningfulDetail"
"","33","Register with empty email returns 400","Regression Tests","Mon Feb 16 04:19:57 UTC 2026","passed","Mon Feb 16 04:19:57 UTC 2026","ua.kpi.sc.test.api.tests.auth.AuthRegisterTest","Regression","ua.kpi.sc.test.api.tests.auth.AuthRegisterTest","registerWithEmptyEmailReturns400"
"","88","Delete flag generates audit entry in centralized audit","Regression Tests","Mon Feb 16 04:20:07 UTC 2026","passed","Mon Feb 16 04:20:07 UTC 2026","ua.kpi.sc.test.api.tests.featureflag.FeatureFlagAdminTest","Regression","ua.kpi.sc.test.api.tests.featureflag.FeatureFlagAdminTest","deleteFlagGeneratesAuditEntry"
"","2386","Login returns both access and refresh cookies","Regression Tests","Mon Feb 16 04:19:44 UTC 2026","passed","Mon Feb 16 04:19:46 UTC 2026","ua.kpi.sc.test.api.tests.auth.AuthLoginTest","Regression","ua.kpi.sc.test.api.tests.auth.AuthLoginTest","loginReturnsAccessAndRefreshCookies"
"","1510","POST /me returns 405","Regression Tests","Mon Feb 16 04:19:40 UTC 2026","passed","Mon Feb 16 04:19:41 UTC 2026","ua.kpi.sc.test.api.tests.auth.AuthMeTest","Regression","ua.kpi.sc.test.api.tests.auth.AuthMeTest","meMethodNotAllowedPost"
"","2689","Reset password with 8-char password succeeds","Regression Tests","Mon Feb 16 04:19:50 UTC 2026","passed","Mon Feb 16 04:19:53 UTC 2026","ua.kpi.sc.test.api.tests.auth.AuthResetPasswordTest","Regression","ua.kpi.sc.test.api.tests.auth.AuthResetPasswordTest","resetPasswordWith8CharPasswordSucceeds"
"","15","Create flag without auth returns 401","Regression Tests","Mon Feb 16 04:20:07 UTC 2026","passed","Mon Feb 16 04:20:07 UTC 2026","ua.kpi.sc.test.api.tests.featureflag.FeatureFlagAdminTest","Regression","ua.kpi.sc.test.api.tests.featureflag.FeatureFlagAdminTest","createFlagWithoutAuthReturns401"
"","1115","Add override and verify evaluation for targeted user","Regression Tests","Mon Feb 16 04:20:03 UTC 2026","passed","Mon Feb 16 04:20:05 UTC 2026","ua.kpi.sc.test.api.tests.featureflag.FeatureFlagLifecycleTest","Regression","ua.kpi.sc.test.api.tests.featureflag.FeatureFlagLifecycleTest","addOverrideAndVerifyEvaluationForTargetedUser"
"","2188","Register with duplicate email returns 409","Regression Tests","Mon Feb 16 04:19:36 UTC 2026","passed","Mon Feb 16 04:19:38 UTC 2026","ua.kpi.sc.test.api.tests.auth.AuthRegisterTest","Regression","ua.kpi.sc.test.api.tests.auth.AuthRegisterTest","registerDuplicateEmailReturns409"
"","226","GET /login returns 405","Regression Tests","Mon Feb 16 04:19:34 UTC 2026","passed","Mon Feb 16 04:19:34 UTC 2026","ua.kpi.sc.test.api.tests.auth.AuthLoginTest","Regression","ua.kpi.sc.test.api.tests.auth.AuthLoginTest","loginMethodNotAllowedGet"
"","697","Empty body returns 400","Regression Tests","Mon Feb 16 04:20:09 UTC 2026","passed","Mon Feb 16 04:20:09 UTC 2026","ua.kpi.sc.test.api.tests.user.UserChangePasswordTest","Regression","ua.kpi.sc.test.api.tests.user.UserChangePasswordTest","emptyBodyReturns400"
"","147","Refresh 401 matches ProblemDetail schema","Regression Tests","Mon Feb 16 04:19:38 UTC 2026","passed","Mon Feb 16 04:19:39 UTC 2026","ua.kpi.sc.test.api.tests.auth.AuthRefreshTest","Regression","ua.kpi.sc.test.api.tests.auth.AuthRefreshTest","refreshProblemDetailSchemaOn401"
"","10","Change password without auth returns 401","Regression Tests","Mon Feb 16 04:20:15 UTC 2026","passed","Mon Feb 16 04:20:15 UTC 2026","ua.kpi.sc.test.api.tests.user.UserChangePasswordTest","Regression","ua.kpi.sc.test.api.tests.user.UserChangePasswordTest","withoutAuthReturns401"
"","820","GET /me returns correct data matching registration request","Regression Tests","Mon Feb 16 04:19:47 UTC 2026","passed","Mon Feb 16 04:19:48 UTC 2026","ua.kpi.sc.test.api.tests.auth.AuthMeTest","Regression","ua.kpi.sc.test.api.tests.auth.AuthMeTest","meReturnsCorrectRegisteredData"
"","1388","Refresh token cannot be reused after rotation","Regression Tests","Mon Feb 16 04:19:49 UTC 2026","passed","Mon Feb 16 04:19:51 UTC 2026","ua.kpi.sc.test.api.tests.auth.AuthRefreshTest","Regression","ua.kpi.sc.test.api.tests.auth.AuthRefreshTest","refreshTokenCannotBeReusedAfterRotation"
"","285","Centralized audit returns cross-flag entries","Regression Tests","Mon Feb 16 04:20:05 UTC 2026","passed","Mon Feb 16 04:20:06 UTC 2026","ua.kpi.sc.test.api.tests.featureflag.FeatureFlagAdminTest","Regression","ua.kpi.sc.test.api.tests.featureflag.FeatureFlagAdminTest","allAuditLogsEndpointReturnsCrossFlag"
"","617","Short new password returns 400","Regression Tests","Mon Feb 16 04:20:14 UTC 2026","passed","Mon Feb 16 04:20:14 UTC 2026","ua.kpi.sc.test.api.tests.user.UserChangePasswordTest","Regression","ua.kpi.sc.test.api.tests.user.UserChangePasswordTest","shortNewPasswordReturns400"
"","258","GET /refresh 405 matches ProblemDetail schema","Regression Tests","Mon Feb 16 04:19:33 UTC 2026","passed","Mon Feb 16 04:19:33 UTC 2026","ua.kpi.sc.test.api.tests.auth.AuthRefreshTest","Regression","ua.kpi.sc.test.api.tests.auth.AuthRefreshTest","refresh405MatchesProblemDetailSchema"
"","32","Basic user cannot toggle flag — returns 403","Regression Tests","Mon Feb 16 04:20:06 UTC 2026","passed","Mon Feb 16 04:20:06 UTC 2026","ua.kpi.sc.test.api.tests.featureflag.FeatureFlagAdminTest","Regression","ua.kpi.sc.test.api.tests.featureflag.FeatureFlagAdminTest","basicUserCannotToggleFlag_returns403"
"","55","Delete non-existent user returns 404","Regression Tests","Mon Feb 16 04:20:02 UTC 2026","passed","Mon Feb 16 04:20:02 UTC 2026","ua.kpi.sc.test.api.tests.user.UserDeleteTest","Regression","ua.kpi.sc.test.api.tests.user.UserDeleteTest","deleteNonExistentUserReturns404"
"","907","Logout is idempotent or rejects already-invalidated token","Regression Tests","Mon Feb 16 04:19:44 UTC 2026","passed","Mon Feb 16 04:19:45 UTC 2026","ua.kpi.sc.test.api.tests.auth.AuthLogoutTest","Regression","ua.kpi.sc.test.api.tests.auth.AuthLogoutTest","logoutIdempotent"
"","378","Bulk toggle disables multiple flags","Regression Tests","Mon Feb 16 04:20:06 UTC 2026","passed","Mon Feb 16 04:20:06 UTC 2026","ua.kpi.sc.test.api.tests.featureflag.FeatureFlagAdminTest","Regression","ua.kpi.sc.test.api.tests.featureflag.FeatureFlagAdminTest","bulkToggleDisablesMultipleFlags"
"","7537","Create user with each tier level succeeds","Regression Tests","Mon Feb 16 04:19:53 UTC 2026","passed","Mon Feb 16 04:20:01 UTC 2026","ua.kpi.sc.test.api.tests.user.UserCreateTest","Regression","ua.kpi.sc.test.api.tests.user.UserCreateTest","createUserWithEachTier"
"","882","Register returns capabilityTier >= 0","Regression Tests","Mon Feb 16 04:19:46 UTC 2026","passed","Mon Feb 16 04:19:47 UTC 2026","ua.kpi.sc.test.api.tests.auth.AuthRegisterTest","Regression","ua.kpi.sc.test.api.tests.auth.AuthRegisterTest","registerReturnsCapabilityTier"
"","2679","Both register and login access tokens are valid for getMe","Regression Tests","Mon Feb 16 04:19:42 UTC 2026","passed","Mon Feb 16 04:19:45 UTC 2026","ua.kpi.sc.test.api.tests.auth.AuthFlowTest","Regression","ua.kpi.sc.test.api.tests.auth.AuthFlowTest","loginAfterRegistrationBothTokensWork"
"","1768","Logout then login produces new tokens; new token works for getMe","Regression Tests","Mon Feb 16 04:19:45 UTC 2026","passed","Mon Feb 16 04:19:47 UTC 2026","ua.kpi.sc.test.api.tests.auth.AuthFlowTest","Regression","ua.kpi.sc.test.api.tests.auth.AuthFlowTest","logoutThenLoginProducesNewTokens"
"","4741","Login cookies have Path=/","Regression Tests","Mon Feb 16 04:19:28 UTC 2026","passed","Mon Feb 16 04:19:32 UTC 2026","ua.kpi.sc.test.api.tests.auth.AuthCookieContractTest","Regression","ua.kpi.sc.test.api.tests.auth.AuthCookieContractTest","loginCookiesHavePathSlash"
"","2596","Login cookies have SameSite=Lax attribute","Regression Tests","Mon Feb 16 04:19:32 UTC 2026","passed","Mon Feb 16 04:19:35 UTC 2026","ua.kpi.sc.test.api.tests.auth.AuthCookieContractTest","Regression","ua.kpi.sc.test.api.tests.auth.AuthCookieContractTest","loginCookiesHaveSameSiteLax"
"","2067","Refresh then getMe with new access token returns 200 and correct email","Regression Tests","Mon Feb 16 04:19:51 UTC 2026","passed","Mon Feb 16 04:19:53 UTC 2026","ua.kpi.sc.test.api.tests.auth.AuthFlowTest","Regression","ua.kpi.sc.test.api.tests.auth.AuthFlowTest","refreshThenGetMeWithNewAccessToken"
"","67","POST /oauth2/google returns 405","Regression Tests","Mon Feb 16 04:19:34 UTC 2026","passed","Mon Feb 16 04:19:35 UTC 2026","ua.kpi.sc.test.api.tests.auth.AuthGoogleOAuthTest","Regression","ua.kpi.sc.test.api.tests.auth.AuthGoogleOAuthTest","googleOAuthMethodNotAllowedPost"
"","78","Register with empty JSON object returns 400","Regression Tests","Mon Feb 16 04:19:57 UTC 2026","passed","Mon Feb 16 04:19:57 UTC 2026","ua.kpi.sc.test.api.tests.auth.AuthRegisterTest","Regression","ua.kpi.sc.test.api.tests.auth.AuthRegisterTest","registerWithEmptyJsonObjectReturns400"
"","204","Add tier override returns 201","Regression Tests","Mon Feb 16 04:20:05 UTC 2026","passed","Mon Feb 16 04:20:05 UTC 2026","ua.kpi.sc.test.api.tests.featureflag.FeatureFlagAdminTest","Regression","ua.kpi.sc.test.api.tests.featureflag.FeatureFlagAdminTest","addTierOverrideReturns201"
"","54","Refresh with no cookie returns 401","Regression Tests","Mon Feb 16 04:19:54 UTC 2026","passed","Mon Feb 16 04:19:54 UTC 2026","ua.kpi.sc.test.api.tests.auth.AuthRefreshTest","Regression","ua.kpi.sc.test.api.tests.auth.AuthRefreshTest","refreshWithNoCookieReturns401"
"","172","PUT /forgot-password returns 405","Regression Tests","Mon Feb 16 04:19:36 UTC 2026","passed","Mon Feb 16 04:19:37 UTC 2026","ua.kpi.sc.test.api.tests.auth.AuthForgotPasswordTest","Regression","ua.kpi.sc.test.api.tests.auth.AuthForgotPasswordTest","forgotPasswordMethodNotAllowedPut"
"","74","Register with very long email returns 400","Regression Tests","Mon Feb 16 04:20:03 UTC 2026","passed","Mon Feb 16 04:20:03 UTC 2026","ua.kpi.sc.test.api.tests.auth.AuthRegisterTest","Regression","ua.kpi.sc.test.api.tests.auth.AuthRegisterTest","registerWithVeryLongEmailReturns400"
"","1114","Assign partner level returns 201","Regression Tests","Mon Feb 16 04:19:59 UTC 2026","passed","Mon Feb 16 04:20:00 UTC 2026","ua.kpi.sc.test.api.tests.user.UserAssignPartnerTest","Regression","ua.kpi.sc.test.api.tests.user.UserAssignPartnerTest","assignPartnerLevelReturns201"
"","130","Evaluate single with tier override returns overridden value","Regression Tests","Mon Feb 16 04:20:06 UTC 2026","passed","Mon Feb 16 04:20:06 UTC 2026","ua.kpi.sc.test.api.tests.featureflag.FeatureFlagEvaluationTest","Regression","ua.kpi.sc.test.api.tests.featureflag.FeatureFlagEvaluationTest","evaluateSingleWithTierOverride_returnsOverriddenValue"
"","69","Error redirect points to frontend URL","Regression Tests","Mon Feb 16 04:19:34 UTC 2026","passed","Mon Feb 16 04:19:34 UTC 2026","ua.kpi.sc.test.api.tests.auth.AuthGoogleOAuthTest","Regression","ua.kpi.sc.test.api.tests.auth.AuthGoogleOAuthTest","googleOAuthErrorRedirectPointsToFrontend"
"","1275","PATCH /users/{id}/tier with invalid tier returns 400","Regression Tests","Mon Feb 16 04:20:01 UTC 2026","passed","Mon Feb 16 04:20:02 UTC 2026","ua.kpi.sc.test.api.tests.user.UserUpdateTierTest","Regression","ua.kpi.sc.test.api.tests.user.UserUpdateTierTest","updateTierWithInvalidValueReturns400"
"","4588","Old password fails after reset","Regression Tests","Mon Feb 16 04:19:37 UTC 2026","passed","Mon Feb 16 04:19:41 UTC 2026","ua.kpi.sc.test.api.tests.auth.AuthResetPasswordTest","Regression","ua.kpi.sc.test.api.tests.auth.AuthResetPasswordTest","oldPasswordFailsAfterReset"
"","541","Refresh returns capabilityTier >= 0","Regression Tests","Mon Feb 16 04:19:42 UTC 2026","passed","Mon Feb 16 04:19:43 UTC 2026","ua.kpi.sc.test.api.tests.auth.AuthRefreshTest","Regression","ua.kpi.sc.test.api.tests.auth.AuthRefreshTest","refreshReturnsCapabilityTier"
"","3383","Register -> login -> getMe: email matches after login","Regression Tests","Mon Feb 16 04:19:36 UTC 2026","passed","Mon Feb 16 04:19:39 UTC 2026","ua.kpi.sc.test.api.tests.auth.AuthFlowTest","Regression","ua.kpi.sc.test.api.tests.auth.AuthFlowTest","fullLoginToMeFlow"
"","1218","Refresh cookies have SameSite=Lax attribute","Regression Tests","Mon Feb 16 04:19:42 UTC 2026","passed","Mon Feb 16 04:19:44 UTC 2026","ua.kpi.sc.test.api.tests.auth.AuthCookieContractTest","Regression","ua.kpi.sc.test.api.tests.auth.AuthCookieContractTest","refreshCookiesHaveSameSiteLax"
"","939","Logout invalidates refresh token","Regression Tests","Mon Feb 16 04:19:45 UTC 2026","passed","Mon Feb 16 04:19:46 UTC 2026","ua.kpi.sc.test.api.tests.auth.AuthLogoutTest","Regression","ua.kpi.sc.test.api.tests.auth.AuthLogoutTest","logoutInvalidatesRefreshToken"
"","65","Register with special chars in name returns 400","Regression Tests","Mon Feb 16 04:19:59 UTC 2026","passed","Mon Feb 16 04:19:59 UTC 2026","ua.kpi.sc.test.api.tests.auth.AuthRegisterTest","Regression","ua.kpi.sc.test.api.tests.auth.AuthRegisterTest","registerWithNameContainingSpecialCharsReturns400"
"","1261","Removed partner is gone from user response","Regression Tests","Mon Feb 16 04:20:03 UTC 2026","passed","Mon Feb 16 04:20:04 UTC 2026","ua.kpi.sc.test.api.tests.user.UserRemovePartnerTest","Regression","ua.kpi.sc.test.api.tests.user.UserRemovePartnerTest","removedPartnerGoneFromUser"
"","209","Update self preserves other fields","Regression Tests","Mon Feb 16 04:19:56 UTC 2026","passed","Mon Feb 16 04:19:57 UTC 2026","ua.kpi.sc.test.api.tests.user.UserSelfUpdateTest","Regression","ua.kpi.sc.test.api.tests.user.UserSelfUpdateTest","updateSelfPreservesOtherFields"
"","1437","Refresh returns a valid UUID as id","Regression Tests","Mon Feb 16 04:19:44 UTC 2026","passed","Mon Feb 16 04:19:45 UTC 2026","ua.kpi.sc.test.api.tests.auth.AuthRefreshTest","Regression","ua.kpi.sc.test.api.tests.auth.AuthRefreshTest","refreshReturnsValidUuid"
"","170","DELETE /login returns 405","Regression Tests","Mon Feb 16 04:19:33 UTC 2026","passed","Mon Feb 16 04:19:34 UTC 2026","ua.kpi.sc.test.api.tests.auth.AuthLoginTest","Regression","ua.kpi.sc.test.api.tests.auth.AuthLoginTest","loginMethodNotAllowedDelete"
"","1295","PUT /users/{id}/tier returns 405 Method Not Allowed","Regression Tests","Mon Feb 16 04:19:58 UTC 2026","passed","Mon Feb 16 04:20:00 UTC 2026","ua.kpi.sc.test.api.tests.user.UserUpdateTierTest","Regression","ua.kpi.sc.test.api.tests.user.UserUpdateTierTest","putTierReturns405"
"","1829","DELETE /me returns 405","Regression Tests","Mon Feb 16 04:19:36 UTC 2026","passed","Mon Feb 16 04:19:38 UTC 2026","ua.kpi.sc.test.api.tests.auth.AuthMeTest","Regression","ua.kpi.sc.test.api.tests.auth.AuthMeTest","meMethodNotAllowedDelete"
"","619","73-char new password returns 400","Regression Tests","Mon Feb 16 04:20:14 UTC 2026","passed","Mon Feb 16 04:20:15 UTC 2026","ua.kpi.sc.test.api.tests.user.UserChangePasswordTest","Regression","ua.kpi.sc.test.api.tests.user.UserChangePasswordTest","tooLongNewPasswordReturns400"
"","48","healthEndpointResponseTimeIsAcceptable","Regression Tests","Mon Feb 16 04:19:50 UTC 2026","passed","Mon Feb 16 04:19:50 UTC 2026","ua.kpi.sc.test.api.tests.smoke.HealthCheckTest","Regression","ua.kpi.sc.test.api.tests.smoke.HealthCheckTest","healthEndpointResponseTimeIsAcceptable"
"","1211","GET /logout 405 matches ProblemDetail schema","Regression Tests","Mon Feb 16 04:19:36 UTC 2026","passed","Mon Feb 16 04:19:37 UTC 2026","ua.kpi.sc.test.api.tests.auth.AuthLogoutTest","Regression","ua.kpi.sc.test.api.tests.auth.AuthLogoutTest","logout405MatchesProblemDetailSchema"
"","948","Assign partner level upserts existing","Regression Tests","Mon Feb 16 04:20:00 UTC 2026","passed","Mon Feb 16 04:20:01 UTC 2026","ua.kpi.sc.test.api.tests.user.UserAssignPartnerTest","Regression","ua.kpi.sc.test.api.tests.user.UserAssignPartnerTest","assignPartnerUpserts"
"","39","Reset password with invalid token returns 400","Regression Tests","Mon Feb 16 04:19:53 UTC 2026","passed","Mon Feb 16 04:19:53 UTC 2026","ua.kpi.sc.test.api.tests.auth.AuthResetPasswordTest","Regression","ua.kpi.sc.test.api.tests.auth.AuthResetPasswordTest","resetPasswordWithInvalidTokenReturns400"
"","273","Google OAuth callback with empty state returns error","Regression Tests","Mon Feb 16 04:19:32 UTC 2026","passed","Mon Feb 16 04:19:33 UTC 2026","ua.kpi.sc.test.api.tests.auth.AuthGoogleOAuthTest","Regression","ua.kpi.sc.test.api.tests.auth.AuthGoogleOAuthTest","googleOAuthCallbackWithEmptyStateReturnsError"
"","128","Remove tier override disappears from flag detail","Regression Tests","Mon Feb 16 04:20:08 UTC 2026","passed","Mon Feb 16 04:20:08 UTC 2026","ua.kpi.sc.test.api.tests.featureflag.FeatureFlagAdminTest","Regression","ua.kpi.sc.test.api.tests.featureflag.FeatureFlagAdminTest","removeTierOverrideDisappearsFromFlagDetail"
"","971","List users contains registered user","Regression Tests","Mon Feb 16 04:20:00 UTC 2026","passed","Mon Feb 16 04:20:01 UTC 2026","ua.kpi.sc.test.api.tests.user.UserTest","Regression","ua.kpi.sc.test.api.tests.user.UserTest","listUsersContainsRegisteredUser"
"","1204","Register returns the same email in response","Regression Tests","Mon Feb 16 04:19:47 UTC 2026","passed","Mon Feb 16 04:19:48 UTC 2026","ua.kpi.sc.test.api.tests.auth.AuthRegisterTest","Regression","ua.kpi.sc.test.api.tests.auth.AuthRegisterTest","registerReturnsSameEmailInResponse"
"","37","GET /refresh returns 405","Regression Tests","Mon Feb 16 04:19:37 UTC 2026","passed","Mon Feb 16 04:19:37 UTC 2026","ua.kpi.sc.test.api.tests.auth.AuthRefreshTest","Regression","ua.kpi.sc.test.api.tests.auth.AuthRefreshTest","refreshMethodNotAllowedGet"
"","149","Register with XSS in name fields is rejected with 400","Regression Tests","Mon Feb 16 04:20:04 UTC 2026","passed","Mon Feb 16 04:20:04 UTC 2026","ua.kpi.sc.test.api.tests.auth.AuthRegisterTest","Regression","ua.kpi.sc.test.api.tests.auth.AuthRegisterTest","registerWithXssInNameFields"
"","1530","Register with Arabic name succeeds","Regression Tests","Mon Feb 16 04:19:53 UTC 2026","passed","Mon Feb 16 04:19:55 UTC 2026","ua.kpi.sc.test.api.tests.auth.AuthRegisterTest","Regression","ua.kpi.sc.test.api.tests.auth.AuthRegisterTest","registerWithArabicNameSucceeds"
"","62","Delete feature flag returns 204","Regression Tests","Mon Feb 16 04:20:07 UTC 2026","passed","Mon Feb 16 04:20:08 UTC 2026","ua.kpi.sc.test.api.tests.featureflag.FeatureFlagAdminTest","Regression","ua.kpi.sc.test.api.tests.featureflag.FeatureFlagAdminTest","deleteFlagReturns204"
"","1525","GET /me response does not contain password field","Regression Tests","Mon Feb 16 04:19:33 UTC 2026","passed","Mon Feb 16 04:19:35 UTC 2026","ua.kpi.sc.test.api.tests.auth.AuthMeTest","Regression","ua.kpi.sc.test.api.tests.auth.AuthMeTest","meDoesNotReturnPasswordField"
"","1432","GET /me is idempotent — two calls return identical data","Regression Tests","Mon Feb 16 04:19:35 UTC 2026","passed","Mon Feb 16 04:19:36 UTC 2026","ua.kpi.sc.test.api.tests.auth.AuthMeTest","Regression","ua.kpi.sc.test.api.tests.auth.AuthMeTest","meIdempotent"
"","32","Register with plain text content type returns 415","Regression Tests","Mon Feb 16 04:20:01 UTC 2026","passed","Mon Feb 16 04:20:01 UTC 2026","ua.kpi.sc.test.api.tests.auth.AuthRegisterTest","Regression","ua.kpi.sc.test.api.tests.auth.AuthRegisterTest","registerWithPlainTextReturns415"
"","117","Create flag generates audit entry in centralized audit","Regression Tests","Mon Feb 16 04:20:07 UTC 2026","passed","Mon Feb 16 04:20:07 UTC 2026","ua.kpi.sc.test.api.tests.featureflag.FeatureFlagAdminTest","Regression","ua.kpi.sc.test.api.tests.featureflag.FeatureFlagAdminTest","createFlagGeneratesAuditEntry"
"","63","GET /forgot-password returns 405","Regression Tests","Mon Feb 16 04:19:36 UTC 2026","passed","Mon Feb 16 04:19:36 UTC 2026","ua.kpi.sc.test.api.tests.auth.AuthForgotPasswordTest","Regression","ua.kpi.sc.test.api.tests.auth.AuthForgotPasswordTest","forgotPasswordMethodNotAllowedGet"
"","23","Register with malformed JSON returns 400","Regression Tests","Mon Feb 16 04:19:59 UTC 2026","passed","Mon Feb 16 04:19:59 UTC 2026","ua.kpi.sc.test.api.tests.auth.AuthRegisterTest","Regression","ua.kpi.sc.test.api.tests.auth.AuthRegisterTest","registerWithMalformedJsonReturns400"
"","1476","Multiple forgot-password requests — all return 204","Regression Tests","Mon Feb 16 04:19:48 UTC 2026","passed","Mon Feb 16 04:19:49 UTC 2026","ua.kpi.sc.test.api.tests.auth.AuthPasswordResetFlowTest","Regression","ua.kpi.sc.test.api.tests.auth.AuthPasswordResetFlowTest","multipleForgotPasswordRequestsAllReturn204"
"","143","Search audit logs by text returns matches","Regression Tests","Mon Feb 16 04:19:36 UTC 2026","passed","Mon Feb 16 04:19:36 UTC 2026","ua.kpi.sc.test.api.tests.audit.AuditTest","Regression","ua.kpi.sc.test.api.tests.audit.AuditTest","searchByText_returnsMatches"
"","70","Login with invalid email format returns 400","Regression Tests","Mon Feb 16 04:20:05 UTC 2026","passed","Mon Feb 16 04:20:05 UTC 2026","ua.kpi.sc.test.api.tests.auth.AuthLoginTest","Regression","ua.kpi.sc.test.api.tests.auth.AuthLoginTest","loginWithInvalidEmailFormatReturns400"
"","627","GET /logout returns 405","Regression Tests","Mon Feb 16 04:19:47 UTC 2026","passed","Mon Feb 16 04:19:48 UTC 2026","ua.kpi.sc.test.api.tests.auth.AuthLogoutTest","Regression","ua.kpi.sc.test.api.tests.auth.AuthLogoutTest","logoutMethodNotAllowedGet"
"","1884","Refresh response content type is application/json","Regression Tests","Mon Feb 16 04:19:39 UTC 2026","passed","Mon Feb 16 04:19:41 UTC 2026","ua.kpi.sc.test.api.tests.auth.AuthRefreshTest","Regression","ua.kpi.sc.test.api.tests.auth.AuthRefreshTest","refreshResponseContentTypeIsJson"
"","42","List flags pagination works","Regression Tests","Mon Feb 16 04:20:08 UTC 2026","passed","Mon Feb 16 04:20:08 UTC 2026","ua.kpi.sc.test.api.tests.featureflag.FeatureFlagAdminTest","Regression","ua.kpi.sc.test.api.tests.featureflag.FeatureFlagAdminTest","listFlagsPaginationWorks"
"","2809","GET /me returns same data as login response","Regression Tests","Mon Feb 16 04:19:49 UTC 2026","passed","Mon Feb 16 04:19:52 UTC 2026","ua.kpi.sc.test.api.tests.auth.AuthMeTest","Regression","ua.kpi.sc.test.api.tests.auth.AuthMeTest","meReturnsSameDataAsLogin"
"","1331","Filter by active status returns matching","Regression Tests","Mon Feb 16 04:19:58 UTC 2026","passed","Mon Feb 16 04:19:59 UTC 2026","ua.kpi.sc.test.api.tests.user.UserSearchFilterTest","Regression","ua.kpi.sc.test.api.tests.user.UserSearchFilterTest","filterByActiveStatus"
"","1284","GET /me returns a valid UUID as id","Regression Tests","Mon Feb 16 04:19:54 UTC 2026","passed","Mon Feb 16 04:19:55 UTC 2026","ua.kpi.sc.test.api.tests.auth.AuthMeTest","Regression","ua.kpi.sc.test.api.tests.auth.AuthMeTest","meReturnsValidUuid"
"","62","Reset password with XSS in token returns 400","Regression Tests","Mon Feb 16 04:20:00 UTC 2026","passed","Mon Feb 16 04:20:00 UTC 2026","ua.kpi.sc.test.api.tests.auth.AuthResetPasswordTest","Regression","ua.kpi.sc.test.api.tests.auth.AuthResetPasswordTest","resetPasswordWithXssInTokenReturns400"
"","37","GET /me 401 matches ProblemDetail schema","Regression Tests","Mon Feb 16 04:19:43 UTC 2026","passed","Mon Feb 16 04:19:43 UTC 2026","ua.kpi.sc.test.api.tests.auth.AuthMeTest","Regression","ua.kpi.sc.test.api.tests.auth.AuthMeTest","meProblemDetailSchemaOn401"
"","42","Remove partner for non-existent user returns 404","Regression Tests","Mon Feb 16 04:20:02 UTC 2026","passed","Mon Feb 16 04:20:02 UTC 2026","ua.kpi.sc.test.api.tests.user.UserRemovePartnerTest","Regression","ua.kpi.sc.test.api.tests.user.UserRemovePartnerTest","removePartnerForNonExistentUserReturns404"
"","25","GET /reset-password returns 405","Regression Tests","Mon Feb 16 04:19:45 UTC 2026","passed","Mon Feb 16 04:19:45 UTC 2026","ua.kpi.sc.test.api.tests.auth.AuthResetPasswordTest","Regression","ua.kpi.sc.test.api.tests.auth.AuthResetPasswordTest","resetPasswordMethodNotAllowedGet"
"","5404","Cannot login with old password after change","Regression Tests","Mon Feb 16 04:19:58 UTC 2026","passed","Mon Feb 16 04:20:03 UTC 2026","ua.kpi.sc.test.api.tests.user.UserChangePasswordTest","Regression","ua.kpi.sc.test.api.tests.user.UserChangePasswordTest","cannotLoginWithOldPassword"
"","2364","Forgot password sends email to MailPit for registered user","Regression Tests","Mon Feb 16 04:19:40 UTC 2026","passed","Mon Feb 16 04:19:43 UTC 2026","ua.kpi.sc.test.api.tests.auth.AuthForgotPasswordTest","Regression","ua.kpi.sc.test.api.tests.auth.AuthForgotPasswordTest","forgotPasswordSendsEmailToMailpit"
"","3388","POST /me 405 matches ProblemDetail schema","Regression Tests","Mon Feb 16 04:19:30 UTC 2026","passed","Mon Feb 16 04:19:33 UTC 2026","ua.kpi.sc.test.api.tests.auth.AuthMeTest","Regression","ua.kpi.sc.test.api.tests.auth.AuthMeTest","me405MatchesProblemDetailSchema"
"","3898","Change password returns 204","Regression Tests","Mon Feb 16 04:20:03 UTC 2026","passed","Mon Feb 16 04:20:07 UTC 2026","ua.kpi.sc.test.api.tests.user.UserChangePasswordTest","Regression","ua.kpi.sc.test.api.tests.user.UserChangePasswordTest","changePasswordReturns204"
"","1300","Assign invalid level returns 400","Regression Tests","Mon Feb 16 04:19:54 UTC 2026","passed","Mon Feb 16 04:19:55 UTC 2026","ua.kpi.sc.test.api.tests.user.UserAssignPartnerTest","Regression","ua.kpi.sc.test.api.tests.user.UserAssignPartnerTest","assignInvalidLevelReturns400"
"","195","Register with null lastName returns 400","Regression Tests","Mon Feb 16 04:19:59 UTC 2026","passed","Mon Feb 16 04:20:00 UTC 2026","ua.kpi.sc.test.api.tests.auth.AuthRegisterTest","Regression","ua.kpi.sc.test.api.tests.auth.AuthRegisterTest","registerWithNullLastNameReturns400"
"","140","Evaluate with percentage rollout returns deterministic result","Regression Tests","Mon Feb 16 04:20:06 UTC 2026","passed","Mon Feb 16 04:20:06 UTC 2026","ua.kpi.sc.test.api.tests.featureflag.FeatureFlagEvaluationTest","Regression","ua.kpi.sc.test.api.tests.featureflag.FeatureFlagEvaluationTest","evaluateWithPercentageRollout_deterministicResult"
"","1143","Register 409 matches ProblemDetail schema","Regression Tests","Mon Feb 16 04:19:42 UTC 2026","passed","Mon Feb 16 04:19:44 UTC 2026","ua.kpi.sc.test.api.tests.auth.AuthRegisterTest","Regression","ua.kpi.sc.test.api.tests.auth.AuthRegisterTest","registerProblemDetailSchemaOn409"
"","1064","Response timing is similar for existing vs non-existing email","Regression Tests","Mon Feb 16 04:19:43 UTC 2026","passed","Mon Feb 16 04:19:44 UTC 2026","ua.kpi.sc.test.api.tests.auth.AuthForgotPasswordTest","Regression","ua.kpi.sc.test.api.tests.auth.AuthForgotPasswordTest","forgotPasswordTimingSimilarForExistingVsNonExisting"
"","55","Register with whitespace-only name returns 400","Regression Tests","Mon Feb 16 04:20:03 UTC 2026","passed","Mon Feb 16 04:20:03 UTC 2026","ua.kpi.sc.test.api.tests.auth.AuthRegisterTest","Regression","ua.kpi.sc.test.api.tests.auth.AuthRegisterTest","registerWithWhitespaceOnlyNameReturns400"
"","852","Register cookies have positive Max-Age","Regression Tests","Mon Feb 16 04:19:46 UTC 2026","passed","Mon Feb 16 04:19:47 UTC 2026","ua.kpi.sc.test.api.tests.auth.AuthCookieContractTest","Regression","ua.kpi.sc.test.api.tests.auth.AuthCookieContractTest","registerCookiesHavePositiveMaxAge"
"","191","Evaluate all with tier override returns overridden value","Regression Tests","Mon Feb 16 04:20:05 UTC 2026","passed","Mon Feb 16 04:20:05 UTC 2026","ua.kpi.sc.test.api.tests.featureflag.FeatureFlagEvaluationTest","Regression","ua.kpi.sc.test.api.tests.featureflag.FeatureFlagEvaluationTest","evaluateAllWithTierOverride_returnsOverriddenValue"
"","977","Refresh token rotates tokens and returns user data","Regression Tests","Mon Feb 16 04:19:51 UTC 2026","passed","Mon Feb 16 04:19:52 UTC 2026","ua.kpi.sc.test.api.tests.auth.AuthRefreshTest","Regression","ua.kpi.sc.test.api.tests.auth.AuthRefreshTest","refreshTokenReturnsNewToken"
"","211","Add user override returns 201","Regression Tests","Mon Feb 16 04:20:05 UTC 2026","passed","Mon Feb 16 04:20:05 UTC 2026","ua.kpi.sc.test.api.tests.featureflag.FeatureFlagAdminTest","Regression","ua.kpi.sc.test.api.tests.featureflag.FeatureFlagAdminTest","addUserOverrideReturns201"
"","2079","No email sent for unknown user","Regression Tests","Mon Feb 16 04:19:47 UTC 2026","passed","Mon Feb 16 04:19:50 UTC 2026","ua.kpi.sc.test.api.tests.auth.AuthForgotPasswordTest","Regression","ua.kpi.sc.test.api.tests.auth.AuthForgotPasswordTest","noEmailSentForUnknownUser"
"","1184","Refresh cookies have Secure flag matching transport protocol","Regression Tests","Mon Feb 16 04:19:44 UTC 2026","passed","Mon Feb 16 04:19:45 UTC 2026","ua.kpi.sc.test.api.tests.auth.AuthCookieContractTest","Regression","ua.kpi.sc.test.api.tests.auth.AuthCookieContractTest","refreshCookiesHaveSecureFlag"
"","137","Override appears in flag detail","Regression Tests","Mon Feb 16 04:20:08 UTC 2026","passed","Mon Feb 16 04:20:08 UTC 2026","ua.kpi.sc.test.api.tests.featureflag.FeatureFlagAdminTest","Regression","ua.kpi.sc.test.api.tests.featureflag.FeatureFlagAdminTest","overrideAppearsInFlagDetail"
"","3489","Forgot password 204 body doesn't reveal email existence","Regression Tests","Mon Feb 16 04:19:28 UTC 2026","passed","Mon Feb 16 04:19:31 UTC 2026","ua.kpi.sc.test.api.tests.auth.AuthForgotPasswordTest","Regression","ua.kpi.sc.test.api.tests.auth.AuthForgotPasswordTest","forgotPassword204BodyDoesNotRevealEmailExistence"
"","3052","Full cycle: register -> login -> getMe -> logout -> getMe returns 200 or 401","Regression Tests","Mon Feb 16 04:19:55 UTC 2026","passed","Mon Feb 16 04:19:58 UTC 2026","ua.kpi.sc.test.api.tests.auth.AuthFlowTest","Regression","ua.kpi.sc.test.api.tests.auth.AuthFlowTest","registerLoginMeLogoutFullCycle"
"","224","Toggle flag and verify evaluation changes","Regression Tests","Mon Feb 16 04:20:06 UTC 2026","passed","Mon Feb 16 04:20:07 UTC 2026","ua.kpi.sc.test.api.tests.featureflag.FeatureFlagLifecycleTest","Regression","ua.kpi.sc.test.api.tests.featureflag.FeatureFlagLifecycleTest","toggleFlagAndVerifyEvaluationChanges"
"","43","Login 400 matches ProblemDetail schema","Regression Tests","Mon Feb 16 04:19:39 UTC 2026","passed","Mon Feb 16 04:19:39 UTC 2026","ua.kpi.sc.test.api.tests.auth.AuthLoginTest","Regression","ua.kpi.sc.test.api.tests.auth.AuthLoginTest","loginProblemDetailSchemaOn400"
"","1406","Logout clears refresh_token cookie specifically with Max-Age=0","Regression Tests","Mon Feb 16 04:19:40 UTC 2026","passed","Mon Feb 16 04:19:41 UTC 2026","ua.kpi.sc.test.api.tests.auth.AuthLogoutTest","Regression","ua.kpi.sc.test.api.tests.auth.AuthLogoutTest","logoutClearsRefreshTokenCookieSpecifically"
"","2914","Register -> login -> refresh -> logout -> refresh with old token returns 401","Regression Tests","Mon Feb 16 04:19:33 UTC 2026","passed","Mon Feb 16 04:19:36 UTC 2026","ua.kpi.sc.test.api.tests.auth.AuthFlowTest","Regression","ua.kpi.sc.test.api.tests.auth.AuthFlowTest","fullLoginRefreshLogoutFlow"
"","48","Forgot password with malformed JSON returns 400","Regression Tests","Mon Feb 16 04:19:44 UTC 2026","passed","Mon Feb 16 04:19:44 UTC 2026","ua.kpi.sc.test.api.tests.auth.AuthForgotPasswordTest","Regression","ua.kpi.sc.test.api.tests.auth.AuthForgotPasswordTest","forgotPasswordWithMalformedJsonReturns400"
"","359","Audit event response matches expected schema","Regression Tests","Mon Feb 16 04:19:35 UTC 2026","passed","Mon Feb 16 04:19:36 UTC 2026","ua.kpi.sc.test.api.tests.audit.AuditTest","Regression","ua.kpi.sc.test.api.tests.audit.AuditTest","responseMatchesAuditEventSchema"
"","610","Empty current password returns 400","Regression Tests","Mon Feb 16 04:20:09 UTC 2026","passed","Mon Feb 16 04:20:10 UTC 2026","ua.kpi.sc.test.api.tests.user.UserChangePasswordTest","Regression","ua.kpi.sc.test.api.tests.user.UserChangePasswordTest","emptyCurrentPasswordReturns400"
"","91","Evaluate all flags returns map (unauthenticated)","Regression Tests","Mon Feb 16 04:20:05 UTC 2026","passed","Mon Feb 16 04:20:05 UTC 2026","ua.kpi.sc.test.api.tests.featureflag.FeatureFlagEvaluationTest","Regression","ua.kpi.sc.test.api.tests.featureflag.FeatureFlagEvaluationTest","evaluateAllUnauthenticatedReturnsMap"
"","78","PUT /login returns 405","Regression Tests","Mon Feb 16 04:19:34 UTC 2026","passed","Mon Feb 16 04:19:34 UTC 2026","ua.kpi.sc.test.api.tests.auth.AuthLoginTest","Regression","ua.kpi.sc.test.api.tests.auth.AuthLoginTest","loginMethodNotAllowedPut"
"","74","Register with empty lastName returns 400","Regression Tests","Mon Feb 16 04:19:57 UTC 2026","passed","Mon Feb 16 04:19:57 UTC 2026","ua.kpi.sc.test.api.tests.auth.AuthRegisterTest","Regression","ua.kpi.sc.test.api.tests.auth.AuthRegisterTest","registerWithEmptyLastNameReturns400"
"","36","Create flag with key containing uppercase returns 400","Regression Tests","Mon Feb 16 04:20:07 UTC 2026","passed","Mon Feb 16 04:20:07 UTC 2026","ua.kpi.sc.test.api.tests.featureflag.FeatureFlagAdminTest","Regression","ua.kpi.sc.test.api.tests.featureflag.FeatureFlagAdminTest","createFlagWithKeyContainingUppercase_returns400"
"","2097","302 response has no JSON body","Regression Tests","Mon Feb 16 04:19:28 UTC 2026","passed","Mon Feb 16 04:19:30 UTC 2026","ua.kpi.sc.test.api.tests.auth.AuthGoogleOAuthTest","Regression","ua.kpi.sc.test.api.tests.auth.AuthGoogleOAuthTest","googleOAuth302HasNoJsonBody"
"","100","Forgot password returns 204 for non-existent email (enumeration prevention)","Regression Tests","Mon Feb 16 04:19:38 UTC 2026","passed","Mon Feb 16 04:19:38 UTC 2026","ua.kpi.sc.test.api.tests.auth.AuthForgotPasswordTest","Regression","ua.kpi.sc.test.api.tests.auth.AuthForgotPasswordTest","forgotPasswordReturns204ForNonExistentEmail"
"","24","Login with SQL injection in email is rejected with 400 or 401","Regression Tests","Mon Feb 16 04:20:05 UTC 2026","passed","Mon Feb 16 04:20:05 UTC 2026","ua.kpi.sc.test.api.tests.auth.AuthLoginTest","Regression","ua.kpi.sc.test.api.tests.auth.AuthLoginTest","loginWithSqlInjectionInEmailReturns401Or400"
"","27","Logout 401 matches ProblemDetail schema","Regression Tests","Mon Feb 16 04:19:49 UTC 2026","passed","Mon Feb 16 04:19:49 UTC 2026","ua.kpi.sc.test.api.tests.auth.AuthLogoutTest","Regression","ua.kpi.sc.test.api.tests.auth.AuthLogoutTest","logoutProblemDetailSchemaOn401"
"","262","swaggerUiIsAccessible","Regression Tests","Mon Feb 16 04:19:52 UTC 2026","passed","Mon Feb 16 04:19:52 UTC 2026","ua.kpi.sc.test.api.tests.smoke.SwaggerAvailabilityTest","Regression","ua.kpi.sc.test.api.tests.smoke.SwaggerAvailabilityTest","swaggerUiIsAccessible"
"","77","Search with no match returns empty content","Regression Tests","Mon Feb 16 04:20:02 UTC 2026","passed","Mon Feb 16 04:20:02 UTC 2026","ua.kpi.sc.test.api.tests.user.UserSearchFilterTest","Regression","ua.kpi.sc.test.api.tests.user.UserSearchFilterTest","searchNoMatchReturnsEmpty"
"","1339","Register new user has capabilityTier exactly 1","Regression Tests","Mon Feb 16 04:19:40 UTC 2026","passed","Mon Feb 16 04:19:41 UTC 2026","ua.kpi.sc.test.api.tests.auth.AuthRegisterTest","Regression","ua.kpi.sc.test.api.tests.auth.AuthRegisterTest","registerNewUserCapabilityTierIs1"
"","1381","Filter by tier returns matching users","Regression Tests","Mon Feb 16 04:19:59 UTC 2026","passed","Mon Feb 16 04:20:01 UTC 2026","ua.kpi.sc.test.api.tests.user.UserSearchFilterTest","Regression","ua.kpi.sc.test.api.tests.user.UserSearchFilterTest","filterByTierReturnsMatching"
"","42","Register with SQL injection in firstName is rejected","Regression Tests","Mon Feb 16 04:20:02 UTC 2026","passed","Mon Feb 16 04:20:02 UTC 2026","ua.kpi.sc.test.api.tests.auth.AuthRegisterTest","Regression","ua.kpi.sc.test.api.tests.auth.AuthRegisterTest","registerWithSqlInjectionInFirstName"
"","156","Refresh with invalid token returns 401","Regression Tests","Mon Feb 16 04:19:37 UTC 2026","passed","Mon Feb 16 04:19:37 UTC 2026","ua.kpi.sc.test.api.tests.auth.AuthRefreshTest","Regression","ua.kpi.sc.test.api.tests.auth.AuthRefreshTest","refreshInvalidTokenReturns401"
"","1918","Access token may still be valid for /me after logout (stateless JWT)","Regression Tests","Mon Feb 16 04:19:37 UTC 2026","passed","Mon Feb 16 04:19:39 UTC 2026","ua.kpi.sc.test.api.tests.auth.AuthLogoutTest","Regression","ua.kpi.sc.test.api.tests.auth.AuthLogoutTest","logoutAccessTokenStillValidForMe"
"","1351","Register with apostrophe in name succeeds","Regression Tests","Mon Feb 16 04:19:52 UTC 2026","passed","Mon Feb 16 04:19:53 UTC 2026","ua.kpi.sc.test.api.tests.auth.AuthRegisterTest","Regression","ua.kpi.sc.test.api.tests.auth.AuthRegisterTest","registerWithApostropheNameSucceeds"
"","88","Create feature flag returns 201 with correct fields","Regression Tests","Mon Feb 16 04:20:07 UTC 2026","passed","Mon Feb 16 04:20:07 UTC 2026","ua.kpi.sc.test.api.tests.featureflag.FeatureFlagAdminTest","Regression","ua.kpi.sc.test.api.tests.featureflag.FeatureFlagAdminTest","createFlagReturns201"
"","1545","Register -> getMe: user data matches registration request","Regression Tests","Mon Feb 16 04:19:41 UTC 2026","passed","Mon Feb 16 04:19:42 UTC 2026","ua.kpi.sc.test.api.tests.auth.AuthFlowTest","Regression","ua.kpi.sc.test.api.tests.auth.AuthFlowTest","fullRegistrationToMeFlow"
"","1638","PATCH /users/{id} with empty body returns 400","Regression Tests","Mon Feb 16 04:20:03 UTC 2026","passed","Mon Feb 16 04:20:05 UTC 2026","ua.kpi.sc.test.api.tests.user.UserUpdateProfileTest","Regression","ua.kpi.sc.test.api.tests.user.UserUpdateProfileTest","updateWithEmptyBodyReturns400"
"","1338","Refresh returns same user data as registration","Regression Tests","Mon Feb 16 04:19:43 UTC 2026","passed","Mon Feb 16 04:19:44 UTC 2026","ua.kpi.sc.test.api.tests.auth.AuthRefreshTest","Regression","ua.kpi.sc.test.api.tests.auth.AuthRefreshTest","refreshReturnsSameUserData"
"","27","PUT /reset-password returns 405","Regression Tests","Mon Feb 16 04:19:46 UTC 2026","passed","Mon Feb 16 04:19:46 UTC 2026","ua.kpi.sc.test.api.tests.auth.AuthResetPasswordTest","Regression","ua.kpi.sc.test.api.tests.auth.AuthResetPasswordTest","resetPasswordMethodNotAllowedPut"
"","941","Register returns a valid UUID as id","Regression Tests","Mon Feb 16 04:19:49 UTC 2026","passed","Mon Feb 16 04:19:49 UTC 2026","ua.kpi.sc.test.api.tests.auth.AuthRegisterTest","Regression","ua.kpi.sc.test.api.tests.auth.AuthRegisterTest","registerReturnsValidUuid"
"","1597","Logout clears session and returns 200","Regression Tests","Mon Feb 16 04:19:41 UTC 2026","passed","Mon Feb 16 04:19:43 UTC 2026","ua.kpi.sc.test.api.tests.auth.AuthLogoutTest","Regression","ua.kpi.sc.test.api.tests.auth.AuthLogoutTest","logoutClearsSession"
"","25","List flags empty page returns empty content","Regression Tests","Mon Feb 16 04:20:08 UTC 2026","passed","Mon Feb 16 04:20:08 UTC 2026","ua.kpi.sc.test.api.tests.featureflag.FeatureFlagAdminTest","Regression","ua.kpi.sc.test.api.tests.featureflag.FeatureFlagAdminTest","listFlagsEmptyPageReturnsEmptyContent"
"","1482","Multiple refresh rotations preserve user data across 3 rotations","Regression Tests","Mon Feb 16 04:19:47 UTC 2026","passed","Mon Feb 16 04:19:48 UTC 2026","ua.kpi.sc.test.api.tests.auth.AuthFlowTest","Regression","ua.kpi.sc.test.api.tests.auth.AuthFlowTest","multipleRefreshRotationsPreserveUserData"
"","1365","Logout clears token cookies with Max-Age=0","Regression Tests","Mon Feb 16 04:19:43 UTC 2026","passed","Mon Feb 16 04:19:44 UTC 2026","ua.kpi.sc.test.api.tests.auth.AuthLogoutTest","Regression","ua.kpi.sc.test.api.tests.auth.AuthLogoutTest","logoutClearsTokenCookies"
"","34","Create flag with invalid key returns 400","Regression Tests","Mon Feb 16 04:20:07 UTC 2026","passed","Mon Feb 16 04:20:07 UTC 2026","ua.kpi.sc.test.api.tests.featureflag.FeatureFlagAdminTest","Regression","ua.kpi.sc.test.api.tests.featureflag.FeatureFlagAdminTest","createFlagInvalidKeyReturns400"
"","5285","Login 401 does not reveal whether user exists","Regression Tests","Mon Feb 16 04:19:28 UTC 2026","passed","Mon Feb 16 04:19:33 UTC 2026","ua.kpi.sc.test.api.tests.auth.AuthLoginTest","Regression","ua.kpi.sc.test.api.tests.auth.AuthLoginTest","login401DoesNotRevealUserExistence"
"","1329","Logout cookies have SameSite=Lax attribute","Regression Tests","Mon Feb 16 04:19:38 UTC 2026","passed","Mon Feb 16 04:19:40 UTC 2026","ua.kpi.sc.test.api.tests.auth.AuthCookieContractTest","Regression","ua.kpi.sc.test.api.tests.auth.AuthCookieContractTest","logoutCookiesHaveSameSiteLax"
"","50","Register with password exactly 7 chars returns 400","Regression Tests","Mon Feb 16 04:20:00 UTC 2026","passed","Mon Feb 16 04:20:00 UTC 2026","ua.kpi.sc.test.api.tests.auth.AuthRegisterTest","Regression","ua.kpi.sc.test.api.tests.auth.AuthRegisterTest","registerWithPasswordExactly7CharsReturns400"
"","1450","GET /me response matches auth-user-response schema","Regression Tests","Mon Feb 16 04:19:44 UTC 2026","passed","Mon Feb 16 04:19:45 UTC 2026","ua.kpi.sc.test.api.tests.auth.AuthMeTest","Regression","ua.kpi.sc.test.api.tests.auth.AuthMeTest","meResponseMatchesSchema"
"","971","Register with CJK name succeeds","Regression Tests","Mon Feb 16 04:19:55 UTC 2026","passed","Mon Feb 16 04:19:56 UTC 2026","ua.kpi.sc.test.api.tests.auth.AuthRegisterTest","Regression","ua.kpi.sc.test.api.tests.auth.AuthRegisterTest","registerWithCjkNameSucceeds"
"","2095","Expired/invalid access token returns 401","Regression Tests","Mon Feb 16 04:19:28 UTC 2026","passed","Mon Feb 16 04:19:30 UTC 2026","ua.kpi.sc.test.api.tests.auth.AuthMeTest","Regression","ua.kpi.sc.test.api.tests.auth.AuthMeTest","expiredTokenReturns401"
"","898","Wrong current password returns 400","Regression Tests","Mon Feb 16 04:20:15 UTC 2026","passed","Mon Feb 16 04:20:16 UTC 2026","ua.kpi.sc.test.api.tests.user.UserChangePasswordTest","Regression","ua.kpi.sc.test.api.tests.user.UserChangePasswordTest","wrongCurrentPasswordReturns400"
"","84","PUT /refresh returns 405","Regression Tests","Mon Feb 16 04:19:37 UTC 2026","passed","Mon Feb 16 04:19:38 UTC 2026","ua.kpi.sc.test.api.tests.auth.AuthRefreshTest","Regression","ua.kpi.sc.test.api.tests.auth.AuthRefreshTest","refreshMethodNotAllowedPut"
"","63","Google OAuth redirect Location contains response_type=code","Regression Tests","Mon Feb 16 04:19:35 UTC 2026","passed","Mon Feb 16 04:19:35 UTC 2026","ua.kpi.sc.test.api.tests.auth.AuthGoogleOAuthTest","Regression","ua.kpi.sc.test.api.tests.auth.AuthGoogleOAuthTest","googleOAuthRedirectLocationContainsResponseTypeCode"
"","39","Reset password with null new password returns 400","Regression Tests","Mon Feb 16 04:19:53 UTC 2026","passed","Mon Feb 16 04:19:53 UTC 2026","ua.kpi.sc.test.api.tests.auth.AuthResetPasswordTest","Regression","ua.kpi.sc.test.api.tests.auth.AuthResetPasswordTest","resetPasswordWithNullPasswordReturns400"
"","94","DELETE /register returns 405","Regression Tests","Mon Feb 16 04:19:38 UTC 2026","passed","Mon Feb 16 04:19:38 UTC 2026","ua.kpi.sc.test.api.tests.auth.AuthRegisterTest","Regression","ua.kpi.sc.test.api.tests.auth.AuthRegisterTest","registerMethodNotAllowedDelete"
"","328","Get audit stats returns 200 with expected shape","Regression Tests","Mon Feb 16 04:19:34 UTC 2026","passed","Mon Feb 16 04:19:35 UTC 2026","ua.kpi.sc.test.api.tests.audit.AuditTest","Regression","ua.kpi.sc.test.api.tests.audit.AuditTest","getStats_returns200_withExpectedShape"
"","60","Register with empty password returns 400","Regression Tests","Mon Feb 16 04:19:57 UTC 2026","passed","Mon Feb 16 04:19:57 UTC 2026","ua.kpi.sc.test.api.tests.auth.AuthRegisterTest","Regression","ua.kpi.sc.test.api.tests.auth.AuthRegisterTest","registerWithEmptyPasswordReturns400"
"","595","Bulk toggle multiple flags and verify all","Regression Tests","Mon Feb 16 04:20:05 UTC 2026","passed","Mon Feb 16 04:20:05 UTC 2026","ua.kpi.sc.test.api.tests.featureflag.FeatureFlagLifecycleTest","Regression","ua.kpi.sc.test.api.tests.featureflag.FeatureFlagLifecycleTest","bulkToggleMultipleFlagsAndVerifyAll"
"","5954","Can login with new password after change","Regression Tests","Mon Feb 16 04:19:52 UTC 2026","passed","Mon Feb 16 04:19:58 UTC 2026","ua.kpi.sc.test.api.tests.user.UserChangePasswordTest","Regression","ua.kpi.sc.test.api.tests.user.UserChangePasswordTest","canLoginWithNewPassword"
"","1559","Get user by ID returns partner roles array","Regression Tests","Mon Feb 16 04:20:04 UTC 2026","passed","Mon Feb 16 04:20:06 UTC 2026","ua.kpi.sc.test.api.tests.user.UserGetByIdTest","Regression","ua.kpi.sc.test.api.tests.user.UserGetByIdTest","getUserByIdReturnsPartnerRoles"
"","1341","GET /me response Content-Type is application/json","Regression Tests","Mon Feb 16 04:19:43 UTC 2026","passed","Mon Feb 16 04:19:44 UTC 2026","ua.kpi.sc.test.api.tests.auth.AuthMeTest","Regression","ua.kpi.sc.test.api.tests.auth.AuthMeTest","meResponseContentTypeIsJson"
"","41","Forgot password with null email returns 400","Regression Tests","Mon Feb 16 04:19:44 UTC 2026","passed","Mon Feb 16 04:19:44 UTC 2026","ua.kpi.sc.test.api.tests.auth.AuthForgotPasswordTest","Regression","ua.kpi.sc.test.api.tests.auth.AuthForgotPasswordTest","forgotPasswordWithNullEmailReturns400"
"","1476","PUT /me returns 405","Regression Tests","Mon Feb 16 04:19:41 UTC 2026","passed","Mon Feb 16 04:19:43 UTC 2026","ua.kpi.sc.test.api.tests.auth.AuthMeTest","Regression","ua.kpi.sc.test.api.tests.auth.AuthMeTest","meMethodNotAllowedPut"
"","68","PATCH /login returns 405","Regression Tests","Mon Feb 16 04:19:34 UTC 2026","passed","Mon Feb 16 04:19:34 UTC 2026","ua.kpi.sc.test.api.tests.auth.AuthLoginTest","Regression","ua.kpi.sc.test.api.tests.auth.AuthLoginTest","loginMethodNotAllowedPatch"
"","437","Filter audit logs by action returns filtered results","Regression Tests","Mon Feb 16 04:19:33 UTC 2026","passed","Mon Feb 16 04:19:34 UTC 2026","ua.kpi.sc.test.api.tests.audit.AuditTest","Regression","ua.kpi.sc.test.api.tests.audit.AuditTest","filterByAction_returnsFilteredResults"
"","1389","Refresh sets HttpOnly cookies","Regression Tests","Mon Feb 16 04:19:48 UTC 2026","passed","Mon Feb 16 04:19:49 UTC 2026","ua.kpi.sc.test.api.tests.auth.AuthRefreshTest","Regression","ua.kpi.sc.test.api.tests.auth.AuthRefreshTest","refreshSetsHttpOnlyCookies"
"","69","Register with XML content type returns 415","Regression Tests","Mon Feb 16 04:20:03 UTC 2026","passed","Mon Feb 16 04:20:03 UTC 2026","ua.kpi.sc.test.api.tests.auth.AuthRegisterTest","Regression","ua.kpi.sc.test.api.tests.auth.AuthRegisterTest","registerWithXmlContentTypeReturns415"
"","66","PUT /register returns 405","Regression Tests","Mon Feb 16 04:19:39 UTC 2026","passed","Mon Feb 16 04:19:39 UTC 2026","ua.kpi.sc.test.api.tests.auth.AuthRegisterTest","Regression","ua.kpi.sc.test.api.tests.auth.AuthRegisterTest","registerMethodNotAllowedPut"
"","146","Update self with blank name returns 400","Regression Tests","Mon Feb 16 04:19:56 UTC 2026","passed","Mon Feb 16 04:19:56 UTC 2026","ua.kpi.sc.test.api.tests.user.UserSelfUpdateTest","Regression","ua.kpi.sc.test.api.tests.user.UserSelfUpdateTest","updateSelfBlankNameReturns400"
"","24","Reset password with whitespace-only token returns 400","Regression Tests","Mon Feb 16 04:20:00 UTC 2026","passed","Mon Feb 16 04:20:00 UTC 2026","ua.kpi.sc.test.api.tests.auth.AuthResetPasswordTest","Regression","ua.kpi.sc.test.api.tests.auth.AuthResetPasswordTest","resetPasswordWithWhitespaceTokenReturns400"
"","4717","Login multiple times with same credentials succeeds","Regression Tests","Mon Feb 16 04:19:34 UTC 2026","passed","Mon Feb 16 04:19:39 UTC 2026","ua.kpi.sc.test.api.tests.auth.AuthLoginTest","Regression","ua.kpi.sc.test.api.tests.auth.AuthLoginTest","loginMultipleTimesSucceeds"
"","80","Register with empty/missing fields returns 400","Regression Tests","Mon Feb 16 04:19:38 UTC 2026","passed","Mon Feb 16 04:19:38 UTC 2026","ua.kpi.sc.test.api.tests.auth.AuthRegisterTest","Regression","ua.kpi.sc.test.api.tests.auth.AuthRegisterTest","registerEmptyFieldsReturns400"
"","28","Login with XSS in email returns 400","Regression Tests","Mon Feb 16 04:20:07 UTC 2026","passed","Mon Feb 16 04:20:07 UTC 2026","ua.kpi.sc.test.api.tests.auth.AuthLoginTest","Regression","ua.kpi.sc.test.api.tests.auth.AuthLoginTest","loginWithXssInEmailReturns400"
"","1398","Created user appears in user list","Regression Tests","Mon Feb 16 04:20:01 UTC 2026","passed","Mon Feb 16 04:20:02 UTC 2026","ua.kpi.sc.test.api.tests.user.UserCreateTest","Regression","ua.kpi.sc.test.api.tests.user.UserCreateTest","createdUserAppearsInList"
"","1287","Create user with duplicate email returns 409","Regression Tests","Mon Feb 16 04:19:50 UTC 2026","passed","Mon Feb 16 04:19:51 UTC 2026","ua.kpi.sc.test.api.tests.user.UserCreateTest","Regression","ua.kpi.sc.test.api.tests.user.UserCreateTest","createUserDuplicateEmailReturns409"
"","31","Register with SQL injection in email is rejected","Regression Tests","Mon Feb 16 04:20:02 UTC 2026","passed","Mon Feb 16 04:20:02 UTC 2026","ua.kpi.sc.test.api.tests.auth.AuthRegisterTest","Regression","ua.kpi.sc.test.api.tests.auth.AuthRegisterTest","registerWithSqlInjectionInEmail"
"","69","Google OAuth redirect Location contains accounts.google.com","Regression Tests","Mon Feb 16 04:19:35 UTC 2026","passed","Mon Feb 16 04:19:35 UTC 2026","ua.kpi.sc.test.api.tests.auth.AuthGoogleOAuthTest","Regression","ua.kpi.sc.test.api.tests.auth.AuthGoogleOAuthTest","googleOAuthRedirectLocationContainsGoogleAccounts"
"","150","Evaluate single enabled flag returns true","Regression Tests","Mon Feb 16 04:20:06 UTC 2026","passed","Mon Feb 16 04:20:06 UTC 2026","ua.kpi.sc.test.api.tests.featureflag.FeatureFlagEvaluationTest","Regression","ua.kpi.sc.test.api.tests.featureflag.FeatureFlagEvaluationTest","evaluateSingleEnabledFlagReturnsTrue"
"","1225","Register with hyphenated name succeeds","Regression Tests","Mon Feb 16 04:19:58 UTC 2026","passed","Mon Feb 16 04:19:59 UTC 2026","ua.kpi.sc.test.api.tests.auth.AuthRegisterTest","Regression","ua.kpi.sc.test.api.tests.auth.AuthRegisterTest","registerWithHyphenatedNameSucceeds"
"","2792","Login returns same firstName and lastName as registered","Regression Tests","Mon Feb 16 04:19:55 UTC 2026","passed","Mon Feb 16 04:19:57 UTC 2026","ua.kpi.sc.test.api.tests.auth.AuthLoginTest","Regression","ua.kpi.sc.test.api.tests.auth.AuthLoginTest","loginReturnsSameFirstAndLastName"
"","19","Create user without auth returns 401","Regression Tests","Mon Feb 16 04:20:01 UTC 2026","passed","Mon Feb 16 04:20:01 UTC 2026","ua.kpi.sc.test.api.tests.user.UserCreateTest","Regression","ua.kpi.sc.test.api.tests.user.UserCreateTest","createUserWithoutAuthReturns401"
"","24","Login with empty JSON object returns 400","Regression Tests","Mon Feb 16 04:20:02 UTC 2026","passed","Mon Feb 16 04:20:02 UTC 2026","ua.kpi.sc.test.api.tests.auth.AuthLoginTest","Regression","ua.kpi.sc.test.api.tests.auth.AuthLoginTest","loginWithEmptyJsonObjectReturns400"
"","1081","Deleted user is deactivated","Regression Tests","Mon Feb 16 04:20:06 UTC 2026","passed","Mon Feb 16 04:20:07 UTC 2026","ua.kpi.sc.test.api.tests.user.UserDeleteTest","Regression","ua.kpi.sc.test.api.tests.user.UserDeleteTest","deletedUserIsDeactivated"
"","108","Create user with short password returns 400","Regression Tests","Mon Feb 16 04:19:53 UTC 2026","passed","Mon Feb 16 04:19:53 UTC 2026","ua.kpi.sc.test.api.tests.user.UserCreateTest","Regression","ua.kpi.sc.test.api.tests.user.UserCreateTest","createUserShortPasswordReturns400"
"","43","Register with short password returns 400","Regression Tests","Mon Feb 16 04:20:01 UTC 2026","passed","Mon Feb 16 04:20:01 UTC 2026","ua.kpi.sc.test.api.tests.auth.AuthRegisterTest","Regression","ua.kpi.sc.test.api.tests.auth.AuthRegisterTest","registerWithShortPasswordReturns400"
"","84","Forgot password with whitespace-only email returns 400","Regression Tests","Mon Feb 16 04:19:44 UTC 2026","passed","Mon Feb 16 04:19:44 UTC 2026","ua.kpi.sc.test.api.tests.auth.AuthForgotPasswordTest","Regression","ua.kpi.sc.test.api.tests.auth.AuthForgotPasswordTest","forgotPasswordWithWhitespaceEmailReturns400"
"","169","Filter audit logs by source module returns filtered results","Regression Tests","Mon Feb 16 04:19:34 UTC 2026","passed","Mon Feb 16 04:19:34 UTC 2026","ua.kpi.sc.test.api.tests.audit.AuditTest","Regression","ua.kpi.sc.test.api.tests.audit.AuditTest","filterBySourceModule_returnsFilteredResults"
"","797","Get user without auth returns 401","Regression Tests","Mon Feb 16 04:20:06 UTC 2026","passed","Mon Feb 16 04:20:06 UTC 2026","ua.kpi.sc.test.api.tests.user.UserGetByIdTest","Regression","ua.kpi.sc.test.api.tests.user.UserGetByIdTest","getUserWithoutAuthReturns401"
"","74","Create flag with blank name returns 400","Regression Tests","Mon Feb 16 04:20:06 UTC 2026","passed","Mon Feb 16 04:20:07 UTC 2026","ua.kpi.sc.test.api.tests.featureflag.FeatureFlagAdminTest","Regression","ua.kpi.sc.test.api.tests.featureflag.FeatureFlagAdminTest","createFlagBlankNameReturns400"
"","77","Update flag generates audit entry in centralized audit","Regression Tests","Mon Feb 16 04:20:09 UTC 2026","passed","Mon Feb 16 04:20:09 UTC 2026","ua.kpi.sc.test.api.tests.featureflag.FeatureFlagAdminTest","Regression","ua.kpi.sc.test.api.tests.featureflag.FeatureFlagAdminTest","updateFlagGeneratesAuditEntryWithOldAndNewValues"
"","3372","Login cookies have Secure flag matching transport protocol","Regression Tests","Mon Feb 16 04:19:35 UTC 2026","passed","Mon Feb 16 04:19:38 UTC 2026","ua.kpi.sc.test.api.tests.auth.AuthCookieContractTest","Regression","ua.kpi.sc.test.api.tests.auth.AuthCookieContractTest","loginCookiesHaveSecureFlag"
"","2004","Reset password 204 response has empty body (no JSON)","Regression Tests","Mon Feb 16 04:19:46 UTC 2026","passed","Mon Feb 16 04:19:48 UTC 2026","ua.kpi.sc.test.api.tests.auth.AuthResetPasswordTest","Regression","ua.kpi.sc.test.api.tests.auth.AuthResetPasswordTest","resetPasswordResponseHasEmptyBody"
"","2580","Register -> login -> logout -> refresh with login refresh token returns 401","Regression Tests","Mon Feb 16 04:19:53 UTC 2026","passed","Mon Feb 16 04:19:55 UTC 2026","ua.kpi.sc.test.api.tests.auth.AuthFlowTest","Regression","ua.kpi.sc.test.api.tests.auth.AuthFlowTest","registerLoginLogoutCannotRefresh"
"","72","Register with null firstName returns 400","Regression Tests","Mon Feb 16 04:19:59 UTC 2026","passed","Mon Feb 16 04:19:59 UTC 2026","ua.kpi.sc.test.api.tests.auth.AuthRegisterTest","Regression","ua.kpi.sc.test.api.tests.auth.AuthRegisterTest","registerWithNullFirstNameReturns400"
"","124","Basic user cannot access audit stats — returns 403","Regression Tests","Mon Feb 16 04:19:32 UTC 2026","passed","Mon Feb 16 04:19:32 UTC 2026","ua.kpi.sc.test.api.tests.audit.AuditTest","Regression","ua.kpi.sc.test.api.tests.audit.AuditTest","basicUserCannotAccessStats_returns403"
"","2098","Login returns capabilityTier that is not null and >= 0","Regression Tests","Mon Feb 16 04:19:46 UTC 2026","passed","Mon Feb 16 04:19:48 UTC 2026","ua.kpi.sc.test.api.tests.auth.AuthLoginTest","Regression","ua.kpi.sc.test.api.tests.auth.AuthLoginTest","loginReturnsCapabilityTier"
"","1084","GET /me with refresh token instead of access token returns 401","Regression Tests","Mon Feb 16 04:19:56 UTC 2026","passed","Mon Feb 16 04:19:57 UTC 2026","ua.kpi.sc.test.api.tests.auth.AuthMeTest","Regression","ua.kpi.sc.test.api.tests.auth.AuthMeTest","meWithRefreshTokenReturns401"
"","39","Register with digits in name returns 400","Regression Tests","Mon Feb 16 04:19:59 UTC 2026","passed","Mon Feb 16 04:19:59 UTC 2026","ua.kpi.sc.test.api.tests.auth.AuthRegisterTest","Regression","ua.kpi.sc.test.api.tests.auth.AuthRegisterTest","registerWithNameContainingDigitsReturns400"
"","43","Basic user cannot create flag — returns 403","Regression Tests","Mon Feb 16 04:20:06 UTC 2026","passed","Mon Feb 16 04:20:06 UTC 2026","ua.kpi.sc.test.api.tests.featureflag.FeatureFlagAdminTest","Regression","ua.kpi.sc.test.api.tests.featureflag.FeatureFlagAdminTest","basicUserCannotCreateFlag_returns403"
"","2602","apiDocsEndpointReturnsOpenApiSpec","Regression Tests","Mon Feb 16 04:19:49 UTC 2026","passed","Mon Feb 16 04:19:52 UTC 2026","ua.kpi.sc.test.api.tests.smoke.SwaggerAvailabilityTest","Regression","ua.kpi.sc.test.api.tests.smoke.SwaggerAvailabilityTest","apiDocsEndpointReturnsOpenApiSpec"
"","890","PATCH /logout returns 405","Regression Tests","Mon Feb 16 04:19:48 UTC 2026","passed","Mon Feb 16 04:19:49 UTC 2026","ua.kpi.sc.test.api.tests.auth.AuthLogoutTest","Regression","ua.kpi.sc.test.api.tests.auth.AuthLogoutTest","logoutMethodNotAllowedPatch"
"","149","PATCH /oauth2/google returns 405","Regression Tests","Mon Feb 16 04:19:34 UTC 2026","passed","Mon Feb 16 04:19:34 UTC 2026","ua.kpi.sc.test.api.tests.auth.AuthGoogleOAuthTest","Regression","ua.kpi.sc.test.api.tests.auth.AuthGoogleOAuthTest","googleOAuthMethodNotAllowedPatch"
"","95","Non-admin access to audit logs returns 403","Regression Tests","Mon Feb 16 04:19:35 UTC 2026","passed","Mon Feb 16 04:19:35 UTC 2026","ua.kpi.sc.test.api.tests.audit.AuditTest","Regression","ua.kpi.sc.test.api.tests.audit.AuditTest","nonAdminAccess_returns403"
"","1204","Refresh rotates access token to a new value","Regression Tests","Mon Feb 16 04:19:45 UTC 2026","passed","Mon Feb 16 04:19:47 UTC 2026","ua.kpi.sc.test.api.tests.auth.AuthRefreshTest","Regression","ua.kpi.sc.test.api.tests.auth.AuthRefreshTest","refreshRotatesAccessToken"
"","1228","Refresh sets both access_token and refresh_token cookies","Regression Tests","Mon Feb 16 04:19:47 UTC 2026","passed","Mon Feb 16 04:19:48 UTC 2026","ua.kpi.sc.test.api.tests.auth.AuthRefreshTest","Regression","ua.kpi.sc.test.api.tests.auth.AuthRefreshTest","refreshSetsBothCookies"
"","34","Reset password with empty token returns 400","Regression Tests","Mon Feb 16 04:19:53 UTC 2026","passed","Mon Feb 16 04:19:53 UTC 2026","ua.kpi.sc.test.api.tests.auth.AuthResetPasswordTest","Regression","ua.kpi.sc.test.api.tests.auth.AuthResetPasswordTest","resetPasswordWithEmptyTokenReturns400"
"","36","Feature flag audit logs available via centralized endpoint","Regression Tests","Mon Feb 16 04:20:08 UTC 2026","passed","Mon Feb 16 04:20:08 UTC 2026","ua.kpi.sc.test.api.tests.featureflag.FeatureFlagAdminTest","Regression","ua.kpi.sc.test.api.tests.featureflag.FeatureFlagAdminTest","featureFlagAuditLogsAvailableViaCentralizedEndpoint"
"","995","Remove partner level returns 204","Regression Tests","Mon Feb 16 04:20:02 UTC 2026","passed","Mon Feb 16 04:20:03 UTC 2026","ua.kpi.sc.test.api.tests.user.UserRemovePartnerTest","Regression","ua.kpi.sc.test.api.tests.user.UserRemovePartnerTest","removePartnerLevelReturns204"
"","1088","Search users by name returns results","Regression Tests","Mon Feb 16 04:20:02 UTC 2026","passed","Mon Feb 16 04:20:03 UTC 2026","ua.kpi.sc.test.api.tests.user.UserSearchFilterTest","Regression","ua.kpi.sc.test.api.tests.user.UserSearchFilterTest","searchUsersByNameReturnsResults"
"","2773","Reset password with reused token returns 400","Regression Tests","Mon Feb 16 04:19:53 UTC 2026","passed","Mon Feb 16 04:19:56 UTC 2026","ua.kpi.sc.test.api.tests.auth.AuthResetPasswordTest","Regression","ua.kpi.sc.test.api.tests.auth.AuthResetPasswordTest","resetPasswordWithReusedTokenReturns400"
"","87","Reset password with SQL injection in token is rejected","Regression Tests","Mon Feb 16 04:19:56 UTC 2026","passed","Mon Feb 16 04:19:56 UTC 2026","ua.kpi.sc.test.api.tests.auth.AuthResetPasswordTest","Regression","ua.kpi.sc.test.api.tests.auth.AuthResetPasswordTest","resetPasswordWithSqlInjectionInTokenReturns400"
"","28","Register with 128 char password returns 400 (exceeds BCrypt 72-byte limit)","Regression Tests","Mon Feb 16 04:19:59 UTC 2026","passed","Mon Feb 16 04:19:59 UTC 2026","ua.kpi.sc.test.api.tests.auth.AuthRegisterTest","Regression","ua.kpi.sc.test.api.tests.auth.AuthRegisterTest","registerWithLongPassword"
"","46","Register with invalid email format returns 400","Regression Tests","Mon Feb 16 04:19:59 UTC 2026","passed","Mon Feb 16 04:19:59 UTC 2026","ua.kpi.sc.test.api.tests.auth.AuthRegisterTest","Regression","ua.kpi.sc.test.api.tests.auth.AuthRegisterTest","registerWithInvalidEmailFormatReturns400"
"","86","Get flag response contains overrides array","Regression Tests","Mon Feb 16 04:20:08 UTC 2026","passed","Mon Feb 16 04:20:08 UTC 2026","ua.kpi.sc.test.api.tests.featureflag.FeatureFlagAdminTest","Regression","ua.kpi.sc.test.api.tests.featureflag.FeatureFlagAdminTest","getFlagResponseContainsOverridesArray"
"","2389","Google OAuth callback with empty code returns error","Regression Tests","Mon Feb 16 04:19:30 UTC 2026","passed","Mon Feb 16 04:19:32 UTC 2026","ua.kpi.sc.test.api.tests.auth.AuthGoogleOAuthTest","Regression","ua.kpi.sc.test.api.tests.auth.AuthGoogleOAuthTest","googleOAuthCallbackWithEmptyCodeReturnsError"
"","44","Toggle flag changes enabled state","Regression Tests","Mon Feb 16 04:20:08 UTC 2026","passed","Mon Feb 16 04:20:08 UTC 2026","ua.kpi.sc.test.api.tests.featureflag.FeatureFlagAdminTest","Regression","ua.kpi.sc.test.api.tests.featureflag.FeatureFlagAdminTest","toggleFlagChangesEnabledState"
"","67","Get feature flag by ID returns correct flag","Regression Tests","Mon Feb 16 04:20:08 UTC 2026","passed","Mon Feb 16 04:20:08 UTC 2026","ua.kpi.sc.test.api.tests.featureflag.FeatureFlagAdminTest","Regression","ua.kpi.sc.test.api.tests.featureflag.FeatureFlagAdminTest","getFlagByIdReturnsCorrectFlag"
"","34","DELETE /refresh returns 405","Regression Tests","Mon Feb 16 04:19:37 UTC 2026","passed","Mon Feb 16 04:19:37 UTC 2026","ua.kpi.sc.test.api.tests.auth.AuthRefreshTest","Regression","ua.kpi.sc.test.api.tests.auth.AuthRefreshTest","refreshMethodNotAllowedDelete"
"","625","Login with XML Content-Type returns 415","Regression Tests","Mon Feb 16 04:20:07 UTC 2026","passed","Mon Feb 16 04:20:07 UTC 2026","ua.kpi.sc.test.api.tests.auth.AuthLoginTest","Regression","ua.kpi.sc.test.api.tests.auth.AuthLoginTest","loginWithXmlContentTypeReturns415"
"","64","Register 400 matches ProblemDetail schema","Regression Tests","Mon Feb 16 04:19:42 UTC 2026","passed","Mon Feb 16 04:19:42 UTC 2026","ua.kpi.sc.test.api.tests.auth.AuthRegisterTest","Regression","ua.kpi.sc.test.api.tests.auth.AuthRegisterTest","registerProblemDetailSchemaOn400"
"","283","Filter audit logs by date range returns filtered results","Regression Tests","Mon Feb 16 04:19:34 UTC 2026","passed","Mon Feb 16 04:19:34 UTC 2026","ua.kpi.sc.test.api.tests.audit.AuditTest","Regression","ua.kpi.sc.test.api.tests.audit.AuditTest","filterByDateRange_returnsFilteredResults"
"","1079","GET /me with access_token cookie succeeds","Regression Tests","Mon Feb 16 04:19:55 UTC 2026","passed","Mon Feb 16 04:19:56 UTC 2026","ua.kpi.sc.test.api.tests.auth.AuthMeTest","Regression","ua.kpi.sc.test.api.tests.auth.AuthMeTest","meWithAccessTokenCookieSucceeds"
"","201","Create flag response contains all expected fields","Regression Tests","Mon Feb 16 04:20:07 UTC 2026","passed","Mon Feb 16 04:20:07 UTC 2026","ua.kpi.sc.test.api.tests.featureflag.FeatureFlagAdminTest","Regression","ua.kpi.sc.test.api.tests.featureflag.FeatureFlagAdminTest","createFlagResponseContainsAllExpectedFields"
"","1260","Assigned partner appears in user response","Regression Tests","Mon Feb 16 04:20:01 UTC 2026","passed","Mon Feb 16 04:20:02 UTC 2026","ua.kpi.sc.test.api.tests.user.UserAssignPartnerTest","Regression","ua.kpi.sc.test.api.tests.user.UserAssignPartnerTest","assignedPartnerAppearsInUserResponse"
"","33","Create flag with rollout percentage over 100 returns 400","Regression Tests","Mon Feb 16 04:20:07 UTC 2026","passed","Mon Feb 16 04:20:07 UTC 2026","ua.kpi.sc.test.api.tests.featureflag.FeatureFlagAdminTest","Regression","ua.kpi.sc.test.api.tests.featureflag.FeatureFlagAdminTest","createFlagWithRolloutPercentageOver100_returns400"
"","40","Update self without auth returns 401","Regression Tests","Mon Feb 16 04:19:57 UTC 2026","passed","Mon Feb 16 04:19:57 UTC 2026","ua.kpi.sc.test.api.tests.user.UserSelfUpdateTest","Regression","ua.kpi.sc.test.api.tests.user.UserSelfUpdateTest","updateSelfWithoutAuthReturns401"
"","67","Google OAuth redirect Location contains redirect_uri parameter","Regression Tests","Mon Feb 16 04:19:35 UTC 2026","passed","Mon Feb 16 04:19:35 UTC 2026","ua.kpi.sc.test.api.tests.auth.AuthGoogleOAuthTest","Regression","ua.kpi.sc.test.api.tests.auth.AuthGoogleOAuthTest","googleOAuthRedirectLocationContainsRedirectUri"
"","27","GET /auth/me without token returns 401","Regression Tests","Mon Feb 16 04:19:59 UTC 2026","passed","Mon Feb 16 04:19:59 UTC 2026","ua.kpi.sc.test.api.tests.auth.AuthMeTest","Regression","ua.kpi.sc.test.api.tests.auth.AuthMeTest","meWithoutAuthReturns401"
"","869","Register cookies have Path=/","Regression Tests","Mon Feb 16 04:19:45 UTC 2026","passed","Mon Feb 16 04:19:46 UTC 2026","ua.kpi.sc.test.api.tests.auth.AuthCookieContractTest","Regression","ua.kpi.sc.test.api.tests.auth.AuthCookieContractTest","registerCookiesHavePathSlash"
"","194","Google OAuth oauth_state cookie is HttpOnly","Regression Tests","Mon Feb 16 04:19:35 UTC 2026","passed","Mon Feb 16 04:19:36 UTC 2026","ua.kpi.sc.test.api.tests.auth.AuthGoogleOAuthTest","Regression","ua.kpi.sc.test.api.tests.auth.AuthGoogleOAuthTest","googleOAuthStateCookieIsHttpOnly"
"","1731","Login with valid credentials returns 200 with email and cookies","Regression Tests","Mon Feb 16 04:20:05 UTC 2026","passed","Mon Feb 16 04:20:07 UTC 2026","ua.kpi.sc.test.api.tests.auth.AuthLoginTest","Regression","ua.kpi.sc.test.api.tests.auth.AuthLoginTest","loginWithValidCredentials"
"","886","GET /auth/me returns current user profile with all key fields","Regression Tests","Mon Feb 16 04:19:48 UTC 2026","passed","Mon Feb 16 04:19:49 UTC 2026","ua.kpi.sc.test.api.tests.auth.AuthMeTest","Regression","ua.kpi.sc.test.api.tests.auth.AuthMeTest","meReturnsProfile"
"","24","Forgot password with SQL injection in email is rejected with 400","Regression Tests","Mon Feb 16 04:19:44 UTC 2026","passed","Mon Feb 16 04:19:44 UTC 2026","ua.kpi.sc.test.api.tests.auth.AuthForgotPasswordTest","Regression","ua.kpi.sc.test.api.tests.auth.AuthForgotPasswordTest","forgotPasswordWithSqlInjectionReturns400"
"","1520","Search by email substring returns results","Regression Tests","Mon Feb 16 04:20:01 UTC 2026","passed","Mon Feb 16 04:20:02 UTC 2026","ua.kpi.sc.test.api.tests.user.UserSearchFilterTest","Regression","ua.kpi.sc.test.api.tests.user.UserSearchFilterTest","searchByEmailSubstring"
"","5392","Register user A and user B -> getMe returns different ids and emails","Regression Tests","Mon Feb 16 04:19:28 UTC 2026","passed","Mon Feb 16 04:19:33 UTC 2026","ua.kpi.sc.test.api.tests.auth.AuthFlowTest","Regression","ua.kpi.sc.test.api.tests.auth.AuthFlowTest","concurrentRegistrationsDifferentUsers"
"","35","Reset password with empty JSON object returns 400","Regression Tests","Mon Feb 16 04:19:53 UTC 2026","passed","Mon Feb 16 04:19:53 UTC 2026","ua.kpi.sc.test.api.tests.auth.AuthResetPasswordTest","Regression","ua.kpi.sc.test.api.tests.auth.AuthResetPasswordTest","resetPasswordWithEmptyJsonObjectReturns400"
"","29","PUT /oauth2/google returns 405","Regression Tests","Mon Feb 16 04:19:35 UTC 2026","passed","Mon Feb 16 04:19:35 UTC 2026","ua.kpi.sc.test.api.tests.auth.AuthGoogleOAuthTest","Regression","ua.kpi.sc.test.api.tests.auth.AuthGoogleOAuthTest","googleOAuthMethodNotAllowedPut"
"","40","Reset password with null token returns 400","Regression Tests","Mon Feb 16 04:19:53 UTC 2026","passed","Mon Feb 16 04:19:53 UTC 2026","ua.kpi.sc.test.api.tests.auth.AuthResetPasswordTest","Regression","ua.kpi.sc.test.api.tests.auth.AuthResetPasswordTest","resetPasswordWithNullTokenReturns400"
"","2769","Forgot password email contains reset link with token","Regression Tests","Mon Feb 16 04:19:33 UTC 2026","passed","Mon Feb 16 04:19:36 UTC 2026","ua.kpi.sc.test.api.tests.auth.AuthForgotPasswordTest","Regression","ua.kpi.sc.test.api.tests.auth.AuthForgotPasswordTest","forgotPasswordEmailContainsResetToken"
"","1504","Register -> refresh -> getMe with new token: email matches","Regression Tests","Mon Feb 16 04:19:39 UTC 2026","passed","Mon Feb 16 04:19:41 UTC 2026","ua.kpi.sc.test.api.tests.auth.AuthFlowTest","Regression","ua.kpi.sc.test.api.tests.auth.AuthFlowTest","fullRegistrationRefreshMeFlow"
"","421","Google OAuth callback with mismatched state returns error redirect","Regression Tests","Mon Feb 16 04:19:33 UTC 2026","passed","Mon Feb 16 04:19:33 UTC 2026","ua.kpi.sc.test.api.tests.auth.AuthGoogleOAuthTest","Regression","ua.kpi.sc.test.api.tests.auth.AuthGoogleOAuthTest","googleOAuthCallbackWithMismatchedStateReturnsError"
"","106","Logout without auth returns 401","Regression Tests","Mon Feb 16 04:19:52 UTC 2026","passed","Mon Feb 16 04:19:52 UTC 2026","ua.kpi.sc.test.api.tests.auth.AuthLogoutTest","Regression","ua.kpi.sc.test.api.tests.auth.AuthLogoutTest","logoutWithoutAuthReturns401"
"","389","Register with XSS in email returns 400","Regression Tests","Mon Feb 16 04:20:03 UTC 2026","passed","Mon Feb 16 04:20:04 UTC 2026","ua.kpi.sc.test.api.tests.auth.AuthRegisterTest","Regression","ua.kpi.sc.test.api.tests.auth.AuthRegisterTest","registerWithXssInEmailReturns400"
"","44","Assign to non-existent user returns 404","Regression Tests","Mon Feb 16 04:20:01 UTC 2026","passed","Mon Feb 16 04:20:01 UTC 2026","ua.kpi.sc.test.api.tests.user.UserAssignPartnerTest","Regression","ua.kpi.sc.test.api.tests.user.UserAssignPartnerTest","assignToNonExistentUserReturns404"
"","90","Create flag with duplicate key returns 409","Regression Tests","Mon Feb 16 04:20:07 UTC 2026","passed","Mon Feb 16 04:20:07 UTC 2026","ua.kpi.sc.test.api.tests.featureflag.FeatureFlagAdminTest","Regression","ua.kpi.sc.test.api.tests.featureflag.FeatureFlagAdminTest","createFlagDuplicateKeyReturns409"
"","45","Google OAuth redirect returns 302","Regression Tests","Mon Feb 16 04:19:35 UTC 2026","passed","Mon Feb 16 04:19:35 UTC 2026","ua.kpi.sc.test.api.tests.auth.AuthGoogleOAuthTest","Regression","ua.kpi.sc.test.api.tests.auth.AuthGoogleOAuthTest","googleOAuthRedirectReturns302"
"","116","PATCH /users/{id}/status for non-existent user returns 404","Regression Tests","Mon Feb 16 04:19:56 UTC 2026","passed","Mon Feb 16 04:19:56 UTC 2026","ua.kpi.sc.test.api.tests.user.UserUpdateStatusTest","Regression","ua.kpi.sc.test.api.tests.user.UserUpdateStatusTest","updateStatusForNonExistentUserReturns404"
"","270","Add user override appears in flag detail","Regression Tests","Mon Feb 16 04:20:05 UTC 2026","passed","Mon Feb 16 04:20:05 UTC 2026","ua.kpi.sc.test.api.tests.featureflag.FeatureFlagAdminTest","Regression","ua.kpi.sc.test.api.tests.featureflag.FeatureFlagAdminTest","addUserOverrideAppearsInFlagDetail"
"","314","Audit logs pagination works correctly","Regression Tests","Mon Feb 16 04:19:35 UTC 2026","passed","Mon Feb 16 04:19:35 UTC 2026","ua.kpi.sc.test.api.tests.audit.AuditTest","Regression","ua.kpi.sc.test.api.tests.audit.AuditTest","pagination_worksCorrectly"
"","46","Google OAuth redirect Location contains state parameter","Regression Tests","Mon Feb 16 04:19:35 UTC 2026","passed","Mon Feb 16 04:19:35 UTC 2026","ua.kpi.sc.test.api.tests.auth.AuthGoogleOAuthTest","Regression","ua.kpi.sc.test.api.tests.auth.AuthGoogleOAuthTest","googleOAuthRedirectLocationContainsState"
"","2150","Login returns a valid UUID as id","Regression Tests","Mon Feb 16 04:19:57 UTC 2026","passed","Mon Feb 16 04:19:59 UTC 2026","ua.kpi.sc.test.api.tests.auth.AuthLoginTest","Regression","ua.kpi.sc.test.api.tests.auth.AuthLoginTest","loginReturnsValidUuid"
"","37","Reset password with empty new password returns 400","Regression Tests","Mon Feb 16 04:19:53 UTC 2026","passed","Mon Feb 16 04:19:53 UTC 2026","ua.kpi.sc.test.api.tests.auth.AuthResetPasswordTest","Regression","ua.kpi.sc.test.api.tests.auth.AuthResetPasswordTest","resetPasswordWithEmptyPasswordReturns400"
"","4514","Full flow: register -> forgot -> MailPit -> extract token -> reset -> login with new password","Regression Tests","Mon Feb 16 04:19:43 UTC 2026","passed","Mon Feb 16 04:19:48 UTC 2026","ua.kpi.sc.test.api.tests.auth.AuthPasswordResetFlowTest","Regression","ua.kpi.sc.test.api.tests.auth.AuthPasswordResetFlowTest","fullPasswordResetFlow"
"","732","PATCH /users/{id} with valid data returns 200 with updated fields","Regression Tests","Mon Feb 16 04:20:03 UTC 2026","passed","Mon Feb 16 04:20:03 UTC 2026","ua.kpi.sc.test.api.tests.user.UserUpdateProfileTest","Regression","ua.kpi.sc.test.api.tests.user.UserUpdateProfileTest","updateUserWithValidData"
"","41","healthEndpointReturns200WithStatusUp","Regression Tests","Mon Feb 16 04:19:50 UTC 2026","passed","Mon Feb 16 04:19:50 UTC 2026","ua.kpi.sc.test.api.tests.smoke.HealthCheckTest","Regression","ua.kpi.sc.test.api.tests.smoke.HealthCheckTest","healthEndpointReturns200WithStatusUp"
"","1091","Register with dotted name succeeds","Regression Tests","Mon Feb 16 04:19:56 UTC 2026","passed","Mon Feb 16 04:19:57 UTC 2026","ua.kpi.sc.test.api.tests.auth.AuthRegisterTest","Regression","ua.kpi.sc.test.api.tests.auth.AuthRegisterTest","registerWithDottedNameSucceeds"
"","3816","Forgot-password for user A doesn't affect user B","Regression Tests","Mon Feb 16 04:19:31 UTC 2026","passed","Mon Feb 16 04:19:35 UTC 2026","ua.kpi.sc.test.api.tests.auth.AuthPasswordResetFlowTest","Regression","ua.kpi.sc.test.api.tests.auth.AuthPasswordResetFlowTest","forgotPasswordForUserADoesNotAffectUserB"
"","152","Logout with expired JWT returns 401","Regression Tests","Mon Feb 16 04:19:52 UTC 2026","passed","Mon Feb 16 04:19:52 UTC 2026","ua.kpi.sc.test.api.tests.auth.AuthLogoutTest","Regression","ua.kpi.sc.test.api.tests.auth.AuthLogoutTest","logoutWithExpiredTokenReturns401"
"","3318","Assign partner with each level succeeds","Regression Tests","Mon Feb 16 04:19:55 UTC 2026","passed","Mon Feb 16 04:19:59 UTC 2026","ua.kpi.sc.test.api.tests.user.UserAssignPartnerTest","Regression","ua.kpi.sc.test.api.tests.user.UserAssignPartnerTest","assignPartnerEachLevel"
"","160","Login with empty fields returns 400","Regression Tests","Mon Feb 16 04:19:33 UTC 2026","passed","Mon Feb 16 04:19:33 UTC 2026","ua.kpi.sc.test.api.tests.auth.AuthLoginTest","Regression","ua.kpi.sc.test.api.tests.auth.AuthLoginTest","loginEmptyFieldsReturns400"
"","44","Reset password 400 matches ProblemDetail schema","Regression Tests","Mon Feb 16 04:19:41 UTC 2026","passed","Mon Feb 16 04:19:41 UTC 2026","ua.kpi.sc.test.api.tests.auth.AuthResetPasswordTest","Regression","ua.kpi.sc.test.api.tests.auth.AuthResetPasswordTest","resetPassword400MatchesProblemDetailSchema"
"","28","Forgot password with empty email returns 400","Regression Tests","Mon Feb 16 04:19:44 UTC 2026","passed","Mon Feb 16 04:19:44 UTC 2026","ua.kpi.sc.test.api.tests.auth.AuthForgotPasswordTest","Regression","ua.kpi.sc.test.api.tests.auth.AuthForgotPasswordTest","forgotPasswordWithEmptyEmailReturns400"
"","128","Reset password with too-long password (73 chars) returns 400","Regression Tests","Mon Feb 16 04:19:56 UTC 2026","passed","Mon Feb 16 04:19:56 UTC 2026","ua.kpi.sc.test.api.tests.auth.AuthResetPasswordTest","Regression","ua.kpi.sc.test.api.tests.auth.AuthResetPasswordTest","resetPasswordWithTooLongPasswordReturns400"
"","28","Login with null password returns 400","Regression Tests","Mon Feb 16 04:20:05 UTC 2026","passed","Mon Feb 16 04:20:05 UTC 2026","ua.kpi.sc.test.api.tests.auth.AuthLoginTest","Regression","ua.kpi.sc.test.api.tests.auth.AuthLoginTest","loginWithNullPasswordReturns400"
"","54","Create user with invalid email returns 400","Regression Tests","Mon Feb 16 04:19:51 UTC 2026","passed","Mon Feb 16 04:19:51 UTC 2026","ua.kpi.sc.test.api.tests.user.UserCreateTest","Regression","ua.kpi.sc.test.api.tests.user.UserCreateTest","createUserInvalidEmailReturns400"
"","2801","Login response Content-Type is application/json","Regression Tests","Mon Feb 16 04:19:39 UTC 2026","passed","Mon Feb 16 04:19:42 UTC 2026","ua.kpi.sc.test.api.tests.auth.AuthLoginTest","Regression","ua.kpi.sc.test.api.tests.auth.AuthLoginTest","loginResponseContentTypeIsJson"
"","259","Basic user access to audit logs returns 403","Regression Tests","Mon Feb 16 04:19:31 UTC 2026","passed","Mon Feb 16 04:19:32 UTC 2026","ua.kpi.sc.test.api.tests.audit.AuditTest","Regression","ua.kpi.sc.test.api.tests.audit.AuditTest","basicUserAccess_returns403"
"","1706","Forgot password 204 response has empty body (no JSON)","Regression Tests","Mon Feb 16 04:19:37 UTC 2026","passed","Mon Feb 16 04:19:38 UTC 2026","ua.kpi.sc.test.api.tests.auth.AuthForgotPasswordTest","Regression","ua.kpi.sc.test.api.tests.auth.AuthForgotPasswordTest","forgotPasswordResponseHasEmptyBody"
"","2646","Login returns the same email as registered","Regression Tests","Mon Feb 16 04:19:52 UTC 2026","passed","Mon Feb 16 04:19:55 UTC 2026","ua.kpi.sc.test.api.tests.auth.AuthLoginTest","Regression","ua.kpi.sc.test.api.tests.auth.AuthLoginTest","loginReturnsSameEmailAsRegistered"
"","69","Login with non-existent email returns 401","Regression Tests","Mon Feb 16 04:19:39 UTC 2026","passed","Mon Feb 16 04:19:39 UTC 2026","ua.kpi.sc.test.api.tests.auth.AuthLoginTest","Regression","ua.kpi.sc.test.api.tests.auth.AuthLoginTest","loginNonExistentEmailReturns401"
"","1655","PATCH /users/{id}/tier with valid tier returns 200","Regression Tests","Mon Feb 16 04:20:02 UTC 2026","passed","Mon Feb 16 04:20:04 UTC 2026","ua.kpi.sc.test.api.tests.user.UserUpdateTierTest","Regression","ua.kpi.sc.test.api.tests.user.UserUpdateTierTest","updateTierWithValidValue"
"","39","Reset password with empty body returns 400","Regression Tests","Mon Feb 16 04:19:53 UTC 2026","passed","Mon Feb 16 04:19:53 UTC 2026","ua.kpi.sc.test.api.tests.auth.AuthResetPasswordTest","Regression","ua.kpi.sc.test.api.tests.auth.AuthResetPasswordTest","resetPasswordWithEmptyBodyReturns400"
"","184","Get audit logs returns 200 with paginated response","Regression Tests","Mon Feb 16 04:19:34 UTC 2026","passed","Mon Feb 16 04:19:34 UTC 2026","ua.kpi.sc.test.api.tests.audit.AuditTest","Regression","ua.kpi.sc.test.api.tests.audit.AuditTest","getAuditLogs_returns200"
"","99","Update feature flag changes fields","Regression Tests","Mon Feb 16 04:20:09 UTC 2026","passed","Mon Feb 16 04:20:09 UTC 2026","ua.kpi.sc.test.api.tests.featureflag.FeatureFlagAdminTest","Regression","ua.kpi.sc.test.api.tests.featureflag.FeatureFlagAdminTest","updateFlagChangesFields"
"","22","Create flag with key starting with number returns 400","Regression Tests","Mon Feb 16 04:20:07 UTC 2026","passed","Mon Feb 16 04:20:07 UTC 2026","ua.kpi.sc.test.api.tests.featureflag.FeatureFlagAdminTest","Regression","ua.kpi.sc.test.api.tests.featureflag.FeatureFlagAdminTest","createFlagWithKeyStartingWithNumber_returns400"
"","1048","Multiple forgot password calls all return 204","Regression Tests","Mon Feb 16 04:19:44 UTC 2026","passed","Mon Feb 16 04:19:45 UTC 2026","ua.kpi.sc.test.api.tests.auth.AuthForgotPasswordTest","Regression","ua.kpi.sc.test.api.tests.auth.AuthForgotPasswordTest","multipleForgotPasswordCallsAllReturn204"
"","613","Empty new password returns 400","Regression Tests","Mon Feb 16 04:20:10 UTC 2026","passed","Mon Feb 16 04:20:10 UTC 2026","ua.kpi.sc.test.api.tests.user.UserChangePasswordTest","Regression","ua.kpi.sc.test.api.tests.user.UserChangePasswordTest","emptyNewPasswordReturns400"
"","51","Google OAuth callback without state cookie returns error redirect","Regression Tests","Mon Feb 16 04:19:34 UTC 2026","passed","Mon Feb 16 04:19:34 UTC 2026","ua.kpi.sc.test.api.tests.auth.AuthGoogleOAuthTest","Regression","ua.kpi.sc.test.api.tests.auth.AuthGoogleOAuthTest","googleOAuthCallbackWithoutStateCookieReturnsError"
"","70","Reset password with short password (7 chars) returns 400","Regression Tests","Mon Feb 16 04:19:56 UTC 2026","passed","Mon Feb 16 04:19:56 UTC 2026","ua.kpi.sc.test.api.tests.auth.AuthResetPasswordTest","Regression","ua.kpi.sc.test.api.tests.auth.AuthResetPasswordTest","resetPasswordWithShortPasswordReturns400"
"","36","PATCH /reset-password returns 405","Regression Tests","Mon Feb 16 04:19:45 UTC 2026","passed","Mon Feb 16 04:19:46 UTC 2026","ua.kpi.sc.test.api.tests.auth.AuthResetPasswordTest","Regression","ua.kpi.sc.test.api.tests.auth.AuthResetPasswordTest","resetPasswordMethodNotAllowedPatch"
"","2523","Reset password with 72-char password succeeds","Regression Tests","Mon Feb 16 04:19:48 UTC 2026","passed","Mon Feb 16 04:19:50 UTC 2026","ua.kpi.sc.test.api.tests.auth.AuthResetPasswordTest","Regression","ua.kpi.sc.test.api.tests.auth.AuthResetPasswordTest","resetPasswordWith72CharPasswordSucceeds"
"","39","Create flag with key containing spaces returns 400","Regression Tests","Mon Feb 16 04:20:07 UTC 2026","passed","Mon Feb 16 04:20:07 UTC 2026","ua.kpi.sc.test.api.tests.featureflag.FeatureFlagAdminTest","Regression","ua.kpi.sc.test.api.tests.featureflag.FeatureFlagAdminTest","createFlagWithKeyContainingSpaces_returns400"
"","29","Login with malformed JSON returns 400","Regression Tests","Mon Feb 16 04:20:05 UTC 2026","passed","Mon Feb 16 04:20:05 UTC 2026","ua.kpi.sc.test.api.tests.auth.AuthLoginTest","Regression","ua.kpi.sc.test.api.tests.auth.AuthLoginTest","loginWithMalformedJsonReturns400"
"","1000","Register with Unicode (Cyrillic) names succeeds","Regression Tests","Mon Feb 16 04:20:02 UTC 2026","passed","Mon Feb 16 04:20:03 UTC 2026","ua.kpi.sc.test.api.tests.auth.AuthRegisterTest","Regression","ua.kpi.sc.test.api.tests.auth.AuthRegisterTest","registerWithUnicodeNamesSucceeds"
"","75","PATCH /register returns 405","Regression Tests","Mon Feb 16 04:19:39 UTC 2026","passed","Mon Feb 16 04:19:39 UTC 2026","ua.kpi.sc.test.api.tests.auth.AuthRegisterTest","Regression","ua.kpi.sc.test.api.tests.auth.AuthRegisterTest","registerMethodNotAllowedPatch"
"","96","DELETE /oauth2/google returns 405","Regression Tests","Mon Feb 16 04:19:34 UTC 2026","passed","Mon Feb 16 04:19:34 UTC 2026","ua.kpi.sc.test.api.tests.auth.AuthGoogleOAuthTest","Regression","ua.kpi.sc.test.api.tests.auth.AuthGoogleOAuthTest","googleOAuthMethodNotAllowedDelete"
"","8134","Full flow works again after a complete reset cycle","Regression Tests","Mon Feb 16 04:19:35 UTC 2026","passed","Mon Feb 16 04:19:43 UTC 2026","ua.kpi.sc.test.api.tests.auth.AuthPasswordResetFlowTest","Regression","ua.kpi.sc.test.api.tests.auth.AuthPasswordResetFlowTest","fullFlowWorksAgainAfterCompleteCycle"
"","1422","8-char new password returns 204","Regression Tests","Mon Feb 16 04:20:07 UTC 2026","passed","Mon Feb 16 04:20:09 UTC 2026","ua.kpi.sc.test.api.tests.user.UserChangePasswordTest","Regression","ua.kpi.sc.test.api.tests.user.UserChangePasswordTest","eightCharNewPasswordReturns204"
"","1202","Register cookies have Secure flag matching transport protocol","Regression Tests","Mon Feb 16 04:19:48 UTC 2026","passed","Mon Feb 16 04:19:49 UTC 2026","ua.kpi.sc.test.api.tests.auth.AuthCookieContractTest","Regression","ua.kpi.sc.test.api.tests.auth.AuthCookieContractTest","registerCookiesHaveSecureFlag"
"","97","Register with null password returns 400","Regression Tests","Mon Feb 16 04:20:00 UTC 2026","passed","Mon Feb 16 04:20:00 UTC 2026","ua.kpi.sc.test.api.tests.auth.AuthRegisterTest","Regression","ua.kpi.sc.test.api.tests.auth.AuthRegisterTest","registerWithNullPasswordReturns400"
"","392","Google OAuth callback with invalid code returns error redirect","Regression Tests","Mon Feb 16 04:19:33 UTC 2026","passed","Mon Feb 16 04:19:33 UTC 2026","ua.kpi.sc.test.api.tests.auth.AuthGoogleOAuthTest","Regression","ua.kpi.sc.test.api.tests.auth.AuthGoogleOAuthTest","googleOAuthCallbackWithInvalidCodeReturnsError"
"","44","Login 401 matches ProblemDetail schema","Regression Tests","Mon Feb 16 04:19:39 UTC 2026","passed","Mon Feb 16 04:19:39 UTC 2026","ua.kpi.sc.test.api.tests.auth.AuthLoginTest","Regression","ua.kpi.sc.test.api.tests.auth.AuthLoginTest","loginProblemDetailSchemaOn401"
"","1945","Get user by ID returns 200 with all fields","Regression Tests","Mon Feb 16 04:20:02 UTC 2026","passed","Mon Feb 16 04:20:04 UTC 2026","ua.kpi.sc.test.api.tests.user.UserGetByIdTest","Regression","ua.kpi.sc.test.api.tests.user.UserGetByIdTest","getUserByIdReturns200"
"","49","Login with null email returns 400","Regression Tests","Mon Feb 16 04:20:05 UTC 2026","passed","Mon Feb 16 04:20:05 UTC 2026","ua.kpi.sc.test.api.tests.auth.AuthLoginTest","Regression","ua.kpi.sc.test.api.tests.auth.AuthLoginTest","loginWithNullEmailReturns400"
"","152","Evaluate unauthenticated returns global defaults only","Regression Tests","Mon Feb 16 04:20:05 UTC 2026","passed","Mon Feb 16 04:20:05 UTC 2026","ua.kpi.sc.test.api.tests.featureflag.FeatureFlagEvaluationTest","Regression","ua.kpi.sc.test.api.tests.featureflag.FeatureFlagEvaluationTest","evaluateAllUnauthenticated_returnsGlobalDefaults"
"","1240","PATCH /users/{id}/status to deactivate returns 200 with active=false","Regression Tests","Mon Feb 16 04:19:52 UTC 2026","passed","Mon Feb 16 04:19:54 UTC 2026","ua.kpi.sc.test.api.tests.user.UserUpdateStatusTest","Regression","ua.kpi.sc.test.api.tests.user.UserUpdateStatusTest","deactivateUserReturns200"
"","244","Google OAuth redirect sets oauth_state cookie","Regression Tests","Mon Feb 16 04:19:35 UTC 2026","passed","Mon Feb 16 04:19:35 UTC 2026","ua.kpi.sc.test.api.tests.auth.AuthGoogleOAuthTest","Regression","ua.kpi.sc.test.api.tests.auth.AuthGoogleOAuthTest","googleOAuthRedirectSetsStateCookie"
"","50","Basic user cannot delete flag — returns 403","Regression Tests","Mon Feb 16 04:20:06 UTC 2026","passed","Mon Feb 16 04:20:06 UTC 2026","ua.kpi.sc.test.api.tests.featureflag.FeatureFlagAdminTest","Regression","ua.kpi.sc.test.api.tests.featureflag.FeatureFlagAdminTest","basicUserCannotDeleteFlag_returns403"
"","75","Register with very long name returns 400","Regression Tests","Mon Feb 16 04:20:03 UTC 2026","passed","Mon Feb 16 04:20:03 UTC 2026","ua.kpi.sc.test.api.tests.auth.AuthRegisterTest","Regression","ua.kpi.sc.test.api.tests.auth.AuthRegisterTest","registerWithVeryLongNameReturns400"
"","1568","PATCH /me returns 405","Regression Tests","Mon Feb 16 04:19:38 UTC 2026","passed","Mon Feb 16 04:19:40 UTC 2026","ua.kpi.sc.test.api.tests.auth.AuthMeTest","Regression","ua.kpi.sc.test.api.tests.auth.AuthMeTest","meMethodNotAllowedPatch"
"","535","Full lifecycle: create → toggle → add override → update → delete","Regression Tests","Mon Feb 16 04:20:06 UTC 2026","passed","Mon Feb 16 04:20:06 UTC 2026","ua.kpi.sc.test.api.tests.featureflag.FeatureFlagLifecycleTest","Regression","ua.kpi.sc.test.api.tests.featureflag.FeatureFlagLifecycleTest","fullLifecycle_createToggleAddOverrideUpdateDelete"
"","795","GET /me returns capabilityTier 1 for newly registered user","Regression Tests","Mon Feb 16 04:19:47 UTC 2026","passed","Mon Feb 16 04:19:47 UTC 2026","ua.kpi.sc.test.api.tests.auth.AuthMeTest","Regression","ua.kpi.sc.test.api.tests.auth.AuthMeTest","meReturnsCapabilityTier1ForNewUser"
"","45","Refresh with expired/garbage JWT returns 401","Regression Tests","Mon Feb 16 04:19:54 UTC 2026","passed","Mon Feb 16 04:19:54 UTC 2026","ua.kpi.sc.test.api.tests.auth.AuthRefreshTest","Regression","ua.kpi.sc.test.api.tests.auth.AuthRefreshTest","refreshWithExpiredRefreshTokenReturns401"
"","232","Audit logs empty page returns empty content","Regression Tests","Mon Feb 16 04:19:35 UTC 2026","passed","Mon Feb 16 04:19:35 UTC 2026","ua.kpi.sc.test.api.tests.audit.AuditTest","Regression","ua.kpi.sc.test.api.tests.audit.AuditTest","pagination_emptyPage_returnsEmptyContent"
"","67","Register with null email returns 400","Regression Tests","Mon Feb 16 04:19:59 UTC 2026","passed","Mon Feb 16 04:19:59 UTC 2026","ua.kpi.sc.test.api.tests.auth.AuthRegisterTest","Regression","ua.kpi.sc.test.api.tests.auth.AuthRegisterTest","registerWithNullEmailReturns400"
"","149","Create user with blank names returns 400","Regression Tests","Mon Feb 16 04:19:50 UTC 2026","passed","Mon Feb 16 04:19:50 UTC 2026","ua.kpi.sc.test.api.tests.user.UserCreateTest","Regression","ua.kpi.sc.test.api.tests.user.UserCreateTest","createUserBlankNamesReturns400"
"","2316","Reset invalidates existing access tokens (stateless JWT behavior)","Regression Tests","Mon Feb 16 04:19:49 UTC 2026","passed","Mon Feb 16 04:19:52 UTC 2026","ua.kpi.sc.test.api.tests.auth.AuthPasswordResetFlowTest","Regression","ua.kpi.sc.test.api.tests.auth.AuthPasswordResetFlowTest","resetInvalidatesExistingAccessTokensOrNot"
"","1260","Logout returns empty or no body","Regression Tests","Mon Feb 16 04:19:49 UTC 2026","passed","Mon Feb 16 04:19:51 UTC 2026","ua.kpi.sc.test.api.tests.auth.AuthLogoutTest","Regression","ua.kpi.sc.test.api.tests.auth.AuthLogoutTest","logoutReturnsEmptyOrNoBody"
"","132","Evaluate all flags returns map (authenticated)","Regression Tests","Mon Feb 16 04:20:04 UTC 2026","passed","Mon Feb 16 04:20:05 UTC 2026","ua.kpi.sc.test.api.tests.featureflag.FeatureFlagEvaluationTest","Regression","ua.kpi.sc.test.api.tests.featureflag.FeatureFlagEvaluationTest","evaluateAllAuthenticatedReturnsMap"
"","1497","GET /me with tampered JWT signature returns 401","Regression Tests","Mon Feb 16 04:19:57 UTC 2026","passed","Mon Feb 16 04:19:59 UTC 2026","ua.kpi.sc.test.api.tests.auth.AuthMeTest","Regression","ua.kpi.sc.test.api.tests.auth.AuthMeTest","meWithTamperedJwtSignatureReturns401"
"","1598","Delete user returns 204","Regression Tests","Mon Feb 16 04:20:02 UTC 2026","passed","Mon Feb 16 04:20:04 UTC 2026","ua.kpi.sc.test.api.tests.user.UserDeleteTest","Regression","ua.kpi.sc.test.api.tests.user.UserDeleteTest","deleteUserReturns204"
"","1272","PATCH /users/{id}/tier accepts each tier level 0-5","Regression Tests","Mon Feb 16 04:20:00 UTC 2026","passed","Mon Feb 16 04:20:01 UTC 2026","ua.kpi.sc.test.api.tests.user.UserUpdateTierTest","Regression","ua.kpi.sc.test.api.tests.user.UserUpdateTierTest","updateTierToEachLevel"
"","341","Create flag with all fields and verify persistence","Regression Tests","Mon Feb 16 04:20:05 UTC 2026","passed","Mon Feb 16 04:20:06 UTC 2026","ua.kpi.sc.test.api.tests.featureflag.FeatureFlagLifecycleTest","Regression","ua.kpi.sc.test.api.tests.featureflag.FeatureFlagLifecycleTest","createFlagWithAllFieldsAndVerifyPersistence"
"","18","Create flag with negative rollout percentage returns 400","Regression Tests","Mon Feb 16 04:20:07 UTC 2026","passed","Mon Feb 16 04:20:07 UTC 2026","ua.kpi.sc.test.api.tests.featureflag.FeatureFlagAdminTest","Regression","ua.kpi.sc.test.api.tests.featureflag.FeatureFlagAdminTest","createFlagWithNegativeRolloutPercentage_returns400"
"","1387","Register password is not returned in response body","Regression Tests","Mon Feb 16 04:19:41 UTC 2026","passed","Mon Feb 16 04:19:42 UTC 2026","ua.kpi.sc.test.api.tests.auth.AuthRegisterTest","Regression","ua.kpi.sc.test.api.tests.auth.AuthRegisterTest","registerPasswordNotReturnedInResponse"
"","39","Evaluate non-existent flag returns 404","Regression Tests","Mon Feb 16 04:20:05 UTC 2026","passed","Mon Feb 16 04:20:05 UTC 2026","ua.kpi.sc.test.api.tests.featureflag.FeatureFlagEvaluationTest","Regression","ua.kpi.sc.test.api.tests.featureflag.FeatureFlagEvaluationTest","evaluateNonExistentFlagReturns404"
"","35","Register validation errors contain all invalid fields","Regression Tests","Mon Feb 16 04:19:50 UTC 2026","passed","Mon Feb 16 04:19:50 UTC 2026","ua.kpi.sc.test.api.tests.auth.AuthRegisterTest","Regression","ua.kpi.sc.test.api.tests.auth.AuthRegisterTest","registerValidationErrorsContainAllInvalidFields"
"","1323","Combined search and filter returns results","Regression Tests","Mon Feb 16 04:19:57 UTC 2026","passed","Mon Feb 16 04:19:58 UTC 2026","ua.kpi.sc.test.api.tests.user.UserSearchFilterTest","Regression","ua.kpi.sc.test.api.tests.user.UserSearchFilterTest","combinedSearchAndFilter"
"","58","GET /register 405 matches ProblemDetail schema","Regression Tests","Mon Feb 16 04:19:36 UTC 2026","passed","Mon Feb 16 04:19:36 UTC 2026","ua.kpi.sc.test.api.tests.auth.AuthRegisterTest","Regression","ua.kpi.sc.test.api.tests.auth.AuthRegisterTest","register405MatchesProblemDetailSchema"
"","35","DELETE /reset-password returns 405","Regression Tests","Mon Feb 16 04:19:45 UTC 2026","passed","Mon Feb 16 04:19:45 UTC 2026","ua.kpi.sc.test.api.tests.auth.AuthResetPasswordTest","Regression","ua.kpi.sc.test.api.tests.auth.AuthResetPasswordTest","resetPasswordMethodNotAllowedDelete"
"","50","Google OAuth redirect Location contains client_id parameter","Regression Tests","Mon Feb 16 04:19:35 UTC 2026","passed","Mon Feb 16 04:19:35 UTC 2026","ua.kpi.sc.test.api.tests.auth.AuthGoogleOAuthTest","Regression","ua.kpi.sc.test.api.tests.auth.AuthGoogleOAuthTest","googleOAuthRedirectLocationContainsClientId"
"","102","PATCH /users/{id} for non-existent user returns 404","Regression Tests","Mon Feb 16 04:20:00 UTC 2026","passed","Mon Feb 16 04:20:00 UTC 2026","ua.kpi.sc.test.api.tests.user.UserUpdateProfileTest","Regression","ua.kpi.sc.test.api.tests.user.UserUpdateProfileTest","updateNonExistentUserReturns404"
"","3948","Refresh tokens are user-specific and return correct user data","Regression Tests","Mon Feb 16 04:19:33 UTC 2026","passed","Mon Feb 16 04:19:37 UTC 2026","ua.kpi.sc.test.api.tests.auth.AuthRefreshTest","Regression","ua.kpi.sc.test.api.tests.auth.AuthRefreshTest","refreshFromDifferentUserTokenFails"
"","570","Register with extra unknown fields succeeds","Regression Tests","Mon Feb 16 04:19:57 UTC 2026","passed","Mon Feb 16 04:19:58 UTC 2026","ua.kpi.sc.test.api.tests.auth.AuthRegisterTest","Regression","ua.kpi.sc.test.api.tests.auth.AuthRegisterTest","registerWithExtraUnknownFieldsSucceeds"
"","95","Evaluate single unauthenticated returns global default","Regression Tests","Mon Feb 16 04:20:06 UTC 2026","passed","Mon Feb 16 04:20:06 UTC 2026","ua.kpi.sc.test.api.tests.featureflag.FeatureFlagEvaluationTest","Regression","ua.kpi.sc.test.api.tests.featureflag.FeatureFlagEvaluationTest","evaluateSingleUnauthenticated_returnsGlobalDefault"
"","22","Get non-existent flag returns 404","Regression Tests","Mon Feb 16 04:20:08 UTC 2026","passed","Mon Feb 16 04:20:08 UTC 2026","ua.kpi.sc.test.api.tests.featureflag.FeatureFlagAdminTest","Regression","ua.kpi.sc.test.api.tests.featureflag.FeatureFlagAdminTest","getNonExistentFlagReturns404"
"","28","Login with whitespace-only email returns 400","Regression Tests","Mon Feb 16 04:20:07 UTC 2026","passed","Mon Feb 16 04:20:07 UTC 2026","ua.kpi.sc.test.api.tests.auth.AuthLoginTest","Regression","ua.kpi.sc.test.api.tests.auth.AuthLoginTest","loginWithWhitespaceEmailReturns400"
"","450","Basic user cannot export audit CSV — returns 403","Regression Tests","Mon Feb 16 04:19:32 UTC 2026","passed","Mon Feb 16 04:19:32 UTC 2026","ua.kpi.sc.test.api.tests.audit.AuditTest","Regression","ua.kpi.sc.test.api.tests.audit.AuditTest","basicUserCannotExportCsv_returns403"
"","136","PATCH /users/{id}/tier for non-existent user returns 404","Regression Tests","Mon Feb 16 04:20:00 UTC 2026","passed","Mon Feb 16 04:20:00 UTC 2026","ua.kpi.sc.test.api.tests.user.UserUpdateTierTest","Regression","ua.kpi.sc.test.api.tests.user.UserUpdateTierTest","updateTierForNonExistentUserReturns404"
"","38","Refresh with empty cookie returns 401","Regression Tests","Mon Feb 16 04:19:54 UTC 2026","passed","Mon Feb 16 04:19:54 UTC 2026","ua.kpi.sc.test.api.tests.auth.AuthRefreshTest","Regression","ua.kpi.sc.test.api.tests.auth.AuthRefreshTest","refreshWithEmptyCookieReturns401"
"","1560","Refresh cookies have Path=/","Regression Tests","Mon Feb 16 04:19:41 UTC 2026","passed","Mon Feb 16 04:19:42 UTC 2026","ua.kpi.sc.test.api.tests.auth.AuthCookieContractTest","Regression","ua.kpi.sc.test.api.tests.auth.AuthCookieContractTest","refreshCookiesHavePathSlash"
"","8935","Login with new password works after reset","Regression Tests","Mon Feb 16 04:19:28 UTC 2026","passed","Mon Feb 16 04:19:37 UTC 2026","ua.kpi.sc.test.api.tests.auth.AuthResetPasswordTest","Regression","ua.kpi.sc.test.api.tests.auth.AuthResetPasswordTest","loginWithNewPasswordWorksAfterReset"
"","1001","DELETE /logout returns 405","Regression Tests","Mon Feb 16 04:19:46 UTC 2026","passed","Mon Feb 16 04:19:47 UTC 2026","ua.kpi.sc.test.api.tests.auth.AuthLogoutTest","Regression","ua.kpi.sc.test.api.tests.auth.AuthLogoutTest","logoutMethodNotAllowedDelete"
"","1316","PATCH /users/{id} with only firstName still updates successfully","Regression Tests","Mon Feb 16 04:20:00 UTC 2026","passed","Mon Feb 16 04:20:01 UTC 2026","ua.kpi.sc.test.api.tests.user.UserUpdateProfileTest","Regression","ua.kpi.sc.test.api.tests.user.UserUpdateProfileTest","updateOnlyFirstName"
"","383","Evaluate all returns correct boolean values","Regression Tests","Mon Feb 16 04:20:05 UTC 2026","passed","Mon Feb 16 04:20:05 UTC 2026","ua.kpi.sc.test.api.tests.featureflag.FeatureFlagEvaluationTest","Regression","ua.kpi.sc.test.api.tests.featureflag.FeatureFlagEvaluationTest","evaluateAllReturnsCorrectBooleanValues"
"","906","Refresh preserves user id across rotations","Regression Tests","Mon Feb 16 04:19:38 UTC 2026","passed","Mon Feb 16 04:19:38 UTC 2026","ua.kpi.sc.test.api.tests.auth.AuthRefreshTest","Regression","ua.kpi.sc.test.api.tests.auth.AuthRefreshTest","refreshPreservesUserIdAcrossRotations"
"","33","Forgot password with invalid email format returns 400","Regression Tests","Mon Feb 16 04:19:44 UTC 2026","passed","Mon Feb 16 04:19:44 UTC 2026","ua.kpi.sc.test.api.tests.auth.AuthForgotPasswordTest","Regression","ua.kpi.sc.test.api.tests.auth.AuthForgotPasswordTest","forgotPasswordWithInvalidEmailReturns400"
"","759","PUT /logout returns 405","Regression Tests","Mon Feb 16 04:19:49 UTC 2026","passed","Mon Feb 16 04:19:49 UTC 2026","ua.kpi.sc.test.api.tests.auth.AuthLogoutTest","Regression","ua.kpi.sc.test.api.tests.auth.AuthLogoutTest","logoutMethodNotAllowedPut"
"","1335","Register with accented name succeeds","Regression Tests","Mon Feb 16 04:19:50 UTC 2026","passed","Mon Feb 16 04:19:52 UTC 2026","ua.kpi.sc.test.api.tests.auth.AuthRegisterTest","Regression","ua.kpi.sc.test.api.tests.auth.AuthRegisterTest","registerWithAccentedNameSucceeds"
"","1217","GET /me returns all required fields non-null","Regression Tests","Mon Feb 16 04:19:45 UTC 2026","passed","Mon Feb 16 04:19:47 UTC 2026","ua.kpi.sc.test.api.tests.auth.AuthMeTest","Regression","ua.kpi.sc.test.api.tests.auth.AuthMeTest","meReturnsAllRequiredFields"
"","38","Reset password with malformed JSON returns 400","Regression Tests","Mon Feb 16 04:19:53 UTC 2026","passed","Mon Feb 16 04:19:53 UTC 2026","ua.kpi.sc.test.api.tests.auth.AuthResetPasswordTest","Regression","ua.kpi.sc.test.api.tests.auth.AuthResetPasswordTest","resetPasswordWithMalformedJsonReturns400"
"","1188","Register cookies have SameSite=Lax attribute","Regression Tests","Mon Feb 16 04:19:47 UTC 2026","passed","Mon Feb 16 04:19:48 UTC 2026","ua.kpi.sc.test.api.tests.auth.AuthCookieContractTest","Regression","ua.kpi.sc.test.api.tests.auth.AuthCookieContractTest","registerCookiesHaveSameSiteLax"
"","1186","PUT /users/{id} returns 405 Method Not Allowed","Regression Tests","Mon Feb 16 04:19:59 UTC 2026","passed","Mon Feb 16 04:20:00 UTC 2026","ua.kpi.sc.test.api.tests.user.UserUpdateProfileTest","Regression","ua.kpi.sc.test.api.tests.user.UserUpdateProfileTest","putUserReturns405"
"","40","Register with null body returns 400","Regression Tests","Mon Feb 16 04:19:59 UTC 2026","passed","Mon Feb 16 04:19:59 UTC 2026","ua.kpi.sc.test.api.tests.auth.AuthRegisterTest","Regression","ua.kpi.sc.test.api.tests.auth.AuthRegisterTest","registerWithNullBodyReturns400"
"","180","Google OAuth callback with no params returns error","Regression Tests","Mon Feb 16 04:19:33 UTC 2026","passed","Mon Feb 16 04:19:34 UTC 2026","ua.kpi.sc.test.api.tests.auth.AuthGoogleOAuthTest","Regression","ua.kpi.sc.test.api.tests.auth.AuthGoogleOAuthTest","googleOAuthCallbackWithNoParamsReturnsError"
"","203","Delete flag and verify gone from evaluation","Regression Tests","Mon Feb 16 04:20:06 UTC 2026","passed","Mon Feb 16 04:20:06 UTC 2026","ua.kpi.sc.test.api.tests.featureflag.FeatureFlagLifecycleTest","Regression","ua.kpi.sc.test.api.tests.featureflag.FeatureFlagLifecycleTest","deleteFlagAndVerifyGoneFromEvaluation"
"","2246","Login with wrong password returns 401","Regression Tests","Mon Feb 16 04:20:02 UTC 2026","passed","Mon Feb 16 04:20:05 UTC 2026","ua.kpi.sc.test.api.tests.auth.AuthLoginTest","Regression","ua.kpi.sc.test.api.tests.auth.AuthLoginTest","loginWithInvalidCredentialsReturns401"
"","104","Remove override returns 204","Regression Tests","Mon Feb 16 04:20:08 UTC 2026","passed","Mon Feb 16 04:20:08 UTC 2026","ua.kpi.sc.test.api.tests.featureflag.FeatureFlagAdminTest","Regression","ua.kpi.sc.test.api.tests.featureflag.FeatureFlagAdminTest","removeOverrideReturns204"
"","133","GET /users/me returns current user profile","Regression Tests","Mon Feb 16 04:19:56 UTC 2026","passed","Mon Feb 16 04:19:56 UTC 2026","ua.kpi.sc.test.api.tests.user.UserSelfUpdateTest","Regression","ua.kpi.sc.test.api.tests.user.UserSelfUpdateTest","getMeReturns200"
"","326","Add tier override appears in flag detail","Regression Tests","Mon Feb 16 04:20:04 UTC 2026","passed","Mon Feb 16 04:20:05 UTC 2026","ua.kpi.sc.test.api.tests.featureflag.FeatureFlagAdminTest","Regression","ua.kpi.sc.test.api.tests.featureflag.FeatureFlagAdminTest","addTierOverrideAppearsInFlagDetail"
"","1104","Register response matches auth-user-response schema","Regression Tests","Mon Feb 16 04:19:45 UTC 2026","passed","Mon Feb 16 04:19:46 UTC 2026","ua.kpi.sc.test.api.tests.auth.AuthRegisterTest","Regression","ua.kpi.sc.test.api.tests.auth.AuthRegisterTest","registerResponseMatchesSchema"
"","41","Register with empty firstName returns 400","Regression Tests","Mon Feb 16 04:19:57 UTC 2026","passed","Mon Feb 16 04:19:57 UTC 2026","ua.kpi.sc.test.api.tests.auth.AuthRegisterTest","Regression","ua.kpi.sc.test.api.tests.auth.AuthRegisterTest","registerWithEmptyFirstNameReturns400"
"","41","List feature flags returns paginated response","Regression Tests","Mon Feb 16 04:20:08 UTC 2026","passed","Mon Feb 16 04:20:08 UTC 2026","ua.kpi.sc.test.api.tests.featureflag.FeatureFlagAdminTest","Regression","ua.kpi.sc.test.api.tests.featureflag.FeatureFlagAdminTest","listFlagsReturnsPaginatedResponse"
"","1993","Forgot password 400 matches ProblemDetail schema","Regression Tests","Mon Feb 16 04:19:31 UTC 2026","passed","Mon Feb 16 04:19:33 UTC 2026","ua.kpi.sc.test.api.tests.auth.AuthForgotPasswordTest","Regression","ua.kpi.sc.test.api.tests.auth.AuthForgotPasswordTest","forgotPassword400MatchesProblemDetailSchema"
"","824","List users pagination works","Regression Tests","Mon Feb 16 04:20:01 UTC 2026","passed","Mon Feb 16 04:20:02 UTC 2026","ua.kpi.sc.test.api.tests.user.UserTest","Regression","ua.kpi.sc.test.api.tests.user.UserTest","listUsersPaginationWorks"
"","1098","PATCH /users/{id} preserves email, tier, and active status","Regression Tests","Mon Feb 16 04:20:01 UTC 2026","passed","Mon Feb 16 04:20:03 UTC 2026","ua.kpi.sc.test.api.tests.user.UserUpdateProfileTest","Regression","ua.kpi.sc.test.api.tests.user.UserUpdateProfileTest","updateUserPreservesOtherFields"
"","1371","Register with password exactly 8 chars succeeds","Regression Tests","Mon Feb 16 04:20:00 UTC 2026","passed","Mon Feb 16 04:20:01 UTC 2026","ua.kpi.sc.test.api.tests.auth.AuthRegisterTest","Regression","ua.kpi.sc.test.api.tests.auth.AuthRegisterTest","registerWithPasswordExactly8Chars"
"","90","GET /register returns 405","Regression Tests","Mon Feb 16 04:19:38 UTC 2026","passed","Mon Feb 16 04:19:39 UTC 2026","ua.kpi.sc.test.api.tests.auth.AuthRegisterTest","Regression","ua.kpi.sc.test.api.tests.auth.AuthRegisterTest","registerMethodNotAllowedGet"
"","2081","Register -> login -> refresh with login refresh token returns 200 with user data","Regression Tests","Mon Feb 16 04:19:48 UTC 2026","passed","Mon Feb 16 04:19:51 UTC 2026","ua.kpi.sc.test.api.tests.auth.AuthFlowTest","Regression","ua.kpi.sc.test.api.tests.auth.AuthFlowTest","refreshAfterLoginUsesLoginRefreshToken"
"","173","Evaluate single disabled flag returns false","Regression Tests","Mon Feb 16 04:20:05 UTC 2026","passed","Mon Feb 16 04:20:06 UTC 2026","ua.kpi.sc.test.api.tests.featureflag.FeatureFlagEvaluationTest","Regression","ua.kpi.sc.test.api.tests.featureflag.FeatureFlagEvaluationTest","evaluateSingleDisabledFlagReturnsFalse"
"","165","Update flag preserves unchanged fields","Regression Tests","Mon Feb 16 04:20:07 UTC 2026","passed","Mon Feb 16 04:20:07 UTC 2026","ua.kpi.sc.test.api.tests.featureflag.FeatureFlagLifecycleTest","Regression","ua.kpi.sc.test.api.tests.featureflag.FeatureFlagLifecycleTest","updateFlagPreservesUnchangedFields"
"","2028","Login response matches auth-user-response schema","Regression Tests","Mon Feb 16 04:19:42 UTC 2026","passed","Mon Feb 16 04:19:44 UTC 2026","ua.kpi.sc.test.api.tests.auth.AuthLoginTest","Regression","ua.kpi.sc.test.api.tests.auth.AuthLoginTest","loginResponseMatchesSchema"
"","3652","Login returns different access tokens each time","Regression Tests","Mon Feb 16 04:19:48 UTC 2026","passed","Mon Feb 16 04:19:52 UTC 2026","ua.kpi.sc.test.api.tests.auth.AuthLoginTest","Regression","ua.kpi.sc.test.api.tests.auth.AuthLoginTest","loginReturnsDifferentTokensEachTime"
"","102","Filter audit logs by entity type returns filtered results","Regression Tests","Mon Feb 16 04:19:34 UTC 2026","passed","Mon Feb 16 04:19:34 UTC 2026","ua.kpi.sc.test.api.tests.audit.AuditTest","Regression","ua.kpi.sc.test.api.tests.audit.AuditTest","filterByEntityType_returnsFilteredResults"
"","263","Export audit logs as CSV returns 200 with CSV content type","Regression Tests","Mon Feb 16 04:19:33 UTC 2026","passed","Mon Feb 16 04:19:33 UTC 2026","ua.kpi.sc.test.api.tests.audit.AuditTest","Regression","ua.kpi.sc.test.api.tests.audit.AuditTest","exportCsv_returns200_withCsvContentType"
"","1067","Logout cookies have Secure flag matching transport protocol","Regression Tests","Mon Feb 16 04:19:40 UTC 2026","passed","Mon Feb 16 04:19:41 UTC 2026","ua.kpi.sc.test.api.tests.auth.AuthCookieContractTest","Regression","ua.kpi.sc.test.api.tests.auth.AuthCookieContractTest","logoutCookiesHaveSecureFlag"
"","825","Register returns the same names in response","Regression Tests","Mon Feb 16 04:19:48 UTC 2026","passed","Mon Feb 16 04:19:49 UTC 2026","ua.kpi.sc.test.api.tests.auth.AuthRegisterTest","Regression","ua.kpi.sc.test.api.tests.auth.AuthRegisterTest","registerReturnsSameNamesInResponse"
"","50","List flags response contains pagination metadata","Regression Tests","Mon Feb 16 04:20:08 UTC 2026","passed","Mon Feb 16 04:20:08 UTC 2026","ua.kpi.sc.test.api.tests.featureflag.FeatureFlagAdminTest","Regression","ua.kpi.sc.test.api.tests.featureflag.FeatureFlagAdminTest","listFlagsResponseContainsPaginationMetadata"
"","179","Create flag and verify it appears in evaluation endpoint","Regression Tests","Mon Feb 16 04:20:05 UTC 2026","passed","Mon Feb 16 04:20:05 UTC 2026","ua.kpi.sc.test.api.tests.featureflag.FeatureFlagLifecycleTest","Regression","ua.kpi.sc.test.api.tests.featureflag.FeatureFlagLifecycleTest","createFlagAndVerifyInEvaluationEndpoint"
"","1722","GET /me returns same data as registration response","Regression Tests","Mon Feb 16 04:19:52 UTC 2026","passed","Mon Feb 16 04:19:54 UTC 2026","ua.kpi.sc.test.api.tests.auth.AuthMeTest","Regression","ua.kpi.sc.test.api.tests.auth.AuthMeTest","meReturnsSameDataAsRegistration"
"","76","List flags with custom page size returns correct number","Regression Tests","Mon Feb 16 04:20:08 UTC 2026","passed","Mon Feb 16 04:20:08 UTC 2026","ua.kpi.sc.test.api.tests.featureflag.FeatureFlagAdminTest","Regression","ua.kpi.sc.test.api.tests.featureflag.FeatureFlagAdminTest","listFlagsWithPageSizeReturnsCorrectNumberOfItems"
"","1965","Create user returns 201 with correct fields","Regression Tests","Mon Feb 16 04:19:51 UTC 2026","passed","Mon Feb 16 04:19:53 UTC 2026","ua.kpi.sc.test.api.tests.user.UserCreateTest","Regression","ua.kpi.sc.test.api.tests.user.UserCreateTest","createUserReturns201"
"","4046","Reset password invalidates all refresh tokens","Regression Tests","Mon Feb 16 04:19:41 UTC 2026","passed","Mon Feb 16 04:19:45 UTC 2026","ua.kpi.sc.test.api.tests.auth.AuthResetPasswordTest","Regression","ua.kpi.sc.test.api.tests.auth.AuthResetPasswordTest","resetPasswordInvalidatesRefreshTokens"
"","69","List users returns paginated response","Regression Tests","Mon Feb 16 04:20:02 UTC 2026","passed","Mon Feb 16 04:20:02 UTC 2026","ua.kpi.sc.test.api.tests.user.UserTest","Regression","ua.kpi.sc.test.api.tests.user.UserTest","listUsersReturnsPaginatedResponse"
"","72","Toggle generates audit log entry in centralized audit","Regression Tests","Mon Feb 16 04:20:08 UTC 2026","passed","Mon Feb 16 04:20:09 UTC 2026","ua.kpi.sc.test.api.tests.featureflag.FeatureFlagAdminTest","Regression","ua.kpi.sc.test.api.tests.featureflag.FeatureFlagAdminTest","toggleGeneratesAuditLogEntry"
"","3736","Concurrent forgot-password requests all return 204","Regression Tests","Mon Feb 16 04:19:28 UTC 2026","passed","Mon Feb 16 04:19:31 UTC 2026","ua.kpi.sc.test.api.tests.auth.AuthPasswordResetFlowTest","Regression","ua.kpi.sc.test.api.tests.auth.AuthPasswordResetFlowTest","concurrentForgotPasswordRequestsAllReturn204"
"","29","Forgot password with empty body returns 400","Regression Tests","Mon Feb 16 04:19:44 UTC 2026","passed","Mon Feb 16 04:19:44 UTC 2026","ua.kpi.sc.test.api.tests.auth.AuthForgotPasswordTest","Regression","ua.kpi.sc.test.api.tests.auth.AuthForgotPasswordTest","forgotPasswordWithEmptyBodyReturns400"
"","5251","Double refresh with new token succeeds","Regression Tests","Mon Feb 16 04:19:28 UTC 2026","passed","Mon Feb 16 04:19:33 UTC 2026","ua.kpi.sc.test.api.tests.auth.AuthRefreshTest","Regression","ua.kpi.sc.test.api.tests.auth.AuthRefreshTest","doubleRefreshWithNewTokenSucceeds"
"","2112","Refresh with access token used as refresh cookie returns 401","Regression Tests","Mon Feb 16 04:19:52 UTC 2026","passed","Mon Feb 16 04:19:54 UTC 2026","ua.kpi.sc.test.api.tests.auth.AuthRefreshTest","Regression","ua.kpi.sc.test.api.tests.auth.AuthRefreshTest","refreshWithAccessTokenAsCookieReturns401"
"","893","Register new user returns 201 with cookies and user data","Regression Tests","Mon Feb 16 04:19:39 UTC 2026","passed","Mon Feb 16 04:19:40 UTC 2026","ua.kpi.sc.test.api.tests.auth.AuthRegisterTest","Regression","ua.kpi.sc.test.api.tests.auth.AuthRegisterTest","registerNewUser"
"","2125","No email sent for OAuth-only account","Regression Tests","Mon Feb 16 04:19:45 UTC 2026","passed","Mon Feb 16 04:19:47 UTC 2026","ua.kpi.sc.test.api.tests.auth.AuthForgotPasswordTest","Regression","ua.kpi.sc.test.api.tests.auth.AuthForgotPasswordTest","noEmailSentForOAuthOnlyAccount"
"","1162","PATCH /users/{id}/status to reactivate returns 200 with active=true","Regression Tests","Mon Feb 16 04:19:55 UTC 2026","passed","Mon Feb 16 04:19:56 UTC 2026","ua.kpi.sc.test.api.tests.user.UserUpdateStatusTest","Regression","ua.kpi.sc.test.api.tests.user.UserUpdateStatusTest","reactivateUserReturns200"
"","612","PUT /me/password returns 405","Regression Tests","Mon Feb 16 04:20:13 UTC 2026","passed","Mon Feb 16 04:20:14 UTC 2026","ua.kpi.sc.test.api.tests.user.UserChangePasswordTest","Regression","ua.kpi.sc.test.api.tests.user.UserChangePasswordTest","putMethodNotAllowed"
"","1753","Delete user without auth returns 401","Regression Tests","Mon Feb 16 04:20:04 UTC 2026","passed","Mon Feb 16 04:20:06 UTC 2026","ua.kpi.sc.test.api.tests.user.UserDeleteTest","Regression","ua.kpi.sc.test.api.tests.user.UserDeleteTest","deleteUserWithoutAuthReturns401"
"","51","GET /me with empty Bearer token returns 401","Regression Tests","Mon Feb 16 04:19:56 UTC 2026","passed","Mon Feb 16 04:19:56 UTC 2026","ua.kpi.sc.test.api.tests.auth.AuthMeTest","Regression","ua.kpi.sc.test.api.tests.auth.AuthMeTest","meWithEmptyBearerTokenReturns401"
"","1949","Forgot password returns 204 for registered email","Regression Tests","Mon Feb 16 04:19:38 UTC 2026","passed","Mon Feb 16 04:19:40 UTC 2026","ua.kpi.sc.test.api.tests.auth.AuthForgotPasswordTest","Regression","ua.kpi.sc.test.api.tests.auth.AuthForgotPasswordTest","forgotPasswordReturns204ForRegisteredEmail"
"","27","Reset password with whitespace-only password returns 400","Regression Tests","Mon Feb 16 04:20:00 UTC 2026","passed","Mon Feb 16 04:20:00 UTC 2026","ua.kpi.sc.test.api.tests.auth.AuthResetPasswordTest","Regression","ua.kpi.sc.test.api.tests.auth.AuthResetPasswordTest","resetPasswordWithWhitespacePasswordReturns400"
"","532","Add override generates audit entry in centralized audit","Regression Tests","Mon Feb 16 04:20:04 UTC 2026","passed","Mon Feb 16 04:20:04 UTC 2026","ua.kpi.sc.test.api.tests.featureflag.FeatureFlagAdminTest","Regression","ua.kpi.sc.test.api.tests.featureflag.FeatureFlagAdminTest","addOverrideGeneratesAuditEntry"
"","94","PUT /users/me returns 405","Regression Tests","Mon Feb 16 04:19:56 UTC 2026","passed","Mon Feb 16 04:19:56 UTC 2026","ua.kpi.sc.test.api.tests.user.UserSelfUpdateTest","Regression","ua.kpi.sc.test.api.tests.user.UserSelfUpdateTest","putMeReturns405"
"","1021","Logout with cookie-based auth may or may not be accepted","Regression Tests","Mon Feb 16 04:19:51 UTC 2026","passed","Mon Feb 16 04:19:52 UTC 2026","ua.kpi.sc.test.api.tests.auth.AuthLogoutTest","Regression","ua.kpi.sc.test.api.tests.auth.AuthLogoutTest","logoutWithCookieAuthWorks"
"","41","Register validation errors contain field and message","Regression Tests","Mon Feb 16 04:19:50 UTC 2026","passed","Mon Feb 16 04:19:50 UTC 2026","ua.kpi.sc.test.api.tests.auth.AuthRegisterTest","Regression","ua.kpi.sc.test.api.tests.auth.AuthRegisterTest","registerValidationErrorsFormat"
"","197","GET /login returns 405 with ProblemDetail schema","Regression Tests","Mon Feb 16 04:19:33 UTC 2026","passed","Mon Feb 16 04:19:33 UTC 2026","ua.kpi.sc.test.api.tests.auth.AuthLoginTest","Regression","ua.kpi.sc.test.api.tests.auth.AuthLoginTest","login405MatchesProblemDetailSchema"
"","33","Forgot password with empty JSON object returns 400","Regression Tests","Mon Feb 16 04:19:44 UTC 2026","passed","Mon Feb 16 04:19:44 UTC 2026","ua.kpi.sc.test.api.tests.auth.AuthForgotPasswordTest","Regression","ua.kpi.sc.test.api.tests.auth.AuthForgotPasswordTest","forgotPasswordWithEmptyJsonObjectReturns400"
"","29","Login with empty body returns 400","Regression Tests","Mon Feb 16 04:20:02 UTC 2026","passed","Mon Feb 16 04:20:02 UTC 2026","ua.kpi.sc.test.api.tests.auth.AuthLoginTest","Regression","ua.kpi.sc.test.api.tests.auth.AuthLoginTest","loginWithEmptyBodyReturns400"
"","612","Malformed JSON returns 400","Regression Tests","Mon Feb 16 04:20:10 UTC 2026","passed","Mon Feb 16 04:20:11 UTC 2026","ua.kpi.sc.test.api.tests.user.UserChangePasswordTest","Regression","ua.kpi.sc.test.api.tests.user.UserChangePasswordTest","malformedJsonReturns400"
"","1573","Refresh response matches auth-user-response schema","Regression Tests","Mon Feb 16 04:19:41 UTC 2026","passed","Mon Feb 16 04:19:42 UTC 2026","ua.kpi.sc.test.api.tests.auth.AuthRefreshTest","Regression","ua.kpi.sc.test.api.tests.auth.AuthRefreshTest","refreshResponseMatchesSchema"
"","30","Admin endpoints without auth return 401","Regression Tests","Mon Feb 16 04:20:05 UTC 2026","passed","Mon Feb 16 04:20:05 UTC 2026","ua.kpi.sc.test.api.tests.featureflag.FeatureFlagAdminTest","Regression","ua.kpi.sc.test.api.tests.featureflag.FeatureFlagAdminTest","adminEndpointsWithoutAuthReturn401"
"","911","Register response Content-Type is application/json","Regression Tests","Mon Feb 16 04:19:44 UTC 2026","passed","Mon Feb 16 04:19:45 UTC 2026","ua.kpi.sc.test.api.tests.auth.AuthRegisterTest","Regression","ua.kpi.sc.test.api.tests.auth.AuthRegisterTest","registerResponseContentTypeIsJson"
"","59","Register with form-encoded content type returns 415","Regression Tests","Mon Feb 16 04:19:58 UTC 2026","passed","Mon Feb 16 04:19:58 UTC 2026","ua.kpi.sc.test.api.tests.auth.AuthRegisterTest","Regression","ua.kpi.sc.test.api.tests.auth.AuthRegisterTest","registerWithFormEncodedReturns415"
"","2771","Login sets HttpOnly cookies","Regression Tests","Mon Feb 16 04:19:59 UTC 2026","passed","Mon Feb 16 04:20:02 UTC 2026","ua.kpi.sc.test.api.tests.auth.AuthLoginTest","Regression","ua.kpi.sc.test.api.tests.auth.AuthLoginTest","loginSetsHttpOnlyCookies"
"","3664","Reset password with valid token returns 204","Regression Tests","Mon Feb 16 04:19:56 UTC 2026","passed","Mon Feb 16 04:20:00 UTC 2026","ua.kpi.sc.test.api.tests.auth.AuthResetPasswordTest","Regression","ua.kpi.sc.test.api.tests.auth.AuthResetPasswordTest","resetPasswordWithValidTokenReturns204"
