"DESCRIPTION","DURATION IN MS","NAME","PARENT SUITE","START TIME","STATUS","STOP TIME","SUB SUITE","SUITE","TEST CLASS","TEST METHOD"
"","256","Delete flag and verify gone from evaluation","Regression Tests","Mon Feb 16 10:54:02 UTC 2026","passed","Mon Feb 16 10:54:03 UTC 2026","ua.kpi.sc.test.api.tests.featureflag.FeatureFlagLifecycleTest","Regression","ua.kpi.sc.test.api.tests.featureflag.FeatureFlagLifecycleTest","deleteFlagAndVerifyGoneFromEvaluation"
"","1552","Refresh token rotates tokens and returns user data","Regression Tests","Mon Feb 16 10:53:45 UTC 2026","passed","Mon Feb 16 10:53:46 UTC 2026","ua.kpi.sc.test.api.tests.auth.AuthRefreshTest","Regression","ua.kpi.sc.test.api.tests.auth.AuthRefreshTest","refreshTokenReturnsNewToken"
"","444","Add user override returns 201","Regression Tests","Mon Feb 16 10:54:02 UTC 2026","passed","Mon Feb 16 10:54:02 UTC 2026","ua.kpi.sc.test.api.tests.featureflag.FeatureFlagAdminTest","Regression","ua.kpi.sc.test.api.tests.featureflag.FeatureFlagAdminTest","addUserOverrideReturns201"
"","229","Add tier override returns 201","Regression Tests","Mon Feb 16 10:54:01 UTC 2026","passed","Mon Feb 16 10:54:01 UTC 2026","ua.kpi.sc.test.api.tests.featureflag.FeatureFlagAdminTest","Regression","ua.kpi.sc.test.api.tests.featureflag.FeatureFlagAdminTest","addTierOverrideReturns201"
"","1015","Refresh returns a valid UUID as id","Regression Tests","Mon Feb 16 10:53:38 UTC 2026","passed","Mon Feb 16 10:53:39 UTC 2026","ua.kpi.sc.test.api.tests.auth.AuthRefreshTest","Regression","ua.kpi.sc.test.api.tests.auth.AuthRefreshTest","refreshReturnsValidUuid"
"","42","Create user without auth returns 401","Regression Tests","Mon Feb 16 10:53:55 UTC 2026","passed","Mon Feb 16 10:53:55 UTC 2026","ua.kpi.sc.test.api.tests.user.UserCreateTest","Regression","ua.kpi.sc.test.api.tests.user.UserCreateTest","createUserWithoutAuthReturns401"
"","39","Reset password with whitespace-only password returns 400","Regression Tests","Mon Feb 16 10:53:52 UTC 2026","passed","Mon Feb 16 10:53:52 UTC 2026","ua.kpi.sc.test.api.tests.auth.AuthResetPasswordTest","Regression","ua.kpi.sc.test.api.tests.auth.AuthResetPasswordTest","resetPasswordWithWhitespacePasswordReturns400"
"","1459","GET /me response does not contain password field","Regression Tests","Mon Feb 16 10:53:27 UTC 2026","passed","Mon Feb 16 10:53:28 UTC 2026","ua.kpi.sc.test.api.tests.auth.AuthMeTest","Regression","ua.kpi.sc.test.api.tests.auth.AuthMeTest","meDoesNotReturnPasswordField"
"","53","healthEndpointResponseTimeIsAcceptable","Regression Tests","Mon Feb 16 10:53:44 UTC 2026","passed","Mon Feb 16 10:53:44 UTC 2026","ua.kpi.sc.test.api.tests.smoke.HealthCheckTest","Regression","ua.kpi.sc.test.api.tests.smoke.HealthCheckTest","healthEndpointResponseTimeIsAcceptable"
"","28","Register with null lastName returns 400","Regression Tests","Mon Feb 16 10:53:59 UTC 2026","passed","Mon Feb 16 10:53:59 UTC 2026","ua.kpi.sc.test.api.tests.auth.AuthRegisterTest","Regression","ua.kpi.sc.test.api.tests.auth.AuthRegisterTest","registerWithNullLastNameReturns400"
"","1914","Reset password 204 response has empty body (no JSON)","Regression Tests","Mon Feb 16 10:53:38 UTC 2026","passed","Mon Feb 16 10:53:40 UTC 2026","ua.kpi.sc.test.api.tests.auth.AuthResetPasswordTest","Regression","ua.kpi.sc.test.api.tests.auth.AuthResetPasswordTest","resetPasswordResponseHasEmptyBody"
"","96","Evaluate all flags returns map (authenticated)","Regression Tests","Mon Feb 16 10:54:01 UTC 2026","passed","Mon Feb 16 10:54:01 UTC 2026","ua.kpi.sc.test.api.tests.featureflag.FeatureFlagEvaluationTest","Regression","ua.kpi.sc.test.api.tests.featureflag.FeatureFlagEvaluationTest","evaluateAllAuthenticatedReturnsMap"
"","618","Empty current password returns 400","Regression Tests","Mon Feb 16 10:54:07 UTC 2026","passed","Mon Feb 16 10:54:08 UTC 2026","ua.kpi.sc.test.api.tests.user.UserChangePasswordTest","Regression","ua.kpi.sc.test.api.tests.user.UserChangePasswordTest","emptyCurrentPasswordReturns400"
"","1574","Filter notifications by read status returns 200","Failed suite [Regression Tests]","Mon Feb 16 10:54:26 UTC 2026","failed","Mon Feb 16 10:54:27 UTC 2026","ua.kpi.sc.test.api.tests.notification.NotificationListTest","Regression(failed)","ua.kpi.sc.test.api.tests.notification.NotificationListTest","shouldFilterByReadStatus"
"","38","Forgot password with empty JSON object returns 400","Regression Tests","Mon Feb 16 10:53:36 UTC 2026","passed","Mon Feb 16 10:53:36 UTC 2026","ua.kpi.sc.test.api.tests.auth.AuthForgotPasswordTest","Regression","ua.kpi.sc.test.api.tests.auth.AuthForgotPasswordTest","forgotPasswordWithEmptyJsonObjectReturns400"
"","2142","Assigned partner appears in user response","Regression Tests","Mon Feb 16 10:53:59 UTC 2026","passed","Mon Feb 16 10:54:02 UTC 2026","ua.kpi.sc.test.api.tests.user.UserAssignPartnerTest","Regression","ua.kpi.sc.test.api.tests.user.UserAssignPartnerTest","assignedPartnerAppearsInUserResponse"
"","1042","Filter by tier returns matching users","Regression Tests","Mon Feb 16 10:53:56 UTC 2026","passed","Mon Feb 16 10:53:57 UTC 2026","ua.kpi.sc.test.api.tests.user.UserSearchFilterTest","Regression","ua.kpi.sc.test.api.tests.user.UserSearchFilterTest","filterByTierReturnsMatching"
"","1312","List users pagination works","Regression Tests","Mon Feb 16 10:53:55 UTC 2026","passed","Mon Feb 16 10:53:57 UTC 2026","ua.kpi.sc.test.api.tests.user.UserTest","Regression","ua.kpi.sc.test.api.tests.user.UserTest","listUsersPaginationWorks"
"","2764","Login cookies have Secure flag matching transport protocol","Regression Tests","Mon Feb 16 10:53:31 UTC 2026","passed","Mon Feb 16 10:53:34 UTC 2026","ua.kpi.sc.test.api.tests.auth.AuthCookieContractTest","Regression","ua.kpi.sc.test.api.tests.auth.AuthCookieContractTest","loginCookiesHaveSecureFlag"
"","395","Google OAuth callback with empty state returns error","Regression Tests","Mon Feb 16 10:53:27 UTC 2026","passed","Mon Feb 16 10:53:27 UTC 2026","ua.kpi.sc.test.api.tests.auth.AuthGoogleOAuthTest","Regression","ua.kpi.sc.test.api.tests.auth.AuthGoogleOAuthTest","googleOAuthCallbackWithEmptyStateReturnsError"
"","72","Remove override returns 204","Regression Tests","Mon Feb 16 10:54:05 UTC 2026","passed","Mon Feb 16 10:54:05 UTC 2026","ua.kpi.sc.test.api.tests.featureflag.FeatureFlagAdminTest","Regression","ua.kpi.sc.test.api.tests.featureflag.FeatureFlagAdminTest","removeOverrideReturns204"
"","64","Get feature flag by ID returns correct flag","Regression Tests","Mon Feb 16 10:54:05 UTC 2026","passed","Mon Feb 16 10:54:05 UTC 2026","ua.kpi.sc.test.api.tests.featureflag.FeatureFlagAdminTest","Regression","ua.kpi.sc.test.api.tests.featureflag.FeatureFlagAdminTest","getFlagByIdReturnsCorrectFlag"
"","3761","Refresh tokens are user-specific and return correct user data","Regression Tests","Mon Feb 16 10:53:27 UTC 2026","passed","Mon Feb 16 10:53:31 UTC 2026","ua.kpi.sc.test.api.tests.auth.AuthRefreshTest","Regression","ua.kpi.sc.test.api.tests.auth.AuthRefreshTest","refreshFromDifferentUserTokenFails"
"","82","DELETE /oauth2/google returns 405","Regression Tests","Mon Feb 16 10:53:29 UTC 2026","passed","Mon Feb 16 10:53:29 UTC 2026","ua.kpi.sc.test.api.tests.auth.AuthGoogleOAuthTest","Regression","ua.kpi.sc.test.api.tests.auth.AuthGoogleOAuthTest","googleOAuthMethodNotAllowedDelete"
"","46","Toggle flag changes enabled state","Regression Tests","Mon Feb 16 10:54:06 UTC 2026","passed","Mon Feb 16 10:54:06 UTC 2026","ua.kpi.sc.test.api.tests.featureflag.FeatureFlagAdminTest","Regression","ua.kpi.sc.test.api.tests.featureflag.FeatureFlagAdminTest","toggleFlagChangesEnabledState"
"","1772","Forgot password 400 matches ProblemDetail schema","Regression Tests","Mon Feb 16 10:53:25 UTC 2026","passed","Mon Feb 16 10:53:27 UTC 2026","ua.kpi.sc.test.api.tests.auth.AuthForgotPasswordTest","Regression","ua.kpi.sc.test.api.tests.auth.AuthForgotPasswordTest","forgotPassword400MatchesProblemDetailSchema"
"","206","Admin can broadcast a notification — returns 200","Regression Tests","Mon Feb 16 10:53:59 UTC 2026","passed","Mon Feb 16 10:54:00 UTC 2026","ua.kpi.sc.test.api.tests.notification.NotificationBroadcastTest","Regression","ua.kpi.sc.test.api.tests.notification.NotificationBroadcastTest","shouldBroadcast"
"","46","PATCH /login returns 405","Regression Tests","Mon Feb 16 10:53:28 UTC 2026","passed","Mon Feb 16 10:53:28 UTC 2026","ua.kpi.sc.test.api.tests.auth.AuthLoginTest","Regression","ua.kpi.sc.test.api.tests.auth.AuthLoginTest","loginMethodNotAllowedPatch"
"","1649","Register with Unicode (Cyrillic) names succeeds","Regression Tests","Mon Feb 16 10:54:02 UTC 2026","passed","Mon Feb 16 10:54:04 UTC 2026","ua.kpi.sc.test.api.tests.auth.AuthRegisterTest","Regression","ua.kpi.sc.test.api.tests.auth.AuthRegisterTest","registerWithUnicodeNamesSucceeds"
"","2853","Register -> login -> getMe: email matches after login","Regression Tests","Mon Feb 16 10:53:31 UTC 2026","passed","Mon Feb 16 10:53:34 UTC 2026","ua.kpi.sc.test.api.tests.auth.AuthFlowTest","Regression","ua.kpi.sc.test.api.tests.auth.AuthFlowTest","fullLoginToMeFlow"
"","39","Register with empty JSON object returns 400","Regression Tests","Mon Feb 16 10:53:55 UTC 2026","passed","Mon Feb 16 10:53:55 UTC 2026","ua.kpi.sc.test.api.tests.auth.AuthRegisterTest","Regression","ua.kpi.sc.test.api.tests.auth.AuthRegisterTest","registerWithEmptyJsonObjectReturns400"
"","1467","Logout cookies have SameSite=Lax attribute","Regression Tests","Mon Feb 16 10:53:34 UTC 2026","passed","Mon Feb 16 10:53:35 UTC 2026","ua.kpi.sc.test.api.tests.auth.AuthCookieContractTest","Regression","ua.kpi.sc.test.api.tests.auth.AuthCookieContractTest","logoutCookiesHaveSameSiteLax"
"","1241","PUT /users/{id}/tier returns 405 Method Not Allowed","Regression Tests","Mon Feb 16 10:53:53 UTC 2026","passed","Mon Feb 16 10:53:55 UTC 2026","ua.kpi.sc.test.api.tests.user.UserUpdateTierTest","Regression","ua.kpi.sc.test.api.tests.user.UserUpdateTierTest","putTierReturns405"
"","207","Search audit logs by text returns matches","Regression Tests","Mon Feb 16 10:53:30 UTC 2026","passed","Mon Feb 16 10:53:30 UTC 2026","ua.kpi.sc.test.api.tests.audit.AuditTest","Regression","ua.kpi.sc.test.api.tests.audit.AuditTest","searchByText_returnsMatches"
"","57","Delete feature flag returns 204","Regression Tests","Mon Feb 16 10:54:05 UTC 2026","passed","Mon Feb 16 10:54:05 UTC 2026","ua.kpi.sc.test.api.tests.featureflag.FeatureFlagAdminTest","Regression","ua.kpi.sc.test.api.tests.featureflag.FeatureFlagAdminTest","deleteFlagReturns204"
"","23","Register with null firstName returns 400","Regression Tests","Mon Feb 16 10:53:59 UTC 2026","passed","Mon Feb 16 10:53:59 UTC 2026","ua.kpi.sc.test.api.tests.auth.AuthRegisterTest","Regression","ua.kpi.sc.test.api.tests.auth.AuthRegisterTest","registerWithNullFirstNameReturns400"
"","42","Get non-existent flag returns 404","Regression Tests","Mon Feb 16 10:54:05 UTC 2026","passed","Mon Feb 16 10:54:05 UTC 2026","ua.kpi.sc.test.api.tests.featureflag.FeatureFlagAdminTest","Regression","ua.kpi.sc.test.api.tests.featureflag.FeatureFlagAdminTest","getNonExistentFlagReturns404"
"","8130","Create user with each tier level succeeds","Regression Tests","Mon Feb 16 10:53:47 UTC 2026","passed","Mon Feb 16 10:53:55 UTC 2026","ua.kpi.sc.test.api.tests.user.UserCreateTest","Regression","ua.kpi.sc.test.api.tests.user.UserCreateTest","createUserWithEachTier"
"","876","Register returns the same names in response","Regression Tests","Mon Feb 16 10:53:42 UTC 2026","passed","Mon Feb 16 10:53:43 UTC 2026","ua.kpi.sc.test.api.tests.auth.AuthRegisterTest","Regression","ua.kpi.sc.test.api.tests.auth.AuthRegisterTest","registerReturnsSameNamesInResponse"
"","61","Refresh with invalid token returns 401","Regression Tests","Mon Feb 16 10:53:31 UTC 2026","passed","Mon Feb 16 10:53:31 UTC 2026","ua.kpi.sc.test.api.tests.auth.AuthRefreshTest","Regression","ua.kpi.sc.test.api.tests.auth.AuthRefreshTest","refreshInvalidTokenReturns401"
"","2617","Login returns a valid UUID as id","Regression Tests","Mon Feb 16 10:53:50 UTC 2026","passed","Mon Feb 16 10:53:52 UTC 2026","ua.kpi.sc.test.api.tests.auth.AuthLoginTest","Regression","ua.kpi.sc.test.api.tests.auth.AuthLoginTest","loginReturnsValidUuid"
"","69","List flags response contains pagination metadata","Regression Tests","Mon Feb 16 10:54:05 UTC 2026","passed","Mon Feb 16 10:54:05 UTC 2026","ua.kpi.sc.test.api.tests.featureflag.FeatureFlagAdminTest","Regression","ua.kpi.sc.test.api.tests.featureflag.FeatureFlagAdminTest","listFlagsResponseContainsPaginationMetadata"
"","62","Register with password exactly 7 chars returns 400","Regression Tests","Mon Feb 16 10:53:59 UTC 2026","passed","Mon Feb 16 10:53:59 UTC 2026","ua.kpi.sc.test.api.tests.auth.AuthRegisterTest","Regression","ua.kpi.sc.test.api.tests.auth.AuthRegisterTest","registerWithPasswordExactly7CharsReturns400"
"","47","List flags empty page returns empty content","Regression Tests","Mon Feb 16 10:54:05 UTC 2026","passed","Mon Feb 16 10:54:05 UTC 2026","ua.kpi.sc.test.api.tests.featureflag.FeatureFlagAdminTest","Regression","ua.kpi.sc.test.api.tests.featureflag.FeatureFlagAdminTest","listFlagsEmptyPageReturnsEmptyContent"
"","90","Refresh with malformed JWT token returns 401","Regression Tests","Mon Feb 16 10:53:48 UTC 2026","passed","Mon Feb 16 10:53:48 UTC 2026","ua.kpi.sc.test.api.tests.auth.AuthRefreshTest","Regression","ua.kpi.sc.test.api.tests.auth.AuthRefreshTest","refreshWithMalformedTokenReturns401"
"","2758","Reset password with 8-char password succeeds","Regression Tests","Mon Feb 16 10:53:43 UTC 2026","passed","Mon Feb 16 10:53:45 UTC 2026","ua.kpi.sc.test.api.tests.auth.AuthResetPasswordTest","Regression","ua.kpi.sc.test.api.tests.auth.AuthResetPasswordTest","resetPasswordWith8CharPasswordSucceeds"
"","1450","Forgot password sends email to MailPit for registered user","Regression Tests","Mon Feb 16 10:53:33 UTC 2026","passed","Mon Feb 16 10:53:34 UTC 2026","ua.kpi.sc.test.api.tests.auth.AuthForgotPasswordTest","Regression","ua.kpi.sc.test.api.tests.auth.AuthForgotPasswordTest","forgotPasswordSendsEmailToMailpit"
"","73","Update self profile returns 200","Regression Tests","Mon Feb 16 10:53:53 UTC 2026","passed","Mon Feb 16 10:53:53 UTC 2026","ua.kpi.sc.test.api.tests.user.UserSelfUpdateTest","Regression","ua.kpi.sc.test.api.tests.user.UserSelfUpdateTest","updateSelfReturns200"
"","1557","GET /logout returns 405","Regression Tests","Mon Feb 16 10:53:43 UTC 2026","passed","Mon Feb 16 10:53:44 UTC 2026","ua.kpi.sc.test.api.tests.auth.AuthLogoutTest","Regression","ua.kpi.sc.test.api.tests.auth.AuthLogoutTest","logoutMethodNotAllowedGet"
"","976","Bulk toggle multiple flags and verify all","Regression Tests","Mon Feb 16 10:54:01 UTC 2026","passed","Mon Feb 16 10:54:02 UTC 2026","ua.kpi.sc.test.api.tests.featureflag.FeatureFlagLifecycleTest","Regression","ua.kpi.sc.test.api.tests.featureflag.FeatureFlagLifecycleTest","bulkToggleMultipleFlagsAndVerifyAll"
"","3009","Reset password with valid token returns 204","Regression Tests","Mon Feb 16 10:53:49 UTC 2026","passed","Mon Feb 16 10:53:52 UTC 2026","ua.kpi.sc.test.api.tests.auth.AuthResetPasswordTest","Regression","ua.kpi.sc.test.api.tests.auth.AuthResetPasswordTest","resetPasswordWithValidTokenReturns204"
"","1414","Refresh token cannot be reused after rotation","Regression Tests","Mon Feb 16 10:53:43 UTC 2026","passed","Mon Feb 16 10:53:45 UTC 2026","ua.kpi.sc.test.api.tests.auth.AuthRefreshTest","Regression","ua.kpi.sc.test.api.tests.auth.AuthRefreshTest","refreshTokenCannotBeReusedAfterRotation"
"","388","Export audit logs as CSV returns 200 with CSV content type","Regression Tests","Mon Feb 16 10:53:26 UTC 2026","passed","Mon Feb 16 10:53:27 UTC 2026","ua.kpi.sc.test.api.tests.audit.AuditTest","Regression","ua.kpi.sc.test.api.tests.audit.AuditTest","exportCsv_returns200_withCsvContentType"
"","64","Non-admin user cannot broadcast notification — returns 403","Regression Tests","Mon Feb 16 10:54:00 UTC 2026","passed","Mon Feb 16 10:54:00 UTC 2026","ua.kpi.sc.test.api.tests.notification.NotificationBroadcastTest","Regression","ua.kpi.sc.test.api.tests.notification.NotificationBroadcastTest","shouldRejectBroadcastForNonAdmin"
"","591","Evaluate after toggle reflects new state","Regression Tests","Mon Feb 16 10:54:01 UTC 2026","passed","Mon Feb 16 10:54:01 UTC 2026","ua.kpi.sc.test.api.tests.featureflag.FeatureFlagEvaluationTest","Regression","ua.kpi.sc.test.api.tests.featureflag.FeatureFlagEvaluationTest","evaluateAfterToggle_reflectsNewState"
"","10416","Login with new password works after reset","Regression Tests","Mon Feb 16 10:53:22 UTC 2026","passed","Mon Feb 16 10:53:32 UTC 2026","ua.kpi.sc.test.api.tests.auth.AuthResetPasswordTest","Regression","ua.kpi.sc.test.api.tests.auth.AuthResetPasswordTest","loginWithNewPasswordWorksAfterReset"
"","33","Register with null password returns 400","Regression Tests","Mon Feb 16 10:53:59 UTC 2026","passed","Mon Feb 16 10:53:59 UTC 2026","ua.kpi.sc.test.api.tests.auth.AuthRegisterTest","Regression","ua.kpi.sc.test.api.tests.auth.AuthRegisterTest","registerWithNullPasswordReturns400"
"","2128","Register with CJK name succeeds","Regression Tests","Mon Feb 16 10:53:52 UTC 2026","passed","Mon Feb 16 10:53:54 UTC 2026","ua.kpi.sc.test.api.tests.auth.AuthRegisterTest","Regression","ua.kpi.sc.test.api.tests.auth.AuthRegisterTest","registerWithCjkNameSucceeds"
"","33","healthEndpointReturns200WithStatusUp","Regression Tests","Mon Feb 16 10:53:44 UTC 2026","passed","Mon Feb 16 10:53:44 UTC 2026","ua.kpi.sc.test.api.tests.smoke.HealthCheckTest","Regression","ua.kpi.sc.test.api.tests.smoke.HealthCheckTest","healthEndpointReturns200WithStatusUp"
"","215","Create flag and verify it appears in evaluation endpoint","Regression Tests","Mon Feb 16 10:54:02 UTC 2026","passed","Mon Feb 16 10:54:02 UTC 2026","ua.kpi.sc.test.api.tests.featureflag.FeatureFlagLifecycleTest","Regression","ua.kpi.sc.test.api.tests.featureflag.FeatureFlagLifecycleTest","createFlagAndVerifyInEvaluationEndpoint"
"","741","Register cookies have Path=/","Regression Tests","Mon Feb 16 10:53:40 UTC 2026","passed","Mon Feb 16 10:53:41 UTC 2026","ua.kpi.sc.test.api.tests.auth.AuthCookieContractTest","Regression","ua.kpi.sc.test.api.tests.auth.AuthCookieContractTest","registerCookiesHavePathSlash"
"","1178","Logout clears session and returns 200","Regression Tests","Mon Feb 16 10:53:36 UTC 2026","passed","Mon Feb 16 10:53:38 UTC 2026","ua.kpi.sc.test.api.tests.auth.AuthLogoutTest","Regression","ua.kpi.sc.test.api.tests.auth.AuthLogoutTest","logoutClearsSession"
"","27","Register with XML content type returns 415","Regression Tests","Mon Feb 16 10:54:04 UTC 2026","passed","Mon Feb 16 10:54:04 UTC 2026","ua.kpi.sc.test.api.tests.auth.AuthRegisterTest","Regression","ua.kpi.sc.test.api.tests.auth.AuthRegisterTest","registerWithXmlContentTypeReturns415"
"","2231","Both register and login access tokens are valid for getMe","Regression Tests","Mon Feb 16 10:53:37 UTC 2026","passed","Mon Feb 16 10:53:39 UTC 2026","ua.kpi.sc.test.api.tests.auth.AuthFlowTest","Regression","ua.kpi.sc.test.api.tests.auth.AuthFlowTest","loginAfterRegistrationBothTokensWork"
"","114","GET /refresh returns 405","Regression Tests","Mon Feb 16 10:53:31 UTC 2026","passed","Mon Feb 16 10:53:31 UTC 2026","ua.kpi.sc.test.api.tests.auth.AuthRefreshTest","Regression","ua.kpi.sc.test.api.tests.auth.AuthRefreshTest","refreshMethodNotAllowedGet"
"","93","Evaluate single disabled flag returns false","Regression Tests","Mon Feb 16 10:54:02 UTC 2026","passed","Mon Feb 16 10:54:03 UTC 2026","ua.kpi.sc.test.api.tests.featureflag.FeatureFlagEvaluationTest","Regression","ua.kpi.sc.test.api.tests.featureflag.FeatureFlagEvaluationTest","evaluateSingleDisabledFlagReturnsFalse"
"","623","73-char new password returns 400","Regression Tests","Mon Feb 16 10:54:12 UTC 2026","passed","Mon Feb 16 10:54:12 UTC 2026","ua.kpi.sc.test.api.tests.user.UserChangePasswordTest","Regression","ua.kpi.sc.test.api.tests.user.UserChangePasswordTest","tooLongNewPasswordReturns400"
"","68","PATCH /users/{id}/tier for non-existent user returns 404","Regression Tests","Mon Feb 16 10:53:55 UTC 2026","passed","Mon Feb 16 10:53:55 UTC 2026","ua.kpi.sc.test.api.tests.user.UserUpdateTierTest","Regression","ua.kpi.sc.test.api.tests.user.UserUpdateTierTest","updateTierForNonExistentUserReturns404"
"","53","Filter notifications by category returns 200","Failed suite [Regression Tests]","Mon Feb 16 10:54:27 UTC 2026","failed","Mon Feb 16 10:54:27 UTC 2026","ua.kpi.sc.test.api.tests.notification.NotificationListTest","Regression(failed)","ua.kpi.sc.test.api.tests.notification.NotificationListTest","shouldFilterByCategory"
"","1415","PATCH /users/{id} with empty body returns 400","Regression Tests","Mon Feb 16 10:53:59 UTC 2026","passed","Mon Feb 16 10:54:01 UTC 2026","ua.kpi.sc.test.api.tests.user.UserUpdateProfileTest","Regression","ua.kpi.sc.test.api.tests.user.UserUpdateProfileTest","updateWithEmptyBodyReturns400"
"","1063","Multiple forgot password calls all return 204","Regression Tests","Mon Feb 16 10:53:36 UTC 2026","passed","Mon Feb 16 10:53:38 UTC 2026","ua.kpi.sc.test.api.tests.auth.AuthForgotPasswordTest","Regression","ua.kpi.sc.test.api.tests.auth.AuthForgotPasswordTest","multipleForgotPasswordCallsAllReturn204"
"","1834","Remove partner level returns 204","Regression Tests","Mon Feb 16 10:53:57 UTC 2026","passed","Mon Feb 16 10:53:59 UTC 2026","ua.kpi.sc.test.api.tests.user.UserRemovePartnerTest","Regression","ua.kpi.sc.test.api.tests.user.UserRemovePartnerTest","removePartnerLevelReturns204"
"","41","Logout with invalid bearer token returns 401","Regression Tests","Mon Feb 16 10:53:51 UTC 2026","passed","Mon Feb 16 10:53:51 UTC 2026","ua.kpi.sc.test.api.tests.auth.AuthLogoutTest","Regression","ua.kpi.sc.test.api.tests.auth.AuthLogoutTest","logoutWithInvalidTokenReturns401"
"","54","Google OAuth redirect Location contains redirect_uri parameter","Regression Tests","Mon Feb 16 10:53:30 UTC 2026","passed","Mon Feb 16 10:53:30 UTC 2026","ua.kpi.sc.test.api.tests.auth.AuthGoogleOAuthTest","Regression","ua.kpi.sc.test.api.tests.auth.AuthGoogleOAuthTest","googleOAuthRedirectLocationContainsRedirectUri"
"","1041","PATCH /users/{id}/tier with valid tier returns 200","Regression Tests","Mon Feb 16 10:53:57 UTC 2026","passed","Mon Feb 16 10:53:58 UTC 2026","ua.kpi.sc.test.api.tests.user.UserUpdateTierTest","Regression","ua.kpi.sc.test.api.tests.user.UserUpdateTierTest","updateTierWithValidValue"
"","1400","Filter by active status returns matching","Regression Tests","Mon Feb 16 10:53:55 UTC 2026","passed","Mon Feb 16 10:53:56 UTC 2026","ua.kpi.sc.test.api.tests.user.UserSearchFilterTest","Regression","ua.kpi.sc.test.api.tests.user.UserSearchFilterTest","filterByActiveStatus"
"","986","GET /me returns capabilityTier 1 for newly registered user","Regression Tests","Mon Feb 16 10:53:40 UTC 2026","passed","Mon Feb 16 10:53:41 UTC 2026","ua.kpi.sc.test.api.tests.auth.AuthMeTest","Regression","ua.kpi.sc.test.api.tests.auth.AuthMeTest","meReturnsCapabilityTier1ForNewUser"
"","613","Null fields returns 400","Regression Tests","Mon Feb 16 10:54:10 UTC 2026","passed","Mon Feb 16 10:54:11 UTC 2026","ua.kpi.sc.test.api.tests.user.UserChangePasswordTest","Regression","ua.kpi.sc.test.api.tests.user.UserChangePasswordTest","nullFieldsReturns400"
"","3802","Old password fails after reset","Regression Tests","Mon Feb 16 10:53:32 UTC 2026","passed","Mon Feb 16 10:53:36 UTC 2026","ua.kpi.sc.test.api.tests.auth.AuthResetPasswordTest","Regression","ua.kpi.sc.test.api.tests.auth.AuthResetPasswordTest","oldPasswordFailsAfterReset"
"","680","Full lifecycle: create → toggle → add override → update → delete","Regression Tests","Mon Feb 16 10:54:03 UTC 2026","passed","Mon Feb 16 10:54:03 UTC 2026","ua.kpi.sc.test.api.tests.featureflag.FeatureFlagLifecycleTest","Regression","ua.kpi.sc.test.api.tests.featureflag.FeatureFlagLifecycleTest","fullLifecycle_createToggleAddOverrideUpdateDelete"
"","1392","Register returns a valid UUID as id","Regression Tests","Mon Feb 16 10:53:43 UTC 2026","passed","Mon Feb 16 10:53:45 UTC 2026","ua.kpi.sc.test.api.tests.auth.AuthRegisterTest","Regression","ua.kpi.sc.test.api.tests.auth.AuthRegisterTest","registerReturnsValidUuid"
"","61","List flags pagination works","Regression Tests","Mon Feb 16 10:54:05 UTC 2026","passed","Mon Feb 16 10:54:05 UTC 2026","ua.kpi.sc.test.api.tests.featureflag.FeatureFlagAdminTest","Regression","ua.kpi.sc.test.api.tests.featureflag.FeatureFlagAdminTest","listFlagsPaginationWorks"
"","1470","Get user by ID returns 200 with all fields","Regression Tests","Mon Feb 16 10:53:57 UTC 2026","passed","Mon Feb 16 10:53:58 UTC 2026","ua.kpi.sc.test.api.tests.user.UserGetByIdTest","Regression","ua.kpi.sc.test.api.tests.user.UserGetByIdTest","getUserByIdReturns200"
"","33","Login with empty body returns 400","Regression Tests","Mon Feb 16 10:53:55 UTC 2026","passed","Mon Feb 16 10:53:55 UTC 2026","ua.kpi.sc.test.api.tests.auth.AuthLoginTest","Regression","ua.kpi.sc.test.api.tests.auth.AuthLoginTest","loginWithEmptyBodyReturns400"
"","86","Update self with blank name returns 400","Regression Tests","Mon Feb 16 10:53:53 UTC 2026","passed","Mon Feb 16 10:53:53 UTC 2026","ua.kpi.sc.test.api.tests.user.UserSelfUpdateTest","Regression","ua.kpi.sc.test.api.tests.user.UserSelfUpdateTest","updateSelfBlankNameReturns400"
"","1295","PATCH /users/{id} preserves email, tier, and active status","Regression Tests","Mon Feb 16 10:53:56 UTC 2026","passed","Mon Feb 16 10:53:58 UTC 2026","ua.kpi.sc.test.api.tests.user.UserUpdateProfileTest","Regression","ua.kpi.sc.test.api.tests.user.UserUpdateProfileTest","updateUserPreservesOtherFields"
"","578","Add override generates audit entry in centralized audit","Regression Tests","Mon Feb 16 10:54:00 UTC 2026","passed","Mon Feb 16 10:54:01 UTC 2026","ua.kpi.sc.test.api.tests.featureflag.FeatureFlagAdminTest","Regression","ua.kpi.sc.test.api.tests.featureflag.FeatureFlagAdminTest","addOverrideGeneratesAuditEntry"
"","362","Google OAuth callback with SQL injection in code returns error","Regression Tests","Mon Feb 16 10:53:28 UTC 2026","passed","Mon Feb 16 10:53:29 UTC 2026","ua.kpi.sc.test.api.tests.auth.AuthGoogleOAuthTest","Regression","ua.kpi.sc.test.api.tests.auth.AuthGoogleOAuthTest","googleOAuthCallbackWithSqlInjectionReturnsError"
"","2101","302 response has no JSON body","Regression Tests","Mon Feb 16 10:53:22 UTC 2026","passed","Mon Feb 16 10:53:24 UTC 2026","ua.kpi.sc.test.api.tests.auth.AuthGoogleOAuthTest","Regression","ua.kpi.sc.test.api.tests.auth.AuthGoogleOAuthTest","googleOAuth302HasNoJsonBody"
"","888","Register cookies have SameSite=Lax attribute","Regression Tests","Mon Feb 16 10:53:42 UTC 2026","passed","Mon Feb 16 10:53:43 UTC 2026","ua.kpi.sc.test.api.tests.auth.AuthCookieContractTest","Regression","ua.kpi.sc.test.api.tests.auth.AuthCookieContractTest","registerCookiesHaveSameSiteLax"
"","83","Login with non-existent email returns 401","Regression Tests","Mon Feb 16 10:53:32 UTC 2026","passed","Mon Feb 16 10:53:32 UTC 2026","ua.kpi.sc.test.api.tests.auth.AuthLoginTest","Regression","ua.kpi.sc.test.api.tests.auth.AuthLoginTest","loginNonExistentEmailReturns401"
"","86","Logout 401 matches ProblemDetail schema","Regression Tests","Mon Feb 16 10:53:48 UTC 2026","passed","Mon Feb 16 10:53:48 UTC 2026","ua.kpi.sc.test.api.tests.auth.AuthLogoutTest","Regression","ua.kpi.sc.test.api.tests.auth.AuthLogoutTest","logoutProblemDetailSchemaOn401"
"","2567","Login with valid credentials returns 200 with email and cookies","Regression Tests","Mon Feb 16 10:53:58 UTC 2026","passed","Mon Feb 16 10:54:00 UTC 2026","ua.kpi.sc.test.api.tests.auth.AuthLoginTest","Regression","ua.kpi.sc.test.api.tests.auth.AuthLoginTest","loginWithValidCredentials"
"","52","PATCH /users/{id} for non-existent user returns 404","Regression Tests","Mon Feb 16 10:53:55 UTC 2026","passed","Mon Feb 16 10:53:55 UTC 2026","ua.kpi.sc.test.api.tests.user.UserUpdateProfileTest","Regression","ua.kpi.sc.test.api.tests.user.UserUpdateProfileTest","updateNonExistentUserReturns404"
"","416","Get audit logs returns 200 with paginated response","Regression Tests","Mon Feb 16 10:53:28 UTC 2026","passed","Mon Feb 16 10:53:29 UTC 2026","ua.kpi.sc.test.api.tests.audit.AuditTest","Regression","ua.kpi.sc.test.api.tests.audit.AuditTest","getAuditLogs_returns200"
"","116","Google OAuth callback with no params returns error","Regression Tests","Mon Feb 16 10:53:28 UTC 2026","passed","Mon Feb 16 10:53:28 UTC 2026","ua.kpi.sc.test.api.tests.auth.AuthGoogleOAuthTest","Regression","ua.kpi.sc.test.api.tests.auth.AuthGoogleOAuthTest","googleOAuthCallbackWithNoParamsReturnsError"
"","182","Basic user cannot access audit stats — returns 403","Regression Tests","Mon Feb 16 10:53:25 UTC 2026","passed","Mon Feb 16 10:53:25 UTC 2026","ua.kpi.sc.test.api.tests.audit.AuditTest","Regression","ua.kpi.sc.test.api.tests.audit.AuditTest","basicUserCannotAccessStats_returns403"
"","1191","PATCH /users/{id}/tier with invalid tier returns 400","Regression Tests","Mon Feb 16 10:53:56 UTC 2026","passed","Mon Feb 16 10:53:57 UTC 2026","ua.kpi.sc.test.api.tests.user.UserUpdateTierTest","Regression","ua.kpi.sc.test.api.tests.user.UserUpdateTierTest","updateTierWithInvalidValueReturns400"
"","1375","GET /me with tampered JWT signature returns 401","Regression Tests","Mon Feb 16 10:53:53 UTC 2026","passed","Mon Feb 16 10:53:54 UTC 2026","ua.kpi.sc.test.api.tests.auth.AuthMeTest","Regression","ua.kpi.sc.test.api.tests.auth.AuthMeTest","meWithTamperedJwtSignatureReturns401"
"","189","Evaluate all returns correct boolean values","Regression Tests","Mon Feb 16 10:54:01 UTC 2026","passed","Mon Feb 16 10:54:01 UTC 2026","ua.kpi.sc.test.api.tests.featureflag.FeatureFlagEvaluationTest","Regression","ua.kpi.sc.test.api.tests.featureflag.FeatureFlagEvaluationTest","evaluateAllReturnsCorrectBooleanValues"
"","27","GET /auth/me without token returns 401","Regression Tests","Mon Feb 16 10:53:54 UTC 2026","passed","Mon Feb 16 10:53:54 UTC 2026","ua.kpi.sc.test.api.tests.auth.AuthMeTest","Regression","ua.kpi.sc.test.api.tests.auth.AuthMeTest","meWithoutAuthReturns401"
"","259","Toggle flag and verify evaluation changes","Regression Tests","Mon Feb 16 10:54:03 UTC 2026","passed","Mon Feb 16 10:54:04 UTC 2026","ua.kpi.sc.test.api.tests.featureflag.FeatureFlagLifecycleTest","Regression","ua.kpi.sc.test.api.tests.featureflag.FeatureFlagLifecycleTest","toggleFlagAndVerifyEvaluationChanges"
"","24","Login with empty JSON object returns 400","Regression Tests","Mon Feb 16 10:53:55 UTC 2026","passed","Mon Feb 16 10:53:55 UTC 2026","ua.kpi.sc.test.api.tests.auth.AuthLoginTest","Regression","ua.kpi.sc.test.api.tests.auth.AuthLoginTest","loginWithEmptyJsonObjectReturns400"
"","35","Forgot password with empty body returns 400","Regression Tests","Mon Feb 16 10:53:36 UTC 2026","passed","Mon Feb 16 10:53:36 UTC 2026","ua.kpi.sc.test.api.tests.auth.AuthForgotPasswordTest","Regression","ua.kpi.sc.test.api.tests.auth.AuthForgotPasswordTest","forgotPasswordWithEmptyBodyReturns400"
"","29","Register with plain text content type returns 415","Regression Tests","Mon Feb 16 10:54:00 UTC 2026","passed","Mon Feb 16 10:54:00 UTC 2026","ua.kpi.sc.test.api.tests.auth.AuthRegisterTest","Regression","ua.kpi.sc.test.api.tests.auth.AuthRegisterTest","registerWithPlainTextReturns415"
"","1498","Refresh then getMe with new access token returns 200 and correct email","Regression Tests","Mon Feb 16 10:53:45 UTC 2026","passed","Mon Feb 16 10:53:46 UTC 2026","ua.kpi.sc.test.api.tests.auth.AuthFlowTest","Regression","ua.kpi.sc.test.api.tests.auth.AuthFlowTest","refreshThenGetMeWithNewAccessToken"
"","180","Create user with invalid email returns 400","Regression Tests","Mon Feb 16 10:53:46 UTC 2026","passed","Mon Feb 16 10:53:46 UTC 2026","ua.kpi.sc.test.api.tests.user.UserCreateTest","Regression","ua.kpi.sc.test.api.tests.user.UserCreateTest","createUserInvalidEmailReturns400"
"","1269","PATCH /users/{id}/tier accepts each tier level 0-5","Regression Tests","Mon Feb 16 10:53:55 UTC 2026","passed","Mon Feb 16 10:53:56 UTC 2026","ua.kpi.sc.test.api.tests.user.UserUpdateTierTest","Regression","ua.kpi.sc.test.api.tests.user.UserUpdateTierTest","updateTierToEachLevel"
"","1243","Refresh cookies have Secure flag matching transport protocol","Regression Tests","Mon Feb 16 10:53:39 UTC 2026","passed","Mon Feb 16 10:53:40 UTC 2026","ua.kpi.sc.test.api.tests.auth.AuthCookieContractTest","Regression","ua.kpi.sc.test.api.tests.auth.AuthCookieContractTest","refreshCookiesHaveSecureFlag"
"","67","Delete flag generates audit entry in centralized audit","Regression Tests","Mon Feb 16 10:54:05 UTC 2026","passed","Mon Feb 16 10:54:05 UTC 2026","ua.kpi.sc.test.api.tests.featureflag.FeatureFlagAdminTest","Regression","ua.kpi.sc.test.api.tests.featureflag.FeatureFlagAdminTest","deleteFlagGeneratesAuditEntry"
"","2236","Login returns capabilityTier that is not null and >= 0","Regression Tests","Mon Feb 16 10:53:39 UTC 2026","passed","Mon Feb 16 10:53:41 UTC 2026","ua.kpi.sc.test.api.tests.auth.AuthLoginTest","Regression","ua.kpi.sc.test.api.tests.auth.AuthLoginTest","loginReturnsCapabilityTier"
"","197","Update notification preferences returns 200","Failed suite [Regression Tests]","Mon Feb 16 10:54:27 UTC 2026","failed","Mon Feb 16 10:54:27 UTC 2026","ua.kpi.sc.test.api.tests.notification.NotificationPreferencesTest","Regression(failed)","ua.kpi.sc.test.api.tests.notification.NotificationPreferencesTest","shouldUpdatePreferences"
"","49","Create flag with blank name returns 400","Regression Tests","Mon Feb 16 10:54:04 UTC 2026","passed","Mon Feb 16 10:54:04 UTC 2026","ua.kpi.sc.test.api.tests.featureflag.FeatureFlagAdminTest","Regression","ua.kpi.sc.test.api.tests.featureflag.FeatureFlagAdminTest","createFlagBlankNameReturns400"
"","8056","Reset then forgot-password again (second cycle works)","Regression Tests","Mon Feb 16 10:53:55 UTC 2026","passed","Mon Feb 16 10:54:03 UTC 2026","ua.kpi.sc.test.api.tests.auth.AuthPasswordResetFlowTest","Regression","ua.kpi.sc.test.api.tests.auth.AuthPasswordResetFlowTest","resetThenForgotPasswordSecondCycleWorks"
"","75","Login with empty fields returns 400","Regression Tests","Mon Feb 16 10:53:27 UTC 2026","passed","Mon Feb 16 10:53:27 UTC 2026","ua.kpi.sc.test.api.tests.auth.AuthLoginTest","Regression","ua.kpi.sc.test.api.tests.auth.AuthLoginTest","loginEmptyFieldsReturns400"
"","3129","Register -> login -> logout -> refresh with login refresh token returns 401","Regression Tests","Mon Feb 16 10:53:46 UTC 2026","passed","Mon Feb 16 10:53:49 UTC 2026","ua.kpi.sc.test.api.tests.auth.AuthFlowTest","Regression","ua.kpi.sc.test.api.tests.auth.AuthFlowTest","registerLoginLogoutCannotRefresh"
"","136","Register with null body returns 400","Regression Tests","Mon Feb 16 10:53:58 UTC 2026","passed","Mon Feb 16 10:53:59 UTC 2026","ua.kpi.sc.test.api.tests.auth.AuthRegisterTest","Regression","ua.kpi.sc.test.api.tests.auth.AuthRegisterTest","registerWithNullBodyReturns400"
"","46","Login with null password returns 400","Regression Tests","Mon Feb 16 10:53:58 UTC 2026","passed","Mon Feb 16 10:53:58 UTC 2026","ua.kpi.sc.test.api.tests.auth.AuthLoginTest","Regression","ua.kpi.sc.test.api.tests.auth.AuthLoginTest","loginWithNullPasswordReturns400"
"","113","Reset password with XSS in token returns 400","Regression Tests","Mon Feb 16 10:53:53 UTC 2026","passed","Mon Feb 16 10:53:53 UTC 2026","ua.kpi.sc.test.api.tests.auth.AuthResetPasswordTest","Regression","ua.kpi.sc.test.api.tests.auth.AuthResetPasswordTest","resetPasswordWithXssInTokenReturns400"
"","1229","GET /auth/me returns current user profile with all key fields","Regression Tests","Mon Feb 16 10:53:42 UTC 2026","passed","Mon Feb 16 10:53:43 UTC 2026","ua.kpi.sc.test.api.tests.auth.AuthMeTest","Regression","ua.kpi.sc.test.api.tests.auth.AuthMeTest","meReturnsProfile"
"","1858","PATCH /logout returns 405","Regression Tests","Mon Feb 16 10:53:44 UTC 2026","passed","Mon Feb 16 10:53:46 UTC 2026","ua.kpi.sc.test.api.tests.auth.AuthLogoutTest","Regression","ua.kpi.sc.test.api.tests.auth.AuthLogoutTest","logoutMethodNotAllowedPatch"
"","86","Register validation errors contain all invalid fields","Regression Tests","Mon Feb 16 10:53:46 UTC 2026","passed","Mon Feb 16 10:53:46 UTC 2026","ua.kpi.sc.test.api.tests.auth.AuthRegisterTest","Regression","ua.kpi.sc.test.api.tests.auth.AuthRegisterTest","registerValidationErrorsContainAllInvalidFields"
"","61","Create flag with invalid key returns 400","Regression Tests","Mon Feb 16 10:54:04 UTC 2026","passed","Mon Feb 16 10:54:04 UTC 2026","ua.kpi.sc.test.api.tests.featureflag.FeatureFlagAdminTest","Regression","ua.kpi.sc.test.api.tests.featureflag.FeatureFlagAdminTest","createFlagInvalidKeyReturns400"
"","2098","Expired/invalid access token returns 401","Regression Tests","Mon Feb 16 10:53:22 UTC 2026","passed","Mon Feb 16 10:53:24 UTC 2026","ua.kpi.sc.test.api.tests.auth.AuthMeTest","Regression","ua.kpi.sc.test.api.tests.auth.AuthMeTest","expiredTokenReturns401"
"","1442","GET /logout 405 matches ProblemDetail schema","Regression Tests","Mon Feb 16 10:53:30 UTC 2026","passed","Mon Feb 16 10:53:32 UTC 2026","ua.kpi.sc.test.api.tests.auth.AuthLogoutTest","Regression","ua.kpi.sc.test.api.tests.auth.AuthLogoutTest","logout405MatchesProblemDetailSchema"
"","1437","Create user returns 201 with correct fields","Regression Tests","Mon Feb 16 10:53:46 UTC 2026","passed","Mon Feb 16 10:53:47 UTC 2026","ua.kpi.sc.test.api.tests.user.UserCreateTest","Regression","ua.kpi.sc.test.api.tests.user.UserCreateTest","createUserReturns201"
"","90","Evaluate all flags returns map (unauthenticated)","Regression Tests","Mon Feb 16 10:54:01 UTC 2026","passed","Mon Feb 16 10:54:01 UTC 2026","ua.kpi.sc.test.api.tests.featureflag.FeatureFlagEvaluationTest","Regression","ua.kpi.sc.test.api.tests.featureflag.FeatureFlagEvaluationTest","evaluateAllUnauthenticatedReturnsMap"
"","287","Google OAuth callback with mismatched state returns error redirect","Regression Tests","Mon Feb 16 10:53:28 UTC 2026","passed","Mon Feb 16 10:53:28 UTC 2026","ua.kpi.sc.test.api.tests.auth.AuthGoogleOAuthTest","Regression","ua.kpi.sc.test.api.tests.auth.AuthGoogleOAuthTest","googleOAuthCallbackWithMismatchedStateReturnsError"
"","1574","Get default notification preferences returns 200 with array body","Failed suite [Regression Tests]","Mon Feb 16 10:54:26 UTC 2026","failed","Mon Feb 16 10:54:27 UTC 2026","ua.kpi.sc.test.api.tests.notification.NotificationPreferencesTest","Regression(failed)","ua.kpi.sc.test.api.tests.notification.NotificationPreferencesTest","shouldGetDefaultPreferences"
"","46","Register with whitespace-only name returns 400","Regression Tests","Mon Feb 16 10:54:04 UTC 2026","passed","Mon Feb 16 10:54:04 UTC 2026","ua.kpi.sc.test.api.tests.auth.AuthRegisterTest","Regression","ua.kpi.sc.test.api.tests.auth.AuthRegisterTest","registerWithWhitespaceOnlyNameReturns400"
"","212","Basic user cannot export audit CSV — returns 403","Regression Tests","Mon Feb 16 10:53:25 UTC 2026","passed","Mon Feb 16 10:53:26 UTC 2026","ua.kpi.sc.test.api.tests.audit.AuditTest","Regression","ua.kpi.sc.test.api.tests.audit.AuditTest","basicUserCannotExportCsv_returns403"
"","120","Basic user cannot toggle flag — returns 403","Regression Tests","Mon Feb 16 10:54:03 UTC 2026","passed","Mon Feb 16 10:54:03 UTC 2026","ua.kpi.sc.test.api.tests.featureflag.FeatureFlagAdminTest","Regression","ua.kpi.sc.test.api.tests.featureflag.FeatureFlagAdminTest","basicUserCannotToggleFlag_returns403"
"","313","Evaluate unauthenticated returns global defaults only","Regression Tests","Mon Feb 16 10:54:01 UTC 2026","passed","Mon Feb 16 10:54:02 UTC 2026","ua.kpi.sc.test.api.tests.featureflag.FeatureFlagEvaluationTest","Regression","ua.kpi.sc.test.api.tests.featureflag.FeatureFlagEvaluationTest","evaluateAllUnauthenticated_returnsGlobalDefaults"
"","400","Bulk toggle disables multiple flags","Regression Tests","Mon Feb 16 10:54:03 UTC 2026","passed","Mon Feb 16 10:54:04 UTC 2026","ua.kpi.sc.test.api.tests.featureflag.FeatureFlagAdminTest","Regression","ua.kpi.sc.test.api.tests.featureflag.FeatureFlagAdminTest","bulkToggleDisablesMultipleFlags"
"","41","Forgot password with whitespace-only email returns 400","Regression Tests","Mon Feb 16 10:53:36 UTC 2026","passed","Mon Feb 16 10:53:36 UTC 2026","ua.kpi.sc.test.api.tests.auth.AuthForgotPasswordTest","Regression","ua.kpi.sc.test.api.tests.auth.AuthForgotPasswordTest","forgotPasswordWithWhitespaceEmailReturns400"
"","75","Reset password with short password (7 chars) returns 400","Regression Tests","Mon Feb 16 10:53:49 UTC 2026","passed","Mon Feb 16 10:53:49 UTC 2026","ua.kpi.sc.test.api.tests.auth.AuthResetPasswordTest","Regression","ua.kpi.sc.test.api.tests.auth.AuthResetPasswordTest","resetPasswordWithShortPasswordReturns400"
"","5020","Change password returns 204","Regression Tests","Mon Feb 16 10:54:00 UTC 2026","passed","Mon Feb 16 10:54:05 UTC 2026","ua.kpi.sc.test.api.tests.user.UserChangePasswordTest","Regression","ua.kpi.sc.test.api.tests.user.UserChangePasswordTest","changePasswordReturns204"
"","1257","Register with extra unknown fields succeeds","Regression Tests","Mon Feb 16 10:53:55 UTC 2026","passed","Mon Feb 16 10:53:56 UTC 2026","ua.kpi.sc.test.api.tests.auth.AuthRegisterTest","Regression","ua.kpi.sc.test.api.tests.auth.AuthRegisterTest","registerWithExtraUnknownFieldsSucceeds"
"","619","Short new password returns 400","Regression Tests","Mon Feb 16 10:54:11 UTC 2026","passed","Mon Feb 16 10:54:12 UTC 2026","ua.kpi.sc.test.api.tests.user.UserChangePasswordTest","Regression","ua.kpi.sc.test.api.tests.user.UserChangePasswordTest","shortNewPasswordReturns400"
"","2850","Login returns the same email as registered","Regression Tests","Mon Feb 16 10:53:45 UTC 2026","passed","Mon Feb 16 10:53:47 UTC 2026","ua.kpi.sc.test.api.tests.auth.AuthLoginTest","Regression","ua.kpi.sc.test.api.tests.auth.AuthLoginTest","loginReturnsSameEmailAsRegistered"
"","1670","Logout cookies have Secure flag matching transport protocol","Regression Tests","Mon Feb 16 10:53:35 UTC 2026","passed","Mon Feb 16 10:53:37 UTC 2026","ua.kpi.sc.test.api.tests.auth.AuthCookieContractTest","Regression","ua.kpi.sc.test.api.tests.auth.AuthCookieContractTest","logoutCookiesHaveSecureFlag"
"","1758","Register with Arabic name succeeds","Regression Tests","Mon Feb 16 10:53:50 UTC 2026","passed","Mon Feb 16 10:53:52 UTC 2026","ua.kpi.sc.test.api.tests.auth.AuthRegisterTest","Regression","ua.kpi.sc.test.api.tests.auth.AuthRegisterTest","registerWithArabicNameSucceeds"
"","63","Google OAuth redirect Location contains response_type=code","Regression Tests","Mon Feb 16 10:53:30 UTC 2026","passed","Mon Feb 16 10:53:30 UTC 2026","ua.kpi.sc.test.api.tests.auth.AuthGoogleOAuthTest","Regression","ua.kpi.sc.test.api.tests.auth.AuthGoogleOAuthTest","googleOAuthRedirectLocationContainsResponseTypeCode"
"","248","Update self preserves other fields","Regression Tests","Mon Feb 16 10:53:53 UTC 2026","passed","Mon Feb 16 10:53:53 UTC 2026","ua.kpi.sc.test.api.tests.user.UserSelfUpdateTest","Regression","ua.kpi.sc.test.api.tests.user.UserSelfUpdateTest","updateSelfPreservesOtherFields"
"","84","Reset password with too-long password (73 chars) returns 400","Regression Tests","Mon Feb 16 10:53:49 UTC 2026","passed","Mon Feb 16 10:53:49 UTC 2026","ua.kpi.sc.test.api.tests.auth.AuthResetPasswordTest","Regression","ua.kpi.sc.test.api.tests.auth.AuthResetPasswordTest","resetPasswordWithTooLongPasswordReturns400"
"","385","Filter audit logs by source module returns filtered results","Regression Tests","Mon Feb 16 10:53:28 UTC 2026","passed","Mon Feb 16 10:53:28 UTC 2026","ua.kpi.sc.test.api.tests.audit.AuditTest","Regression","ua.kpi.sc.test.api.tests.audit.AuditTest","filterBySourceModule_returnsFilteredResults"
"","36","Assign to non-existent user returns 404","Regression Tests","Mon Feb 16 10:53:59 UTC 2026","passed","Mon Feb 16 10:53:59 UTC 2026","ua.kpi.sc.test.api.tests.user.UserAssignPartnerTest","Regression","ua.kpi.sc.test.api.tests.user.UserAssignPartnerTest","assignToNonExistentUserReturns404"
"","615","Malformed JSON returns 400","Regression Tests","Mon Feb 16 10:54:08 UTC 2026","passed","Mon Feb 16 10:54:09 UTC 2026","ua.kpi.sc.test.api.tests.user.UserChangePasswordTest","Regression","ua.kpi.sc.test.api.tests.user.UserChangePasswordTest","malformedJsonReturns400"
"","46","Forgot password with empty email returns 400","Regression Tests","Mon Feb 16 10:53:36 UTC 2026","passed","Mon Feb 16 10:53:36 UTC 2026","ua.kpi.sc.test.api.tests.auth.AuthForgotPasswordTest","Regression","ua.kpi.sc.test.api.tests.auth.AuthForgotPasswordTest","forgotPasswordWithEmptyEmailReturns400"
"","1124","Logout clears token cookies with Max-Age=0","Regression Tests","Mon Feb 16 10:53:38 UTC 2026","passed","Mon Feb 16 10:53:39 UTC 2026","ua.kpi.sc.test.api.tests.auth.AuthLogoutTest","Regression","ua.kpi.sc.test.api.tests.auth.AuthLogoutTest","logoutClearsTokenCookies"
"","1756","Multiple refresh rotations preserve user data across 3 rotations","Regression Tests","Mon Feb 16 10:53:41 UTC 2026","passed","Mon Feb 16 10:53:42 UTC 2026","ua.kpi.sc.test.api.tests.auth.AuthFlowTest","Regression","ua.kpi.sc.test.api.tests.auth.AuthFlowTest","multipleRefreshRotationsPreserveUserData"
"","2249","Reset password invalidates all refresh tokens","Regression Tests","Mon Feb 16 10:53:36 UTC 2026","passed","Mon Feb 16 10:53:38 UTC 2026","ua.kpi.sc.test.api.tests.auth.AuthResetPasswordTest","Regression","ua.kpi.sc.test.api.tests.auth.AuthResetPasswordTest","resetPasswordInvalidatesRefreshTokens"
"","19","Admin endpoints without auth return 401","Regression Tests","Mon Feb 16 10:54:02 UTC 2026","passed","Mon Feb 16 10:54:02 UTC 2026","ua.kpi.sc.test.api.tests.featureflag.FeatureFlagAdminTest","Regression","ua.kpi.sc.test.api.tests.featureflag.FeatureFlagAdminTest","adminEndpointsWithoutAuthReturn401"
"","1834","PATCH /users/{id}/status to reactivate returns 200 with active=true","Regression Tests","Mon Feb 16 10:53:52 UTC 2026","passed","Mon Feb 16 10:53:54 UTC 2026","ua.kpi.sc.test.api.tests.user.UserUpdateStatusTest","Regression","ua.kpi.sc.test.api.tests.user.UserUpdateStatusTest","reactivateUserReturns200"
"","1554","Register with accented name succeeds","Regression Tests","Mon Feb 16 10:53:46 UTC 2026","passed","Mon Feb 16 10:53:48 UTC 2026","ua.kpi.sc.test.api.tests.auth.AuthRegisterTest","Regression","ua.kpi.sc.test.api.tests.auth.AuthRegisterTest","registerWithAccentedNameSucceeds"
"","2001","Login returns both access and refresh cookies","Regression Tests","Mon Feb 16 10:53:37 UTC 2026","passed","Mon Feb 16 10:53:39 UTC 2026","ua.kpi.sc.test.api.tests.auth.AuthLoginTest","Regression","ua.kpi.sc.test.api.tests.auth.AuthLoginTest","loginReturnsAccessAndRefreshCookies"
"","75","Created flag appears in list","Regression Tests","Mon Feb 16 10:54:04 UTC 2026","passed","Mon Feb 16 10:54:05 UTC 2026","ua.kpi.sc.test.api.tests.featureflag.FeatureFlagAdminTest","Regression","ua.kpi.sc.test.api.tests.featureflag.FeatureFlagAdminTest","createdFlagAppearsInList"
"","1251","GET /me response matches auth-user-response schema","Regression Tests","Mon Feb 16 10:53:37 UTC 2026","passed","Mon Feb 16 10:53:39 UTC 2026","ua.kpi.sc.test.api.tests.auth.AuthMeTest","Regression","ua.kpi.sc.test.api.tests.auth.AuthMeTest","meResponseMatchesSchema"
"","1408","GET /me returns correct data matching registration request","Regression Tests","Mon Feb 16 10:53:41 UTC 2026","passed","Mon Feb 16 10:53:42 UTC 2026","ua.kpi.sc.test.api.tests.auth.AuthMeTest","Regression","ua.kpi.sc.test.api.tests.auth.AuthMeTest","meReturnsCorrectRegisteredData"
"","1902","GET /me with refresh token instead of access token returns 401","Regression Tests","Mon Feb 16 10:53:51 UTC 2026","passed","Mon Feb 16 10:53:53 UTC 2026","ua.kpi.sc.test.api.tests.auth.AuthMeTest","Regression","ua.kpi.sc.test.api.tests.auth.AuthMeTest","meWithRefreshTokenReturns401"
"","1415","Logout clears access_token cookie specifically with Max-Age=0","Regression Tests","Mon Feb 16 10:53:33 UTC 2026","passed","Mon Feb 16 10:53:35 UTC 2026","ua.kpi.sc.test.api.tests.auth.AuthLogoutTest","Regression","ua.kpi.sc.test.api.tests.auth.AuthLogoutTest","logoutClearsAccessTokenCookieSpecifically"
"","4855","Full flow: register -> forgot -> MailPit -> extract token -> reset -> login with new password","Regression Tests","Mon Feb 16 10:53:38 UTC 2026","passed","Mon Feb 16 10:53:42 UTC 2026","ua.kpi.sc.test.api.tests.auth.AuthPasswordResetFlowTest","Regression","ua.kpi.sc.test.api.tests.auth.AuthPasswordResetFlowTest","fullPasswordResetFlow"
"","59","Get notifications returns 200 with list response","Failed suite [Regression Tests]","Mon Feb 16 10:54:27 UTC 2026","failed","Mon Feb 16 10:54:27 UTC 2026","ua.kpi.sc.test.api.tests.notification.NotificationListTest","Regression(failed)","ua.kpi.sc.test.api.tests.notification.NotificationListTest","shouldListNotifications"
"","1187","Refresh rotates access token to a new value","Regression Tests","Mon Feb 16 10:53:39 UTC 2026","passed","Mon Feb 16 10:53:40 UTC 2026","ua.kpi.sc.test.api.tests.auth.AuthRefreshTest","Regression","ua.kpi.sc.test.api.tests.auth.AuthRefreshTest","refreshRotatesAccessToken"
"","28","Register with XSS in email returns 400","Regression Tests","Mon Feb 16 10:54:04 UTC 2026","passed","Mon Feb 16 10:54:04 UTC 2026","ua.kpi.sc.test.api.tests.auth.AuthRegisterTest","Regression","ua.kpi.sc.test.api.tests.auth.AuthRegisterTest","registerWithXssInEmailReturns400"
"","61","Remove partner for non-existent user returns 404","Regression Tests","Mon Feb 16 10:53:57 UTC 2026","passed","Mon Feb 16 10:53:57 UTC 2026","ua.kpi.sc.test.api.tests.user.UserRemovePartnerTest","Regression","ua.kpi.sc.test.api.tests.user.UserRemovePartnerTest","removePartnerForNonExistentUserReturns404"
"","3251","Login returns different access tokens each time","Regression Tests","Mon Feb 16 10:53:41 UTC 2026","passed","Mon Feb 16 10:53:45 UTC 2026","ua.kpi.sc.test.api.tests.auth.AuthLoginTest","Regression","ua.kpi.sc.test.api.tests.auth.AuthLoginTest","loginReturnsDifferentTokensEachTime"
"","27","Forgot password with invalid email format returns 400","Regression Tests","Mon Feb 16 10:53:36 UTC 2026","passed","Mon Feb 16 10:53:36 UTC 2026","ua.kpi.sc.test.api.tests.auth.AuthForgotPasswordTest","Regression","ua.kpi.sc.test.api.tests.auth.AuthForgotPasswordTest","forgotPasswordWithInvalidEmailReturns400"
"","137","Non-admin access to audit logs returns 403","Regression Tests","Mon Feb 16 10:53:29 UTC 2026","passed","Mon Feb 16 10:53:29 UTC 2026","ua.kpi.sc.test.api.tests.audit.AuditTest","Regression","ua.kpi.sc.test.api.tests.audit.AuditTest","nonAdminAccess_returns403"
"","85","POST /oauth2/google returns 405","Regression Tests","Mon Feb 16 10:53:29 UTC 2026","passed","Mon Feb 16 10:53:29 UTC 2026","ua.kpi.sc.test.api.tests.auth.AuthGoogleOAuthTest","Regression","ua.kpi.sc.test.api.tests.auth.AuthGoogleOAuthTest","googleOAuthMethodNotAllowedPost"
"","24","Register with empty email returns 400","Regression Tests","Mon Feb 16 10:53:55 UTC 2026","passed","Mon Feb 16 10:53:55 UTC 2026","ua.kpi.sc.test.api.tests.auth.AuthRegisterTest","Regression","ua.kpi.sc.test.api.tests.auth.AuthRegisterTest","registerWithEmptyEmailReturns400"
"","322","Audit event response matches expected schema","Regression Tests","Mon Feb 16 10:53:30 UTC 2026","passed","Mon Feb 16 10:53:30 UTC 2026","ua.kpi.sc.test.api.tests.audit.AuditTest","Regression","ua.kpi.sc.test.api.tests.audit.AuditTest","responseMatchesAuditEventSchema"
"","1240","Register -> getMe: user data matches registration request","Regression Tests","Mon Feb 16 10:53:36 UTC 2026","passed","Mon Feb 16 10:53:37 UTC 2026","ua.kpi.sc.test.api.tests.auth.AuthFlowTest","Regression","ua.kpi.sc.test.api.tests.auth.AuthFlowTest","fullRegistrationToMeFlow"
"","290","Evaluate single with tier override returns overridden value","Regression Tests","Mon Feb 16 10:54:03 UTC 2026","passed","Mon Feb 16 10:54:03 UTC 2026","ua.kpi.sc.test.api.tests.featureflag.FeatureFlagEvaluationTest","Regression","ua.kpi.sc.test.api.tests.featureflag.FeatureFlagEvaluationTest","evaluateSingleWithTierOverride_returnsOverriddenValue"
"","49","Reset password with SQL injection in token is rejected","Regression Tests","Mon Feb 16 10:53:49 UTC 2026","passed","Mon Feb 16 10:53:49 UTC 2026","ua.kpi.sc.test.api.tests.auth.AuthResetPasswordTest","Regression","ua.kpi.sc.test.api.tests.auth.AuthResetPasswordTest","resetPasswordWithSqlInjectionInTokenReturns400"
"","56","Google OAuth redirect Location contains accounts.google.com","Regression Tests","Mon Feb 16 10:53:30 UTC 2026","passed","Mon Feb 16 10:53:30 UTC 2026","ua.kpi.sc.test.api.tests.auth.AuthGoogleOAuthTest","Regression","ua.kpi.sc.test.api.tests.auth.AuthGoogleOAuthTest","googleOAuthRedirectLocationContainsGoogleAccounts"
"","33","GET /me with malformed Bearer token returns 401","Regression Tests","Mon Feb 16 10:53:51 UTC 2026","passed","Mon Feb 16 10:53:51 UTC 2026","ua.kpi.sc.test.api.tests.auth.AuthMeTest","Regression","ua.kpi.sc.test.api.tests.auth.AuthMeTest","meWithMalformedBearerTokenReturns401"
"","26","Forgot password with malformed JSON returns 400","Regression Tests","Mon Feb 16 10:53:36 UTC 2026","passed","Mon Feb 16 10:53:36 UTC 2026","ua.kpi.sc.test.api.tests.auth.AuthForgotPasswordTest","Regression","ua.kpi.sc.test.api.tests.auth.AuthForgotPasswordTest","forgotPasswordWithMalformedJsonReturns400"
"","62","Update self without auth returns 401","Regression Tests","Mon Feb 16 10:53:53 UTC 2026","passed","Mon Feb 16 10:53:53 UTC 2026","ua.kpi.sc.test.api.tests.user.UserSelfUpdateTest","Regression","ua.kpi.sc.test.api.tests.user.UserSelfUpdateTest","updateSelfWithoutAuthReturns401"
"","108","PUT /oauth2/google returns 405","Regression Tests","Mon Feb 16 10:53:29 UTC 2026","passed","Mon Feb 16 10:53:30 UTC 2026","ua.kpi.sc.test.api.tests.auth.AuthGoogleOAuthTest","Regression","ua.kpi.sc.test.api.tests.auth.AuthGoogleOAuthTest","googleOAuthMethodNotAllowedPut"
"","63","Delete non-existent user returns 404","Regression Tests","Mon Feb 16 10:53:58 UTC 2026","passed","Mon Feb 16 10:53:58 UTC 2026","ua.kpi.sc.test.api.tests.user.UserDeleteTest","Regression","ua.kpi.sc.test.api.tests.user.UserDeleteTest","deleteNonExistentUserReturns404"
"","75","Login with null email returns 400","Regression Tests","Mon Feb 16 10:53:57 UTC 2026","passed","Mon Feb 16 10:53:58 UTC 2026","ua.kpi.sc.test.api.tests.auth.AuthLoginTest","Regression","ua.kpi.sc.test.api.tests.auth.AuthLoginTest","loginWithNullEmailReturns400"
"","1146","Refresh cookies have SameSite=Lax attribute","Regression Tests","Mon Feb 16 10:53:38 UTC 2026","passed","Mon Feb 16 10:53:39 UTC 2026","ua.kpi.sc.test.api.tests.auth.AuthCookieContractTest","Regression","ua.kpi.sc.test.api.tests.auth.AuthCookieContractTest","refreshCookiesHaveSameSiteLax"
"","1032","Search by email substring returns results","Regression Tests","Mon Feb 16 10:53:57 UTC 2026","passed","Mon Feb 16 10:53:58 UTC 2026","ua.kpi.sc.test.api.tests.user.UserSearchFilterTest","Regression","ua.kpi.sc.test.api.tests.user.UserSearchFilterTest","searchByEmailSubstring"
"","1298","Removed partner is gone from user response","Regression Tests","Mon Feb 16 10:53:59 UTC 2026","passed","Mon Feb 16 10:54:00 UTC 2026","ua.kpi.sc.test.api.tests.user.UserRemovePartnerTest","Regression","ua.kpi.sc.test.api.tests.user.UserRemovePartnerTest","removedPartnerGoneFromUser"
"","224","Audit logs empty page returns empty content","Regression Tests","Mon Feb 16 10:53:29 UTC 2026","passed","Mon Feb 16 10:53:30 UTC 2026","ua.kpi.sc.test.api.tests.audit.AuditTest","Regression","ua.kpi.sc.test.api.tests.audit.AuditTest","pagination_emptyPage_returnsEmptyContent"
"","59","Register with digits in name returns 400","Regression Tests","Mon Feb 16 10:53:58 UTC 2026","passed","Mon Feb 16 10:53:58 UTC 2026","ua.kpi.sc.test.api.tests.auth.AuthRegisterTest","Regression","ua.kpi.sc.test.api.tests.auth.AuthRegisterTest","registerWithNameContainingDigitsReturns400"
"","1455","Register password is not returned in response body","Regression Tests","Mon Feb 16 10:53:35 UTC 2026","passed","Mon Feb 16 10:53:37 UTC 2026","ua.kpi.sc.test.api.tests.auth.AuthRegisterTest","Regression","ua.kpi.sc.test.api.tests.auth.AuthRegisterTest","registerPasswordNotReturnedInResponse"
"","1330","Logout is idempotent or rejects already-invalidated token","Regression Tests","Mon Feb 16 10:53:39 UTC 2026","passed","Mon Feb 16 10:53:40 UTC 2026","ua.kpi.sc.test.api.tests.auth.AuthLogoutTest","Regression","ua.kpi.sc.test.api.tests.auth.AuthLogoutTest","logoutIdempotent"
"","98","Google OAuth redirect Location contains state parameter","Regression Tests","Mon Feb 16 10:53:30 UTC 2026","passed","Mon Feb 16 10:53:30 UTC 2026","ua.kpi.sc.test.api.tests.auth.AuthGoogleOAuthTest","Regression","ua.kpi.sc.test.api.tests.auth.AuthGoogleOAuthTest","googleOAuthRedirectLocationContainsState"
"","500","Filter audit logs by action returns filtered results","Regression Tests","Mon Feb 16 10:53:27 UTC 2026","passed","Mon Feb 16 10:53:27 UTC 2026","ua.kpi.sc.test.api.tests.audit.AuditTest","Regression","ua.kpi.sc.test.api.tests.audit.AuditTest","filterByAction_returnsFilteredResults"
"","1809","Logout returns empty or no body","Regression Tests","Mon Feb 16 10:53:48 UTC 2026","passed","Mon Feb 16 10:53:50 UTC 2026","ua.kpi.sc.test.api.tests.auth.AuthLogoutTest","Regression","ua.kpi.sc.test.api.tests.auth.AuthLogoutTest","logoutReturnsEmptyOrNoBody"
"","3082","POST /me 405 matches ProblemDetail schema","Regression Tests","Mon Feb 16 10:53:24 UTC 2026","passed","Mon Feb 16 10:53:27 UTC 2026","ua.kpi.sc.test.api.tests.auth.AuthMeTest","Regression","ua.kpi.sc.test.api.tests.auth.AuthMeTest","me405MatchesProblemDetailSchema"
"","1642","Logout then login produces new tokens; new token works for getMe","Regression Tests","Mon Feb 16 10:53:39 UTC 2026","passed","Mon Feb 16 10:53:41 UTC 2026","ua.kpi.sc.test.api.tests.auth.AuthFlowTest","Regression","ua.kpi.sc.test.api.tests.auth.AuthFlowTest","logoutThenLoginProducesNewTokens"
"","3503","Concurrent forgot-password requests all return 204","Regression Tests","Mon Feb 16 10:53:22 UTC 2026","passed","Mon Feb 16 10:53:25 UTC 2026","ua.kpi.sc.test.api.tests.auth.AuthPasswordResetFlowTest","Regression","ua.kpi.sc.test.api.tests.auth.AuthPasswordResetFlowTest","concurrentForgotPasswordRequestsAllReturn204"
"","80","Register with malformed JSON returns 400","Regression Tests","Mon Feb 16 10:53:58 UTC 2026","passed","Mon Feb 16 10:53:58 UTC 2026","ua.kpi.sc.test.api.tests.auth.AuthRegisterTest","Regression","ua.kpi.sc.test.api.tests.auth.AuthRegisterTest","registerWithMalformedJsonReturns400"
"","874","Delete user returns 204","Regression Tests","Mon Feb 16 10:53:58 UTC 2026","passed","Mon Feb 16 10:53:59 UTC 2026","ua.kpi.sc.test.api.tests.user.UserDeleteTest","Regression","ua.kpi.sc.test.api.tests.user.UserDeleteTest","deleteUserReturns204"
"","7","Change password without auth returns 401","Regression Tests","Mon Feb 16 10:54:12 UTC 2026","passed","Mon Feb 16 10:54:12 UTC 2026","ua.kpi.sc.test.api.tests.user.UserChangePasswordTest","Regression","ua.kpi.sc.test.api.tests.user.UserChangePasswordTest","withoutAuthReturns401"
"","92","Reset password with null token returns 400","Regression Tests","Mon Feb 16 10:53:46 UTC 2026","passed","Mon Feb 16 10:53:46 UTC 2026","ua.kpi.sc.test.api.tests.auth.AuthResetPasswordTest","Regression","ua.kpi.sc.test.api.tests.auth.AuthResetPasswordTest","resetPasswordWithNullTokenReturns400"
"","1294","Refresh response content type is application/json","Regression Tests","Mon Feb 16 10:53:33 UTC 2026","passed","Mon Feb 16 10:53:34 UTC 2026","ua.kpi.sc.test.api.tests.auth.AuthRefreshTest","Regression","ua.kpi.sc.test.api.tests.auth.AuthRefreshTest","refreshResponseContentTypeIsJson"
"","2046","Login response Content-Type is application/json","Regression Tests","Mon Feb 16 10:53:32 UTC 2026","passed","Mon Feb 16 10:53:34 UTC 2026","ua.kpi.sc.test.api.tests.auth.AuthLoginTest","Regression","ua.kpi.sc.test.api.tests.auth.AuthLoginTest","loginResponseContentTypeIsJson"
"","37","Evaluate non-existent flag returns 404","Regression Tests","Mon Feb 16 10:54:02 UTC 2026","passed","Mon Feb 16 10:54:02 UTC 2026","ua.kpi.sc.test.api.tests.featureflag.FeatureFlagEvaluationTest","Regression","ua.kpi.sc.test.api.tests.featureflag.FeatureFlagEvaluationTest","evaluateNonExistentFlagReturns404"
"","59","PUT /refresh returns 405","Regression Tests","Mon Feb 16 10:53:31 UTC 2026","passed","Mon Feb 16 10:53:31 UTC 2026","ua.kpi.sc.test.api.tests.auth.AuthRefreshTest","Regression","ua.kpi.sc.test.api.tests.auth.AuthRefreshTest","refreshMethodNotAllowedPut"
"","1381","Register response matches auth-user-response schema","Regression Tests","Mon Feb 16 10:53:39 UTC 2026","passed","Mon Feb 16 10:53:40 UTC 2026","ua.kpi.sc.test.api.tests.auth.AuthRegisterTest","Regression","ua.kpi.sc.test.api.tests.auth.AuthRegisterTest","registerResponseMatchesSchema"
"","27","Login with invalid email format returns 400","Regression Tests","Mon Feb 16 10:53:57 UTC 2026","passed","Mon Feb 16 10:53:57 UTC 2026","ua.kpi.sc.test.api.tests.auth.AuthLoginTest","Regression","ua.kpi.sc.test.api.tests.auth.AuthLoginTest","loginWithInvalidEmailFormatReturns400"
"","32","GET /me 401 matches ProblemDetail schema","Regression Tests","Mon Feb 16 10:53:36 UTC 2026","passed","Mon Feb 16 10:53:36 UTC 2026","ua.kpi.sc.test.api.tests.auth.AuthMeTest","Regression","ua.kpi.sc.test.api.tests.auth.AuthMeTest","meProblemDetailSchemaOn401"
"","2073","No email sent for unknown user","Regression Tests","Mon Feb 16 10:53:40 UTC 2026","passed","Mon Feb 16 10:53:42 UTC 2026","ua.kpi.sc.test.api.tests.auth.AuthForgotPasswordTest","Regression","ua.kpi.sc.test.api.tests.auth.AuthForgotPasswordTest","noEmailSentForUnknownUser"
"","1192","Refresh returns same user data as registration","Regression Tests","Mon Feb 16 10:53:37 UTC 2026","passed","Mon Feb 16 10:53:38 UTC 2026","ua.kpi.sc.test.api.tests.auth.AuthRefreshTest","Regression","ua.kpi.sc.test.api.tests.auth.AuthRefreshTest","refreshReturnsSameUserData"
"","74","GET /login returns 405","Regression Tests","Mon Feb 16 10:53:27 UTC 2026","passed","Mon Feb 16 10:53:28 UTC 2026","ua.kpi.sc.test.api.tests.auth.AuthLoginTest","Regression","ua.kpi.sc.test.api.tests.auth.AuthLoginTest","loginMethodNotAllowedGet"
"","33","PATCH /register returns 405","Regression Tests","Mon Feb 16 10:53:32 UTC 2026","passed","Mon Feb 16 10:53:32 UTC 2026","ua.kpi.sc.test.api.tests.auth.AuthRegisterTest","Regression","ua.kpi.sc.test.api.tests.auth.AuthRegisterTest","registerMethodNotAllowedPatch"
"","1250","Register with hyphenated name succeeds","Regression Tests","Mon Feb 16 10:53:56 UTC 2026","passed","Mon Feb 16 10:53:58 UTC 2026","ua.kpi.sc.test.api.tests.auth.AuthRegisterTest","Regression","ua.kpi.sc.test.api.tests.auth.AuthRegisterTest","registerWithHyphenatedNameSucceeds"
"","1739","Register with apostrophe in name succeeds","Regression Tests","Mon Feb 16 10:53:48 UTC 2026","passed","Mon Feb 16 10:53:50 UTC 2026","ua.kpi.sc.test.api.tests.auth.AuthRegisterTest","Regression","ua.kpi.sc.test.api.tests.auth.AuthRegisterTest","registerWithApostropheNameSucceeds"
"","5246","Register user A and user B -> getMe returns different ids and emails","Regression Tests","Mon Feb 16 10:53:22 UTC 2026","passed","Mon Feb 16 10:53:27 UTC 2026","ua.kpi.sc.test.api.tests.auth.AuthFlowTest","Regression","ua.kpi.sc.test.api.tests.auth.AuthFlowTest","concurrentRegistrationsDifferentUsers"
"","92","Get unread count returns 200 with count field","Failed suite [Regression Tests]","Mon Feb 16 10:54:27 UTC 2026","failed","Mon Feb 16 10:54:27 UTC 2026","ua.kpi.sc.test.api.tests.notification.NotificationListTest","Regression(failed)","ua.kpi.sc.test.api.tests.notification.NotificationListTest","shouldGetUnreadCount"
"","64","Login with whitespace-only email returns 400","Regression Tests","Mon Feb 16 10:54:00 UTC 2026","passed","Mon Feb 16 10:54:00 UTC 2026","ua.kpi.sc.test.api.tests.auth.AuthLoginTest","Regression","ua.kpi.sc.test.api.tests.auth.AuthLoginTest","loginWithWhitespaceEmailReturns400"
"","28","Create flag with key containing spaces returns 400","Regression Tests","Mon Feb 16 10:54:04 UTC 2026","passed","Mon Feb 16 10:54:04 UTC 2026","ua.kpi.sc.test.api.tests.featureflag.FeatureFlagAdminTest","Regression","ua.kpi.sc.test.api.tests.featureflag.FeatureFlagAdminTest","createFlagWithKeyContainingSpaces_returns400"
"","36","Forgot password with XSS in email returns 400","Regression Tests","Mon Feb 16 10:53:36 UTC 2026","passed","Mon Feb 16 10:53:36 UTC 2026","ua.kpi.sc.test.api.tests.auth.AuthForgotPasswordTest","Regression","ua.kpi.sc.test.api.tests.auth.AuthForgotPasswordTest","forgotPasswordWithXssInEmailReturns400"
"","134","Reset password with empty token returns 400","Regression Tests","Mon Feb 16 10:53:46 UTC 2026","passed","Mon Feb 16 10:53:46 UTC 2026","ua.kpi.sc.test.api.tests.auth.AuthResetPasswordTest","Regression","ua.kpi.sc.test.api.tests.auth.AuthResetPasswordTest","resetPasswordWithEmptyTokenReturns400"
"","135","Remove tier override disappears from flag detail","Regression Tests","Mon Feb 16 10:54:05 UTC 2026","passed","Mon Feb 16 10:54:06 UTC 2026","ua.kpi.sc.test.api.tests.featureflag.FeatureFlagAdminTest","Regression","ua.kpi.sc.test.api.tests.featureflag.FeatureFlagAdminTest","removeTierOverrideDisappearsFromFlagDetail"
"","21","Create flag with negative rollout percentage returns 400","Regression Tests","Mon Feb 16 10:54:04 UTC 2026","passed","Mon Feb 16 10:54:04 UTC 2026","ua.kpi.sc.test.api.tests.featureflag.FeatureFlagAdminTest","Regression","ua.kpi.sc.test.api.tests.featureflag.FeatureFlagAdminTest","createFlagWithNegativeRolloutPercentage_returns400"
"","4047","Assign partner with each level succeeds","Regression Tests","Mon Feb 16 10:53:53 UTC 2026","passed","Mon Feb 16 10:53:57 UTC 2026","ua.kpi.sc.test.api.tests.user.UserAssignPartnerTest","Regression","ua.kpi.sc.test.api.tests.user.UserAssignPartnerTest","assignPartnerEachLevel"
"","100","Forgot password returns 204 for non-existent email (enumeration prevention)","Regression Tests","Mon Feb 16 10:53:31 UTC 2026","passed","Mon Feb 16 10:53:31 UTC 2026","ua.kpi.sc.test.api.tests.auth.AuthForgotPasswordTest","Regression","ua.kpi.sc.test.api.tests.auth.AuthForgotPasswordTest","forgotPasswordReturns204ForNonExistentEmail"
"","27","Create flag with rollout percentage over 100 returns 400","Regression Tests","Mon Feb 16 10:54:04 UTC 2026","passed","Mon Feb 16 10:54:04 UTC 2026","ua.kpi.sc.test.api.tests.featureflag.FeatureFlagAdminTest","Regression","ua.kpi.sc.test.api.tests.featureflag.FeatureFlagAdminTest","createFlagWithRolloutPercentageOver100_returns400"
"","26","PUT /reset-password returns 405","Regression Tests","Mon Feb 16 10:53:38 UTC 2026","passed","Mon Feb 16 10:53:38 UTC 2026","ua.kpi.sc.test.api.tests.auth.AuthResetPasswordTest","Regression","ua.kpi.sc.test.api.tests.auth.AuthResetPasswordTest","resetPasswordMethodNotAllowedPut"
"","73","PATCH /oauth2/google returns 405","Regression Tests","Mon Feb 16 10:53:29 UTC 2026","passed","Mon Feb 16 10:53:29 UTC 2026","ua.kpi.sc.test.api.tests.auth.AuthGoogleOAuthTest","Regression","ua.kpi.sc.test.api.tests.auth.AuthGoogleOAuthTest","googleOAuthMethodNotAllowedPatch"
"","956","Logout with cookie-based auth may or may not be accepted","Regression Tests","Mon Feb 16 10:53:50 UTC 2026","passed","Mon Feb 16 10:53:51 UTC 2026","ua.kpi.sc.test.api.tests.auth.AuthLogoutTest","Regression","ua.kpi.sc.test.api.tests.auth.AuthLogoutTest","logoutWithCookieAuthWorks"
"","1684","Refresh preserves user id across rotations","Regression Tests","Mon Feb 16 10:53:31 UTC 2026","passed","Mon Feb 16 10:53:33 UTC 2026","ua.kpi.sc.test.api.tests.auth.AuthRefreshTest","Regression","ua.kpi.sc.test.api.tests.auth.AuthRefreshTest","refreshPreservesUserIdAcrossRotations"
"","778","Add override and verify evaluation for targeted user","Regression Tests","Mon Feb 16 10:54:00 UTC 2026","passed","Mon Feb 16 10:54:01 UTC 2026","ua.kpi.sc.test.api.tests.featureflag.FeatureFlagLifecycleTest","Regression","ua.kpi.sc.test.api.tests.featureflag.FeatureFlagLifecycleTest","addOverrideAndVerifyEvaluationForTargetedUser"
"","26","Register with very long name returns 400","Regression Tests","Mon Feb 16 10:54:04 UTC 2026","passed","Mon Feb 16 10:54:04 UTC 2026","ua.kpi.sc.test.api.tests.auth.AuthRegisterTest","Regression","ua.kpi.sc.test.api.tests.auth.AuthRegisterTest","registerWithVeryLongNameReturns400"
"","2793","Login with wrong password returns 401","Regression Tests","Mon Feb 16 10:53:55 UTC 2026","passed","Mon Feb 16 10:53:57 UTC 2026","ua.kpi.sc.test.api.tests.auth.AuthLoginTest","Regression","ua.kpi.sc.test.api.tests.auth.AuthLoginTest","loginWithInvalidCredentialsReturns401"
"","5307","Login 401 does not reveal whether user exists","Regression Tests","Mon Feb 16 10:53:22 UTC 2026","passed","Mon Feb 16 10:53:27 UTC 2026","ua.kpi.sc.test.api.tests.auth.AuthLoginTest","Regression","ua.kpi.sc.test.api.tests.auth.AuthLoginTest","login401DoesNotRevealUserExistence"
"","4428","Forgot-password for user A doesn't affect user B","Regression Tests","Mon Feb 16 10:53:25 UTC 2026","passed","Mon Feb 16 10:53:30 UTC 2026","ua.kpi.sc.test.api.tests.auth.AuthPasswordResetFlowTest","Regression","ua.kpi.sc.test.api.tests.auth.AuthPasswordResetFlowTest","forgotPasswordForUserADoesNotAffectUserB"
"","2217","Deleted user is deactivated","Regression Tests","Mon Feb 16 10:54:01 UTC 2026","passed","Mon Feb 16 10:54:03 UTC 2026","ua.kpi.sc.test.api.tests.user.UserDeleteTest","Regression","ua.kpi.sc.test.api.tests.user.UserDeleteTest","deletedUserIsDeactivated"
"","45","Create user with short password returns 400","Regression Tests","Mon Feb 16 10:53:47 UTC 2026","passed","Mon Feb 16 10:53:47 UTC 2026","ua.kpi.sc.test.api.tests.user.UserCreateTest","Regression","ua.kpi.sc.test.api.tests.user.UserCreateTest","createUserShortPasswordReturns400"
"","1607","Response timing is similar for existing vs non-existing email","Regression Tests","Mon Feb 16 10:53:34 UTC 2026","passed","Mon Feb 16 10:53:36 UTC 2026","ua.kpi.sc.test.api.tests.auth.AuthForgotPasswordTest","Regression","ua.kpi.sc.test.api.tests.auth.AuthForgotPasswordTest","forgotPasswordTimingSimilarForExistingVsNonExisting"
"","1752","Logout clears refresh_token cookie specifically with Max-Age=0","Regression Tests","Mon Feb 16 10:53:35 UTC 2026","passed","Mon Feb 16 10:53:36 UTC 2026","ua.kpi.sc.test.api.tests.auth.AuthLogoutTest","Regression","ua.kpi.sc.test.api.tests.auth.AuthLogoutTest","logoutClearsRefreshTokenCookieSpecifically"
"","57","Reset password with empty body returns 400","Regression Tests","Mon Feb 16 10:53:45 UTC 2026","passed","Mon Feb 16 10:53:45 UTC 2026","ua.kpi.sc.test.api.tests.auth.AuthResetPasswordTest","Regression","ua.kpi.sc.test.api.tests.auth.AuthResetPasswordTest","resetPasswordWithEmptyBodyReturns400"
"","279","Feature flag audit pagination works via centralized audit","Regression Tests","Mon Feb 16 10:54:03 UTC 2026","passed","Mon Feb 16 10:54:03 UTC 2026","ua.kpi.sc.test.api.tests.featureflag.FeatureFlagAdminTest","Regression","ua.kpi.sc.test.api.tests.featureflag.FeatureFlagAdminTest","auditLogPaginationWorksCorrectly"
"","447","Basic user access to audit logs returns 403","Regression Tests","Mon Feb 16 10:53:25 UTC 2026","passed","Mon Feb 16 10:53:25 UTC 2026","ua.kpi.sc.test.api.tests.audit.AuditTest","Regression","ua.kpi.sc.test.api.tests.audit.AuditTest","basicUserAccess_returns403"
"","1763","Delete user without auth returns 401","Regression Tests","Mon Feb 16 10:53:59 UTC 2026","passed","Mon Feb 16 10:54:01 UTC 2026","ua.kpi.sc.test.api.tests.user.UserDeleteTest","Regression","ua.kpi.sc.test.api.tests.user.UserDeleteTest","deleteUserWithoutAuthReturns401"
"","430","Get audit stats returns 200 with expected shape","Regression Tests","Mon Feb 16 10:53:29 UTC 2026","passed","Mon Feb 16 10:53:29 UTC 2026","ua.kpi.sc.test.api.tests.audit.AuditTest","Regression","ua.kpi.sc.test.api.tests.audit.AuditTest","getStats_returns200_withExpectedShape"
"","905","Wrong current password returns 400","Regression Tests","Mon Feb 16 10:54:12 UTC 2026","passed","Mon Feb 16 10:54:13 UTC 2026","ua.kpi.sc.test.api.tests.user.UserChangePasswordTest","Regression","ua.kpi.sc.test.api.tests.user.UserChangePasswordTest","wrongCurrentPasswordReturns400"
"","1024","Register 409 matches ProblemDetail schema","Regression Tests","Mon Feb 16 10:53:37 UTC 2026","passed","Mon Feb 16 10:53:38 UTC 2026","ua.kpi.sc.test.api.tests.auth.AuthRegisterTest","Regression","ua.kpi.sc.test.api.tests.auth.AuthRegisterTest","registerProblemDetailSchemaOn409"
"","1079","Refresh returns capabilityTier >= 0","Regression Tests","Mon Feb 16 10:53:36 UTC 2026","passed","Mon Feb 16 10:53:37 UTC 2026","ua.kpi.sc.test.api.tests.auth.AuthRefreshTest","Regression","ua.kpi.sc.test.api.tests.auth.AuthRefreshTest","refreshReturnsCapabilityTier"
"","33","Register with empty password returns 400","Regression Tests","Mon Feb 16 10:53:55 UTC 2026","passed","Mon Feb 16 10:53:55 UTC 2026","ua.kpi.sc.test.api.tests.auth.AuthRegisterTest","Regression","ua.kpi.sc.test.api.tests.auth.AuthRegisterTest","registerWithEmptyPasswordReturns400"
"","99","Refresh with expired/garbage JWT returns 401","Regression Tests","Mon Feb 16 10:53:48 UTC 2026","passed","Mon Feb 16 10:53:48 UTC 2026","ua.kpi.sc.test.api.tests.auth.AuthRefreshTest","Regression","ua.kpi.sc.test.api.tests.auth.AuthRefreshTest","refreshWithExpiredRefreshTokenReturns401"
"","33","Login with SQL injection in email is rejected with 400 or 401","Regression Tests","Mon Feb 16 10:53:58 UTC 2026","passed","Mon Feb 16 10:53:58 UTC 2026","ua.kpi.sc.test.api.tests.auth.AuthLoginTest","Regression","ua.kpi.sc.test.api.tests.auth.AuthLoginTest","loginWithSqlInjectionInEmailReturns401Or400"
"","139","Evaluate single enabled flag returns true","Regression Tests","Mon Feb 16 10:54:03 UTC 2026","passed","Mon Feb 16 10:54:03 UTC 2026","ua.kpi.sc.test.api.tests.featureflag.FeatureFlagEvaluationTest","Regression","ua.kpi.sc.test.api.tests.featureflag.FeatureFlagEvaluationTest","evaluateSingleEnabledFlagReturnsTrue"
"","1956","GET /me returns same data as registration response","Regression Tests","Mon Feb 16 10:53:46 UTC 2026","passed","Mon Feb 16 10:53:48 UTC 2026","ua.kpi.sc.test.api.tests.auth.AuthMeTest","Regression","ua.kpi.sc.test.api.tests.auth.AuthMeTest","meReturnsSameDataAsRegistration"
"","8454","Reset then change-password still works","Regression Tests","Mon Feb 16 10:53:47 UTC 2026","passed","Mon Feb 16 10:53:55 UTC 2026","ua.kpi.sc.test.api.tests.auth.AuthPasswordResetFlowTest","Regression","ua.kpi.sc.test.api.tests.auth.AuthPasswordResetFlowTest","resetThenChangePasswordStillWorks"
"","184","Evaluate single unauthenticated returns global default","Regression Tests","Mon Feb 16 10:54:03 UTC 2026","passed","Mon Feb 16 10:54:03 UTC 2026","ua.kpi.sc.test.api.tests.featureflag.FeatureFlagEvaluationTest","Regression","ua.kpi.sc.test.api.tests.featureflag.FeatureFlagEvaluationTest","evaluateSingleUnauthenticated_returnsGlobalDefault"
"","1118","PATCH /me returns 405","Regression Tests","Mon Feb 16 10:53:32 UTC 2026","passed","Mon Feb 16 10:53:34 UTC 2026","ua.kpi.sc.test.api.tests.auth.AuthMeTest","Regression","ua.kpi.sc.test.api.tests.auth.AuthMeTest","meMethodNotAllowedPatch"
"","58","DELETE /refresh returns 405","Regression Tests","Mon Feb 16 10:53:31 UTC 2026","passed","Mon Feb 16 10:53:31 UTC 2026","ua.kpi.sc.test.api.tests.auth.AuthRefreshTest","Regression","ua.kpi.sc.test.api.tests.auth.AuthRefreshTest","refreshMethodNotAllowedDelete"
"","125","Register with special chars in name returns 400","Regression Tests","Mon Feb 16 10:53:58 UTC 2026","passed","Mon Feb 16 10:53:58 UTC 2026","ua.kpi.sc.test.api.tests.auth.AuthRegisterTest","Regression","ua.kpi.sc.test.api.tests.auth.AuthRegisterTest","registerWithNameContainingSpecialCharsReturns400"
"","46","PATCH /refresh returns 405","Regression Tests","Mon Feb 16 10:53:31 UTC 2026","passed","Mon Feb 16 10:53:31 UTC 2026","ua.kpi.sc.test.api.tests.auth.AuthRefreshTest","Regression","ua.kpi.sc.test.api.tests.auth.AuthRefreshTest","refreshMethodNotAllowedPatch"
"","17","Create flag with key starting with number returns 400","Regression Tests","Mon Feb 16 10:54:04 UTC 2026","passed","Mon Feb 16 10:54:04 UTC 2026","ua.kpi.sc.test.api.tests.featureflag.FeatureFlagAdminTest","Regression","ua.kpi.sc.test.api.tests.featureflag.FeatureFlagAdminTest","createFlagWithKeyStartingWithNumber_returns400"
"","1339","Register with password exactly 8 chars succeeds","Regression Tests","Mon Feb 16 10:53:59 UTC 2026","passed","Mon Feb 16 10:54:00 UTC 2026","ua.kpi.sc.test.api.tests.auth.AuthRegisterTest","Regression","ua.kpi.sc.test.api.tests.auth.AuthRegisterTest","registerWithPasswordExactly8Chars"
"","1099","Assign partner level upserts existing","Regression Tests","Mon Feb 16 10:53:58 UTC 2026","passed","Mon Feb 16 10:53:59 UTC 2026","ua.kpi.sc.test.api.tests.user.UserAssignPartnerTest","Regression","ua.kpi.sc.test.api.tests.user.UserAssignPartnerTest","assignPartnerUpserts"
"","164","Create flag with duplicate key returns 409","Regression Tests","Mon Feb 16 10:54:04 UTC 2026","passed","Mon Feb 16 10:54:04 UTC 2026","ua.kpi.sc.test.api.tests.featureflag.FeatureFlagAdminTest","Regression","ua.kpi.sc.test.api.tests.featureflag.FeatureFlagAdminTest","createFlagDuplicateKeyReturns409"
"","72","Unauthenticated access to notifications returns 401","Regression Tests","Mon Feb 16 10:54:00 UTC 2026","passed","Mon Feb 16 10:54:00 UTC 2026","ua.kpi.sc.test.api.tests.notification.NotificationSecurityTest","Regression","ua.kpi.sc.test.api.tests.notification.NotificationSecurityTest","shouldReturn401ForUnauthenticated"
"","984","GET /me returns all required fields non-null","Regression Tests","Mon Feb 16 10:53:39 UTC 2026","passed","Mon Feb 16 10:53:40 UTC 2026","ua.kpi.sc.test.api.tests.auth.AuthMeTest","Regression","ua.kpi.sc.test.api.tests.auth.AuthMeTest","meReturnsAllRequiredFields"
"","384","Add user override appears in flag detail","Regression Tests","Mon Feb 16 10:54:01 UTC 2026","passed","Mon Feb 16 10:54:02 UTC 2026","ua.kpi.sc.test.api.tests.featureflag.FeatureFlagAdminTest","Regression","ua.kpi.sc.test.api.tests.featureflag.FeatureFlagAdminTest","addUserOverrideAppearsInFlagDetail"
"","81","Register validation errors contain field and message","Regression Tests","Mon Feb 16 10:53:46 UTC 2026","passed","Mon Feb 16 10:53:46 UTC 2026","ua.kpi.sc.test.api.tests.auth.AuthRegisterTest","Regression","ua.kpi.sc.test.api.tests.auth.AuthRegisterTest","registerValidationErrorsFormat"
"","233","Filter audit logs by entity type returns filtered results","Regression Tests","Mon Feb 16 10:53:28 UTC 2026","passed","Mon Feb 16 10:53:28 UTC 2026","ua.kpi.sc.test.api.tests.audit.AuditTest","Regression","ua.kpi.sc.test.api.tests.audit.AuditTest","filterByEntityType_returnsFilteredResults"
"","37","Logout with expired JWT returns 401","Regression Tests","Mon Feb 16 10:53:51 UTC 2026","passed","Mon Feb 16 10:53:51 UTC 2026","ua.kpi.sc.test.api.tests.auth.AuthLogoutTest","Regression","ua.kpi.sc.test.api.tests.auth.AuthLogoutTest","logoutWithExpiredTokenReturns401"
"","34","Register with SQL injection in firstName is rejected","Regression Tests","Mon Feb 16 10:54:02 UTC 2026","passed","Mon Feb 16 10:54:02 UTC 2026","ua.kpi.sc.test.api.tests.auth.AuthRegisterTest","Regression","ua.kpi.sc.test.api.tests.auth.AuthRegisterTest","registerWithSqlInjectionInFirstName"
"","198","GET /users/me returns current user profile","Regression Tests","Mon Feb 16 10:53:53 UTC 2026","passed","Mon Feb 16 10:53:53 UTC 2026","ua.kpi.sc.test.api.tests.user.UserSelfUpdateTest","Regression","ua.kpi.sc.test.api.tests.user.UserSelfUpdateTest","getMeReturns200"
"","1461","PUT /users/{id}/status returns 405 Method Not Allowed","Regression Tests","Mon Feb 16 10:53:50 UTC 2026","passed","Mon Feb 16 10:53:52 UTC 2026","ua.kpi.sc.test.api.tests.user.UserUpdateStatusTest","Regression","ua.kpi.sc.test.api.tests.user.UserUpdateStatusTest","putStatusReturns405"
"","1324","PATCH /users/{id} with only firstName still updates successfully","Regression Tests","Mon Feb 16 10:53:55 UTC 2026","passed","Mon Feb 16 10:53:56 UTC 2026","ua.kpi.sc.test.api.tests.user.UserUpdateProfileTest","Regression","ua.kpi.sc.test.api.tests.user.UserUpdateProfileTest","updateOnlyFirstName"
"","165","Reset password with null new password returns 400","Regression Tests","Mon Feb 16 10:53:46 UTC 2026","passed","Mon Feb 16 10:53:46 UTC 2026","ua.kpi.sc.test.api.tests.auth.AuthResetPasswordTest","Regression","ua.kpi.sc.test.api.tests.auth.AuthResetPasswordTest","resetPasswordWithNullPasswordReturns400"
"","1320","Register returns capabilityTier >= 0","Regression Tests","Mon Feb 16 10:53:40 UTC 2026","passed","Mon Feb 16 10:53:41 UTC 2026","ua.kpi.sc.test.api.tests.auth.AuthRegisterTest","Regression","ua.kpi.sc.test.api.tests.auth.AuthRegisterTest","registerReturnsCapabilityTier"
"","8151","Can login with new password after change","Regression Tests","Mon Feb 16 10:53:45 UTC 2026","passed","Mon Feb 16 10:53:53 UTC 2026","ua.kpi.sc.test.api.tests.user.UserChangePasswordTest","Regression","ua.kpi.sc.test.api.tests.user.UserChangePasswordTest","canLoginWithNewPassword"
"","2078","Forgot password 204 response has empty body (no JSON)","Regression Tests","Mon Feb 16 10:53:29 UTC 2026","passed","Mon Feb 16 10:53:31 UTC 2026","ua.kpi.sc.test.api.tests.auth.AuthForgotPasswordTest","Regression","ua.kpi.sc.test.api.tests.auth.AuthForgotPasswordTest","forgotPasswordResponseHasEmptyBody"
"","309","Audit logs pagination works correctly","Regression Tests","Mon Feb 16 10:53:30 UTC 2026","passed","Mon Feb 16 10:53:30 UTC 2026","ua.kpi.sc.test.api.tests.audit.AuditTest","Regression","ua.kpi.sc.test.api.tests.audit.AuditTest","pagination_worksCorrectly"
"","237","Update flag preserves unchanged fields","Regression Tests","Mon Feb 16 10:54:04 UTC 2026","passed","Mon Feb 16 10:54:04 UTC 2026","ua.kpi.sc.test.api.tests.featureflag.FeatureFlagLifecycleTest","Regression","ua.kpi.sc.test.api.tests.featureflag.FeatureFlagLifecycleTest","updateFlagPreservesUnchangedFields"
"","129","GET /login returns 405 with ProblemDetail schema","Regression Tests","Mon Feb 16 10:53:27 UTC 2026","passed","Mon Feb 16 10:53:27 UTC 2026","ua.kpi.sc.test.api.tests.auth.AuthLoginTest","Regression","ua.kpi.sc.test.api.tests.auth.AuthLoginTest","login405MatchesProblemDetailSchema"
"","152","Reset password with invalid token returns 400","Regression Tests","Mon Feb 16 10:53:46 UTC 2026","passed","Mon Feb 16 10:53:46 UTC 2026","ua.kpi.sc.test.api.tests.auth.AuthResetPasswordTest","Regression","ua.kpi.sc.test.api.tests.auth.AuthResetPasswordTest","resetPasswordWithInvalidTokenReturns400"
"","1225","Refresh cookies have Path=/","Regression Tests","Mon Feb 16 10:53:37 UTC 2026","passed","Mon Feb 16 10:53:38 UTC 2026","ua.kpi.sc.test.api.tests.auth.AuthCookieContractTest","Regression","ua.kpi.sc.test.api.tests.auth.AuthCookieContractTest","refreshCookiesHavePathSlash"
"","1317","Access token may still be valid for /me after logout (stateless JWT)","Regression Tests","Mon Feb 16 10:53:32 UTC 2026","passed","Mon Feb 16 10:53:33 UTC 2026","ua.kpi.sc.test.api.tests.auth.AuthLogoutTest","Regression","ua.kpi.sc.test.api.tests.auth.AuthLogoutTest","logoutAccessTokenStillValidForMe"
"","2080","No email sent for OAuth-only account","Regression Tests","Mon Feb 16 10:53:38 UTC 2026","passed","Mon Feb 16 10:53:40 UTC 2026","ua.kpi.sc.test.api.tests.auth.AuthForgotPasswordTest","Regression","ua.kpi.sc.test.api.tests.auth.AuthForgotPasswordTest","noEmailSentForOAuthOnlyAccount"
"","239","Error redirect points to frontend URL","Regression Tests","Mon Feb 16 10:53:29 UTC 2026","passed","Mon Feb 16 10:53:29 UTC 2026","ua.kpi.sc.test.api.tests.auth.AuthGoogleOAuthTest","Regression","ua.kpi.sc.test.api.tests.auth.AuthGoogleOAuthTest","googleOAuthErrorRedirectPointsToFrontend"
"","622","Evaluate all with tier override returns overridden value","Regression Tests","Mon Feb 16 10:54:02 UTC 2026","passed","Mon Feb 16 10:54:02 UTC 2026","ua.kpi.sc.test.api.tests.featureflag.FeatureFlagEvaluationTest","Regression","ua.kpi.sc.test.api.tests.featureflag.FeatureFlagEvaluationTest","evaluateAllWithTierOverride_returnsOverriddenValue"
"","1225","Multiple forgot-password requests — all return 204","Regression Tests","Mon Feb 16 10:53:42 UTC 2026","passed","Mon Feb 16 10:53:44 UTC 2026","ua.kpi.sc.test.api.tests.auth.AuthPasswordResetFlowTest","Regression","ua.kpi.sc.test.api.tests.auth.AuthPasswordResetFlowTest","multipleForgotPasswordRequestsAllReturn204"
"","2833","Reset password with reused token returns 400","Regression Tests","Mon Feb 16 10:53:46 UTC 2026","passed","Mon Feb 16 10:53:49 UTC 2026","ua.kpi.sc.test.api.tests.auth.AuthResetPasswordTest","Regression","ua.kpi.sc.test.api.tests.auth.AuthResetPasswordTest","resetPasswordWithReusedTokenReturns400"
"","33","Register with empty firstName returns 400","Regression Tests","Mon Feb 16 10:53:55 UTC 2026","passed","Mon Feb 16 10:53:55 UTC 2026","ua.kpi.sc.test.api.tests.auth.AuthRegisterTest","Regression","ua.kpi.sc.test.api.tests.auth.AuthRegisterTest","registerWithEmptyFirstNameReturns400"
"","53","Get non-existent user returns 404","Regression Tests","Mon Feb 16 10:53:57 UTC 2026","passed","Mon Feb 16 10:53:57 UTC 2026","ua.kpi.sc.test.api.tests.user.UserGetByIdTest","Regression","ua.kpi.sc.test.api.tests.user.UserGetByIdTest","getNonExistentUserReturns404"
"","40","PUT /register returns 405","Regression Tests","Mon Feb 16 10:53:32 UTC 2026","passed","Mon Feb 16 10:53:32 UTC 2026","ua.kpi.sc.test.api.tests.auth.AuthRegisterTest","Regression","ua.kpi.sc.test.api.tests.auth.AuthRegisterTest","registerMethodNotAllowedPut"
"","68","GET /forgot-password returns 405","Regression Tests","Mon Feb 16 10:53:29 UTC 2026","passed","Mon Feb 16 10:53:29 UTC 2026","ua.kpi.sc.test.api.tests.auth.AuthForgotPasswordTest","Regression","ua.kpi.sc.test.api.tests.auth.AuthForgotPasswordTest","forgotPasswordMethodNotAllowedGet"
"","1318","GET /me response Content-Type is application/json","Regression Tests","Mon Feb 16 10:53:36 UTC 2026","passed","Mon Feb 16 10:53:37 UTC 2026","ua.kpi.sc.test.api.tests.auth.AuthMeTest","Regression","ua.kpi.sc.test.api.tests.auth.AuthMeTest","meResponseContentTypeIsJson"
"","60","Google OAuth redirect sets oauth_state cookie","Regression Tests","Mon Feb 16 10:53:30 UTC 2026","passed","Mon Feb 16 10:53:30 UTC 2026","ua.kpi.sc.test.api.tests.auth.AuthGoogleOAuthTest","Regression","ua.kpi.sc.test.api.tests.auth.AuthGoogleOAuthTest","googleOAuthRedirectSetsStateCookie"
"","718","Register cookies have positive Max-Age","Regression Tests","Mon Feb 16 10:53:41 UTC 2026","passed","Mon Feb 16 10:53:42 UTC 2026","ua.kpi.sc.test.api.tests.auth.AuthCookieContractTest","Regression","ua.kpi.sc.test.api.tests.auth.AuthCookieContractTest","registerCookiesHavePositiveMaxAge"
"","90","Update feature flag changes fields","Regression Tests","Mon Feb 16 10:54:06 UTC 2026","passed","Mon Feb 16 10:54:06 UTC 2026","ua.kpi.sc.test.api.tests.featureflag.FeatureFlagAdminTest","Regression","ua.kpi.sc.test.api.tests.featureflag.FeatureFlagAdminTest","updateFlagChangesFields"
"","3088","Google OAuth callback with empty code returns error","Regression Tests","Mon Feb 16 10:53:24 UTC 2026","passed","Mon Feb 16 10:53:27 UTC 2026","ua.kpi.sc.test.api.tests.auth.AuthGoogleOAuthTest","Regression","ua.kpi.sc.test.api.tests.auth.AuthGoogleOAuthTest","googleOAuthCallbackWithEmptyCodeReturnsError"
"","616","PUT /me/password returns 405","Regression Tests","Mon Feb 16 10:54:11 UTC 2026","passed","Mon Feb 16 10:54:11 UTC 2026","ua.kpi.sc.test.api.tests.user.UserChangePasswordTest","Regression","ua.kpi.sc.test.api.tests.user.UserChangePasswordTest","putMethodNotAllowed"
"","60","Refresh with no cookie returns 401","Regression Tests","Mon Feb 16 10:53:48 UTC 2026","passed","Mon Feb 16 10:53:48 UTC 2026","ua.kpi.sc.test.api.tests.auth.AuthRefreshTest","Regression","ua.kpi.sc.test.api.tests.auth.AuthRefreshTest","refreshWithNoCookieReturns401"
"","147","Google OAuth redirect returns 302","Regression Tests","Mon Feb 16 10:53:30 UTC 2026","passed","Mon Feb 16 10:53:30 UTC 2026","ua.kpi.sc.test.api.tests.auth.AuthGoogleOAuthTest","Regression","ua.kpi.sc.test.api.tests.auth.AuthGoogleOAuthTest","googleOAuthRedirectReturns302"
"","31","DELETE /register returns 405","Regression Tests","Mon Feb 16 10:53:32 UTC 2026","passed","Mon Feb 16 10:53:32 UTC 2026","ua.kpi.sc.test.api.tests.auth.AuthRegisterTest","Regression","ua.kpi.sc.test.api.tests.auth.AuthRegisterTest","registerMethodNotAllowedDelete"
"","619","Empty new password returns 400","Regression Tests","Mon Feb 16 10:54:08 UTC 2026","passed","Mon Feb 16 10:54:08 UTC 2026","ua.kpi.sc.test.api.tests.user.UserChangePasswordTest","Regression","ua.kpi.sc.test.api.tests.user.UserChangePasswordTest","emptyNewPasswordReturns400"
"","67","Register with XSS in name fields is rejected with 400","Regression Tests","Mon Feb 16 10:54:04 UTC 2026","passed","Mon Feb 16 10:54:04 UTC 2026","ua.kpi.sc.test.api.tests.auth.AuthRegisterTest","Regression","ua.kpi.sc.test.api.tests.auth.AuthRegisterTest","registerWithXssInNameFields"
"","35","Register with very long email returns 400","Regression Tests","Mon Feb 16 10:54:04 UTC 2026","passed","Mon Feb 16 10:54:04 UTC 2026","ua.kpi.sc.test.api.tests.auth.AuthRegisterTest","Regression","ua.kpi.sc.test.api.tests.auth.AuthRegisterTest","registerWithVeryLongEmailReturns400"
"","110","Reset password with malformed JSON returns 400","Regression Tests","Mon Feb 16 10:53:46 UTC 2026","passed","Mon Feb 16 10:53:46 UTC 2026","ua.kpi.sc.test.api.tests.auth.AuthResetPasswordTest","Regression","ua.kpi.sc.test.api.tests.auth.AuthResetPasswordTest","resetPasswordWithMalformedJsonReturns400"
"","297","Google OAuth callback without state cookie returns error redirect","Regression Tests","Mon Feb 16 10:53:29 UTC 2026","passed","Mon Feb 16 10:53:29 UTC 2026","ua.kpi.sc.test.api.tests.auth.AuthGoogleOAuthTest","Regression","ua.kpi.sc.test.api.tests.auth.AuthGoogleOAuthTest","googleOAuthCallbackWithoutStateCookieReturnsError"
"","67","Refresh with empty cookie returns 401","Regression Tests","Mon Feb 16 10:53:48 UTC 2026","passed","Mon Feb 16 10:53:48 UTC 2026","ua.kpi.sc.test.api.tests.auth.AuthRefreshTest","Regression","ua.kpi.sc.test.api.tests.auth.AuthRefreshTest","refreshWithEmptyCookieReturns401"
"","223","Create flag response contains all expected fields","Regression Tests","Mon Feb 16 10:54:04 UTC 2026","passed","Mon Feb 16 10:54:04 UTC 2026","ua.kpi.sc.test.api.tests.featureflag.FeatureFlagAdminTest","Regression","ua.kpi.sc.test.api.tests.featureflag.FeatureFlagAdminTest","createFlagResponseContainsAllExpectedFields"
"","397","Centralized audit returns cross-flag entries","Regression Tests","Mon Feb 16 10:54:02 UTC 2026","passed","Mon Feb 16 10:54:03 UTC 2026","ua.kpi.sc.test.api.tests.featureflag.FeatureFlagAdminTest","Regression","ua.kpi.sc.test.api.tests.featureflag.FeatureFlagAdminTest","allAuditLogsEndpointReturnsCrossFlag"
"","48","Register with SQL injection in email is rejected","Regression Tests","Mon Feb 16 10:54:02 UTC 2026","passed","Mon Feb 16 10:54:02 UTC 2026","ua.kpi.sc.test.api.tests.auth.AuthRegisterTest","Regression","ua.kpi.sc.test.api.tests.auth.AuthRegisterTest","registerWithSqlInjectionInEmail"
"","1604","Refresh sets HttpOnly cookies","Regression Tests","Mon Feb 16 10:53:42 UTC 2026","passed","Mon Feb 16 10:53:43 UTC 2026","ua.kpi.sc.test.api.tests.auth.AuthRefreshTest","Regression","ua.kpi.sc.test.api.tests.auth.AuthRefreshTest","refreshSetsHttpOnlyCookies"
"","22","Unauthenticated access to audit logs returns 401","Regression Tests","Mon Feb 16 10:53:30 UTC 2026","passed","Mon Feb 16 10:53:31 UTC 2026","ua.kpi.sc.test.api.tests.audit.AuditTest","Regression","ua.kpi.sc.test.api.tests.audit.AuditTest","unauthenticatedAccess_returns401"
"","1341","PATCH /users/{id} with valid data returns 200 with updated fields","Regression Tests","Mon Feb 16 10:53:58 UTC 2026","passed","Mon Feb 16 10:53:59 UTC 2026","ua.kpi.sc.test.api.tests.user.UserUpdateProfileTest","Regression","ua.kpi.sc.test.api.tests.user.UserUpdateProfileTest","updateUserWithValidData"
"","2691","Get user without auth returns 401","Regression Tests","Mon Feb 16 10:54:00 UTC 2026","passed","Mon Feb 16 10:54:02 UTC 2026","ua.kpi.sc.test.api.tests.user.UserGetByIdTest","Regression","ua.kpi.sc.test.api.tests.user.UserGetByIdTest","getUserWithoutAuthReturns401"
"","1011","Search users by name returns results","Regression Tests","Mon Feb 16 10:53:58 UTC 2026","passed","Mon Feb 16 10:53:59 UTC 2026","ua.kpi.sc.test.api.tests.user.UserSearchFilterTest","Regression","ua.kpi.sc.test.api.tests.user.UserSearchFilterTest","searchUsersByNameReturnsResults"
"","312","Evaluate with percentage rollout returns deterministic result","Regression Tests","Mon Feb 16 10:54:03 UTC 2026","passed","Mon Feb 16 10:54:04 UTC 2026","ua.kpi.sc.test.api.tests.featureflag.FeatureFlagEvaluationTest","Regression","ua.kpi.sc.test.api.tests.featureflag.FeatureFlagEvaluationTest","evaluateWithPercentageRollout_deterministicResult"
"","13","Create flag without auth returns 401","Regression Tests","Mon Feb 16 10:54:04 UTC 2026","passed","Mon Feb 16 10:54:04 UTC 2026","ua.kpi.sc.test.api.tests.featureflag.FeatureFlagAdminTest","Regression","ua.kpi.sc.test.api.tests.featureflag.FeatureFlagAdminTest","createFlagWithoutAuthReturns401"
"","1256","DELETE /logout returns 405","Regression Tests","Mon Feb 16 10:53:41 UTC 2026","passed","Mon Feb 16 10:53:43 UTC 2026","ua.kpi.sc.test.api.tests.auth.AuthLogoutTest","Regression","ua.kpi.sc.test.api.tests.auth.AuthLogoutTest","logoutMethodNotAllowedDelete"
"","53","Login 400 matches ProblemDetail schema","Regression Tests","Mon Feb 16 10:53:32 UTC 2026","passed","Mon Feb 16 10:53:32 UTC 2026","ua.kpi.sc.test.api.tests.auth.AuthLoginTest","Regression","ua.kpi.sc.test.api.tests.auth.AuthLoginTest","loginProblemDetailSchemaOn400"
"","1570","GET /me returns a valid UUID as id","Regression Tests","Mon Feb 16 10:53:48 UTC 2026","passed","Mon Feb 16 10:53:50 UTC 2026","ua.kpi.sc.test.api.tests.auth.AuthMeTest","Regression","ua.kpi.sc.test.api.tests.auth.AuthMeTest","meReturnsValidUuid"
"","395","Add tier override appears in flag detail","Regression Tests","Mon Feb 16 10:54:01 UTC 2026","passed","Mon Feb 16 10:54:01 UTC 2026","ua.kpi.sc.test.api.tests.featureflag.FeatureFlagAdminTest","Regression","ua.kpi.sc.test.api.tests.featureflag.FeatureFlagAdminTest","addTierOverrideAppearsInFlagDetail"
"","108","Create feature flag returns 201 with correct fields","Regression Tests","Mon Feb 16 10:54:04 UTC 2026","passed","Mon Feb 16 10:54:04 UTC 2026","ua.kpi.sc.test.api.tests.featureflag.FeatureFlagAdminTest","Regression","ua.kpi.sc.test.api.tests.featureflag.FeatureFlagAdminTest","createFlagReturns201"
"","810","Register returns the same email in response","Regression Tests","Mon Feb 16 10:53:41 UTC 2026","passed","Mon Feb 16 10:53:42 UTC 2026","ua.kpi.sc.test.api.tests.auth.AuthRegisterTest","Regression","ua.kpi.sc.test.api.tests.auth.AuthRegisterTest","registerReturnsSameEmailInResponse"
"","47","GET /me with empty Bearer token returns 401","Regression Tests","Mon Feb 16 10:53:51 UTC 2026","passed","Mon Feb 16 10:53:51 UTC 2026","ua.kpi.sc.test.api.tests.auth.AuthMeTest","Regression","ua.kpi.sc.test.api.tests.auth.AuthMeTest","meWithEmptyBearerTokenReturns401"
"","531","Google OAuth callback with invalid code returns error redirect","Regression Tests","Mon Feb 16 10:53:27 UTC 2026","passed","Mon Feb 16 10:53:28 UTC 2026","ua.kpi.sc.test.api.tests.auth.AuthGoogleOAuthTest","Regression","ua.kpi.sc.test.api.tests.auth.AuthGoogleOAuthTest","googleOAuthCallbackWithInvalidCodeReturnsError"
"","2080","Forgot password email contains reset link with token","Regression Tests","Mon Feb 16 10:53:27 UTC 2026","passed","Mon Feb 16 10:53:29 UTC 2026","ua.kpi.sc.test.api.tests.auth.AuthForgotPasswordTest","Regression","ua.kpi.sc.test.api.tests.auth.AuthForgotPasswordTest","forgotPasswordEmailContainsResetToken"
"","2405","Reset password with 72-char password succeeds","Regression Tests","Mon Feb 16 10:53:40 UTC 2026","passed","Mon Feb 16 10:53:43 UTC 2026","ua.kpi.sc.test.api.tests.auth.AuthResetPasswordTest","Regression","ua.kpi.sc.test.api.tests.auth.AuthResetPasswordTest","resetPasswordWith72CharPasswordSucceeds"
"","82","Reset password with empty JSON object returns 400","Regression Tests","Mon Feb 16 10:53:45 UTC 2026","passed","Mon Feb 16 10:53:46 UTC 2026","ua.kpi.sc.test.api.tests.auth.AuthResetPasswordTest","Regression","ua.kpi.sc.test.api.tests.auth.AuthResetPasswordTest","resetPasswordWithEmptyJsonObjectReturns400"
"","38","Register with empty/missing fields returns 400","Regression Tests","Mon Feb 16 10:53:32 UTC 2026","passed","Mon Feb 16 10:53:32 UTC 2026","ua.kpi.sc.test.api.tests.auth.AuthRegisterTest","Regression","ua.kpi.sc.test.api.tests.auth.AuthRegisterTest","registerEmptyFieldsReturns400"
"","73","PUT /users/me returns 405","Regression Tests","Mon Feb 16 10:53:53 UTC 2026","passed","Mon Feb 16 10:53:53 UTC 2026","ua.kpi.sc.test.api.tests.user.UserSelfUpdateTest","Regression","ua.kpi.sc.test.api.tests.user.UserSelfUpdateTest","putMeReturns405"
"","3795","Full cycle: register -> login -> getMe -> logout -> getMe returns 200 or 401","Regression Tests","Mon Feb 16 10:53:49 UTC 2026","passed","Mon Feb 16 10:53:53 UTC 2026","ua.kpi.sc.test.api.tests.auth.AuthFlowTest","Regression","ua.kpi.sc.test.api.tests.auth.AuthFlowTest","registerLoginMeLogoutFullCycle"
"","1579","Combined search and filter returns results","Regression Tests","Mon Feb 16 10:53:53 UTC 2026","passed","Mon Feb 16 10:53:55 UTC 2026","ua.kpi.sc.test.api.tests.user.UserSearchFilterTest","Regression","ua.kpi.sc.test.api.tests.user.UserSearchFilterTest","combinedSearchAndFilter"
"","1390","POST /me returns 405","Regression Tests","Mon Feb 16 10:53:34 UTC 2026","passed","Mon Feb 16 10:53:35 UTC 2026","ua.kpi.sc.test.api.tests.auth.AuthMeTest","Regression","ua.kpi.sc.test.api.tests.auth.AuthMeTest","meMethodNotAllowedPost"
"","5084","Double refresh with new token succeeds","Regression Tests","Mon Feb 16 10:53:22 UTC 2026","passed","Mon Feb 16 10:53:27 UTC 2026","ua.kpi.sc.test.api.tests.auth.AuthRefreshTest","Regression","ua.kpi.sc.test.api.tests.auth.AuthRefreshTest","doubleRefreshWithNewTokenSucceeds"
"","1110","GET /me with access_token cookie succeeds","Regression Tests","Mon Feb 16 10:53:50 UTC 2026","passed","Mon Feb 16 10:53:51 UTC 2026","ua.kpi.sc.test.api.tests.auth.AuthMeTest","Regression","ua.kpi.sc.test.api.tests.auth.AuthMeTest","meWithAccessTokenCookieSucceeds"
"","2780","GET /me is idempotent — two calls return identical data","Regression Tests","Mon Feb 16 10:53:28 UTC 2026","passed","Mon Feb 16 10:53:31 UTC 2026","ua.kpi.sc.test.api.tests.auth.AuthMeTest","Regression","ua.kpi.sc.test.api.tests.auth.AuthMeTest","meIdempotent"
"","40","Register with empty lastName returns 400","Regression Tests","Mon Feb 16 10:53:55 UTC 2026","passed","Mon Feb 16 10:53:55 UTC 2026","ua.kpi.sc.test.api.tests.auth.AuthRegisterTest","Regression","ua.kpi.sc.test.api.tests.auth.AuthRegisterTest","registerWithEmptyLastNameReturns400"
"","189","Create user with blank names returns 400","Regression Tests","Mon Feb 16 10:53:44 UTC 2026","passed","Mon Feb 16 10:53:44 UTC 2026","ua.kpi.sc.test.api.tests.user.UserCreateTest","Regression","ua.kpi.sc.test.api.tests.user.UserCreateTest","createUserBlankNamesReturns400"
"","61","Reset password 400 matches ProblemDetail schema","Regression Tests","Mon Feb 16 10:53:36 UTC 2026","passed","Mon Feb 16 10:53:36 UTC 2026","ua.kpi.sc.test.api.tests.auth.AuthResetPasswordTest","Regression","ua.kpi.sc.test.api.tests.auth.AuthResetPasswordTest","resetPassword400MatchesProblemDetailSchema"
"","1000","Register response Content-Type is application/json","Regression Tests","Mon Feb 16 10:53:38 UTC 2026","passed","Mon Feb 16 10:53:39 UTC 2026","ua.kpi.sc.test.api.tests.auth.AuthRegisterTest","Regression","ua.kpi.sc.test.api.tests.auth.AuthRegisterTest","registerResponseContentTypeIsJson"
"","52","List feature flags returns paginated response","Regression Tests","Mon Feb 16 10:54:05 UTC 2026","passed","Mon Feb 16 10:54:05 UTC 2026","ua.kpi.sc.test.api.tests.featureflag.FeatureFlagAdminTest","Regression","ua.kpi.sc.test.api.tests.featureflag.FeatureFlagAdminTest","listFlagsReturnsPaginatedResponse"
"","1589","Forgot password returns 204 for registered email","Regression Tests","Mon Feb 16 10:53:31 UTC 2026","passed","Mon Feb 16 10:53:33 UTC 2026","ua.kpi.sc.test.api.tests.auth.AuthForgotPasswordTest","Regression","ua.kpi.sc.test.api.tests.auth.AuthForgotPasswordTest","forgotPasswordReturns204ForRegisteredEmail"
"","113","Toggle generates audit log entry in centralized audit","Regression Tests","Mon Feb 16 10:54:06 UTC 2026","passed","Mon Feb 16 10:54:06 UTC 2026","ua.kpi.sc.test.api.tests.featureflag.FeatureFlagAdminTest","Regression","ua.kpi.sc.test.api.tests.featureflag.FeatureFlagAdminTest","toggleGeneratesAuditLogEntry"
"","49","Register 400 matches ProblemDetail schema","Regression Tests","Mon Feb 16 10:53:37 UTC 2026","passed","Mon Feb 16 10:53:37 UTC 2026","ua.kpi.sc.test.api.tests.auth.AuthRegisterTest","Regression","ua.kpi.sc.test.api.tests.auth.AuthRegisterTest","registerProblemDetailSchemaOn400"
"","4232","Register -> login -> refresh -> logout -> refresh with old token returns 401","Regression Tests","Mon Feb 16 10:53:27 UTC 2026","passed","Mon Feb 16 10:53:31 UTC 2026","ua.kpi.sc.test.api.tests.auth.AuthFlowTest","Regression","ua.kpi.sc.test.api.tests.auth.AuthFlowTest","fullLoginRefreshLogoutFlow"
"","96","Login with XSS in email returns 400","Regression Tests","Mon Feb 16 10:54:02 UTC 2026","passed","Mon Feb 16 10:54:02 UTC 2026","ua.kpi.sc.test.api.tests.auth.AuthLoginTest","Regression","ua.kpi.sc.test.api.tests.auth.AuthLoginTest","loginWithXssInEmailReturns400"
"","1270","Register cookies have Secure flag matching transport protocol","Regression Tests","Mon Feb 16 10:53:43 UTC 2026","passed","Mon Feb 16 10:53:44 UTC 2026","ua.kpi.sc.test.api.tests.auth.AuthCookieContractTest","Regression","ua.kpi.sc.test.api.tests.auth.AuthCookieContractTest","registerCookiesHaveSecureFlag"
"","1573","Basic user access to admin notifications returns 403","Failed suite [Regression Tests]","Mon Feb 16 10:54:26 UTC 2026","failed","Mon Feb 16 10:54:27 UTC 2026","ua.kpi.sc.test.api.tests.notification.NotificationSecurityTest","Regression(failed)","ua.kpi.sc.test.api.tests.notification.NotificationSecurityTest","shouldReturn403ForInsufficientTier"
"","1281","Create user with duplicate email returns 409","Regression Tests","Mon Feb 16 10:53:44 UTC 2026","passed","Mon Feb 16 10:53:46 UTC 2026","ua.kpi.sc.test.api.tests.user.UserCreateTest","Regression","ua.kpi.sc.test.api.tests.user.UserCreateTest","createUserDuplicateEmailReturns409"
"","36","Feature flag audit logs available via centralized endpoint","Regression Tests","Mon Feb 16 10:54:05 UTC 2026","passed","Mon Feb 16 10:54:05 UTC 2026","ua.kpi.sc.test.api.tests.featureflag.FeatureFlagAdminTest","Regression","ua.kpi.sc.test.api.tests.featureflag.FeatureFlagAdminTest","featureFlagAuditLogsAvailableViaCentralizedEndpoint"
"","1387","Logout invalidates refresh token","Regression Tests","Mon Feb 16 10:53:40 UTC 2026","passed","Mon Feb 16 10:53:41 UTC 2026","ua.kpi.sc.test.api.tests.auth.AuthLogoutTest","Regression","ua.kpi.sc.test.api.tests.auth.AuthLogoutTest","logoutInvalidatesRefreshToken"
"","1895","PATCH /users/{id}/status to deactivate returns 200 with active=false","Regression Tests","Mon Feb 16 10:53:48 UTC 2026","passed","Mon Feb 16 10:53:50 UTC 2026","ua.kpi.sc.test.api.tests.user.UserUpdateStatusTest","Regression","ua.kpi.sc.test.api.tests.user.UserUpdateStatusTest","deactivateUserReturns200"
"","111","GET /refresh 405 matches ProblemDetail schema","Regression Tests","Mon Feb 16 10:53:27 UTC 2026","passed","Mon Feb 16 10:53:27 UTC 2026","ua.kpi.sc.test.api.tests.auth.AuthRefreshTest","Regression","ua.kpi.sc.test.api.tests.auth.AuthRefreshTest","refresh405MatchesProblemDetailSchema"
"","179","Login 401 matches ProblemDetail schema","Regression Tests","Mon Feb 16 10:53:32 UTC 2026","passed","Mon Feb 16 10:53:32 UTC 2026","ua.kpi.sc.test.api.tests.auth.AuthLoginTest","Regression","ua.kpi.sc.test.api.tests.auth.AuthLoginTest","loginProblemDetailSchemaOn401"
"","61","Refresh 401 matches ProblemDetail schema","Regression Tests","Mon Feb 16 10:53:33 UTC 2026","passed","Mon Feb 16 10:53:33 UTC 2026","ua.kpi.sc.test.api.tests.auth.AuthRefreshTest","Regression","ua.kpi.sc.test.api.tests.auth.AuthRefreshTest","refreshProblemDetailSchemaOn401"
"","60","Google OAuth oauth_state cookie is HttpOnly","Regression Tests","Mon Feb 16 10:53:30 UTC 2026","passed","Mon Feb 16 10:53:30 UTC 2026","ua.kpi.sc.test.api.tests.auth.AuthGoogleOAuthTest","Regression","ua.kpi.sc.test.api.tests.auth.AuthGoogleOAuthTest","googleOAuthStateCookieIsHttpOnly"
"","78","Register with form-encoded content type returns 415","Regression Tests","Mon Feb 16 10:53:56 UTC 2026","passed","Mon Feb 16 10:53:56 UTC 2026","ua.kpi.sc.test.api.tests.auth.AuthRegisterTest","Regression","ua.kpi.sc.test.api.tests.auth.AuthRegisterTest","registerWithFormEncodedReturns415"
"","75","Google OAuth redirect Location contains openid scope","Regression Tests","Mon Feb 16 10:53:30 UTC 2026","passed","Mon Feb 16 10:53:30 UTC 2026","ua.kpi.sc.test.api.tests.auth.AuthGoogleOAuthTest","Regression","ua.kpi.sc.test.api.tests.auth.AuthGoogleOAuthTest","googleOAuthRedirectLocationContainsOpenidScope"
"","37","Register with short password returns 400","Regression Tests","Mon Feb 16 10:54:00 UTC 2026","passed","Mon Feb 16 10:54:00 UTC 2026","ua.kpi.sc.test.api.tests.auth.AuthRegisterTest","Regression","ua.kpi.sc.test.api.tests.auth.AuthRegisterTest","registerWithShortPasswordReturns400"
"","2924","Login response matches auth-user-response schema","Regression Tests","Mon Feb 16 10:53:34 UTC 2026","passed","Mon Feb 16 10:53:37 UTC 2026","ua.kpi.sc.test.api.tests.auth.AuthLoginTest","Regression","ua.kpi.sc.test.api.tests.auth.AuthLoginTest","loginResponseMatchesSchema"
"","3997","Login multiple times with same credentials succeeds","Regression Tests","Mon Feb 16 10:53:28 UTC 2026","passed","Mon Feb 16 10:53:32 UTC 2026","ua.kpi.sc.test.api.tests.auth.AuthLoginTest","Regression","ua.kpi.sc.test.api.tests.auth.AuthLoginTest","loginMultipleTimesSucceeds"
"","1476","Refresh response matches auth-user-response schema","Regression Tests","Mon Feb 16 10:53:34 UTC 2026","passed","Mon Feb 16 10:53:35 UTC 2026","ua.kpi.sc.test.api.tests.auth.AuthRefreshTest","Regression","ua.kpi.sc.test.api.tests.auth.AuthRefreshTest","refreshResponseMatchesSchema"
"","2189","Register with spaced name succeeds","Regression Tests","Mon Feb 16 10:54:00 UTC 2026","passed","Mon Feb 16 10:54:02 UTC 2026","ua.kpi.sc.test.api.tests.auth.AuthRegisterTest","Regression","ua.kpi.sc.test.api.tests.auth.AuthRegisterTest","registerWithSpacedNameSucceeds"
"","28","DELETE /reset-password returns 405","Regression Tests","Mon Feb 16 10:53:38 UTC 2026","passed","Mon Feb 16 10:53:38 UTC 2026","ua.kpi.sc.test.api.tests.auth.AuthResetPasswordTest","Regression","ua.kpi.sc.test.api.tests.auth.AuthResetPasswordTest","resetPasswordMethodNotAllowedDelete"
"","385","Filter audit logs by date range returns filtered results","Regression Tests","Mon Feb 16 10:53:27 UTC 2026","passed","Mon Feb 16 10:53:28 UTC 2026","ua.kpi.sc.test.api.tests.audit.AuditTest","Regression","ua.kpi.sc.test.api.tests.audit.AuditTest","filterByDateRange_returnsFilteredResults"
"","1118","Created user appears in user list","Regression Tests","Mon Feb 16 10:53:55 UTC 2026","passed","Mon Feb 16 10:53:57 UTC 2026","ua.kpi.sc.test.api.tests.user.UserCreateTest","Regression","ua.kpi.sc.test.api.tests.user.UserCreateTest","createdUserAppearsInList"
"","18","Register with null email returns 400","Regression Tests","Mon Feb 16 10:53:59 UTC 2026","passed","Mon Feb 16 10:53:59 UTC 2026","ua.kpi.sc.test.api.tests.auth.AuthRegisterTest","Regression","ua.kpi.sc.test.api.tests.auth.AuthRegisterTest","registerWithNullEmailReturns400"
"","137","Get flag response contains overrides array","Regression Tests","Mon Feb 16 10:54:05 UTC 2026","passed","Mon Feb 16 10:54:05 UTC 2026","ua.kpi.sc.test.api.tests.featureflag.FeatureFlagAdminTest","Regression","ua.kpi.sc.test.api.tests.featureflag.FeatureFlagAdminTest","getFlagResponseContainsOverridesArray"
"","97","PUT /login returns 405","Regression Tests","Mon Feb 16 10:53:28 UTC 2026","passed","Mon Feb 16 10:53:28 UTC 2026","ua.kpi.sc.test.api.tests.auth.AuthLoginTest","Regression","ua.kpi.sc.test.api.tests.auth.AuthLoginTest","loginMethodNotAllowedPut"
"","1399","Register -> refresh -> getMe with new token: email matches","Regression Tests","Mon Feb 16 10:53:34 UTC 2026","passed","Mon Feb 16 10:53:36 UTC 2026","ua.kpi.sc.test.api.tests.auth.AuthFlowTest","Regression","ua.kpi.sc.test.api.tests.auth.AuthFlowTest","fullRegistrationRefreshMeFlow"
"","66","PATCH /forgot-password returns 405","Regression Tests","Mon Feb 16 10:53:29 UTC 2026","passed","Mon Feb 16 10:53:29 UTC 2026","ua.kpi.sc.test.api.tests.auth.AuthForgotPasswordTest","Regression","ua.kpi.sc.test.api.tests.auth.AuthForgotPasswordTest","forgotPasswordMethodNotAllowedPatch"
"","1562","Register new user has capabilityTier exactly 1","Regression Tests","Mon Feb 16 10:53:34 UTC 2026","passed","Mon Feb 16 10:53:35 UTC 2026","ua.kpi.sc.test.api.tests.auth.AuthRegisterTest","Regression","ua.kpi.sc.test.api.tests.auth.AuthRegisterTest","registerNewUserCapabilityTierIs1"
"","59","Reset password 400 contains meaningful detail","Regression Tests","Mon Feb 16 10:53:36 UTC 2026","passed","Mon Feb 16 10:53:36 UTC 2026","ua.kpi.sc.test.api.tests.auth.AuthResetPasswordTest","Regression","ua.kpi.sc.test.api.tests.auth.AuthResetPasswordTest","resetPassword400ContainsMeaningfulDetail"
"","1452","PUT /users/{id} returns 405 Method Not Allowed","Regression Tests","Mon Feb 16 10:53:54 UTC 2026","passed","Mon Feb 16 10:53:55 UTC 2026","ua.kpi.sc.test.api.tests.user.UserUpdateProfileTest","Regression","ua.kpi.sc.test.api.tests.user.UserUpdateProfileTest","putUserReturns405"
"","1670","Register with duplicate email returns 409","Regression Tests","Mon Feb 16 10:53:31 UTC 2026","passed","Mon Feb 16 10:53:32 UTC 2026","ua.kpi.sc.test.api.tests.auth.AuthRegisterTest","Regression","ua.kpi.sc.test.api.tests.auth.AuthRegisterTest","registerDuplicateEmailReturns409"
"","3817","Login cookies have SameSite=Lax attribute","Regression Tests","Mon Feb 16 10:53:27 UTC 2026","passed","Mon Feb 16 10:53:31 UTC 2026","ua.kpi.sc.test.api.tests.auth.AuthCookieContractTest","Regression","ua.kpi.sc.test.api.tests.auth.AuthCookieContractTest","loginCookiesHaveSameSiteLax"
"","1889","Login with XML Content-Type returns 415","Regression Tests","Mon Feb 16 10:54:00 UTC 2026","passed","Mon Feb 16 10:54:02 UTC 2026","ua.kpi.sc.test.api.tests.auth.AuthLoginTest","Regression","ua.kpi.sc.test.api.tests.auth.AuthLoginTest","loginWithXmlContentTypeReturns415"
"","86","Basic user cannot add override — returns 403","Regression Tests","Mon Feb 16 10:54:03 UTC 2026","passed","Mon Feb 16 10:54:03 UTC 2026","ua.kpi.sc.test.api.tests.featureflag.FeatureFlagAdminTest","Regression","ua.kpi.sc.test.api.tests.featureflag.FeatureFlagAdminTest","basicUserCannotAddOverride_returns403"
"","3091","apiDocsEndpointReturnsOpenApiSpec","Regression Tests","Mon Feb 16 10:53:42 UTC 2026","passed","Mon Feb 16 10:53:45 UTC 2026","ua.kpi.sc.test.api.tests.smoke.SwaggerAvailabilityTest","Regression","ua.kpi.sc.test.api.tests.smoke.SwaggerAvailabilityTest","apiDocsEndpointReturnsOpenApiSpec"
"","116","DELETE /login returns 405","Regression Tests","Mon Feb 16 10:53:27 UTC 2026","passed","Mon Feb 16 10:53:27 UTC 2026","ua.kpi.sc.test.api.tests.auth.AuthLoginTest","Regression","ua.kpi.sc.test.api.tests.auth.AuthLoginTest","loginMethodNotAllowedDelete"
"","65","DELETE /forgot-password returns 405","Regression Tests","Mon Feb 16 10:53:29 UTC 2026","passed","Mon Feb 16 10:53:29 UTC 2026","ua.kpi.sc.test.api.tests.auth.AuthForgotPasswordTest","Regression","ua.kpi.sc.test.api.tests.auth.AuthForgotPasswordTest","forgotPasswordMethodNotAllowedDelete"
"","52","Search with no match returns empty content","Regression Tests","Mon Feb 16 10:53:58 UTC 2026","passed","Mon Feb 16 10:53:58 UTC 2026","ua.kpi.sc.test.api.tests.user.UserSearchFilterTest","Regression","ua.kpi.sc.test.api.tests.user.UserSearchFilterTest","searchNoMatchReturnsEmpty"
"","770","Empty body returns 400","Regression Tests","Mon Feb 16 10:54:06 UTC 2026","passed","Mon Feb 16 10:54:07 UTC 2026","ua.kpi.sc.test.api.tests.user.UserChangePasswordTest","Regression","ua.kpi.sc.test.api.tests.user.UserChangePasswordTest","emptyBodyReturns400"
"","360","Register with 128 char password returns 400 (exceeds BCrypt 72-byte limit)","Regression Tests","Mon Feb 16 10:53:58 UTC 2026","passed","Mon Feb 16 10:53:58 UTC 2026","ua.kpi.sc.test.api.tests.auth.AuthRegisterTest","Regression","ua.kpi.sc.test.api.tests.auth.AuthRegisterTest","registerWithLongPassword"
"","1699","Register sets HttpOnly cookies","Regression Tests","Mon Feb 16 10:53:45 UTC 2026","passed","Mon Feb 16 10:53:46 UTC 2026","ua.kpi.sc.test.api.tests.auth.AuthRegisterTest","Regression","ua.kpi.sc.test.api.tests.auth.AuthRegisterTest","registerSetsHttpOnlyCookies"
"","1877","Refresh with access token used as refresh cookie returns 401","Regression Tests","Mon Feb 16 10:53:46 UTC 2026","passed","Mon Feb 16 10:53:48 UTC 2026","ua.kpi.sc.test.api.tests.auth.AuthRefreshTest","Regression","ua.kpi.sc.test.api.tests.auth.AuthRefreshTest","refreshWithAccessTokenAsCookieReturns401"
"","46","PATCH /users/{id}/status for non-existent user returns 404","Regression Tests","Mon Feb 16 10:53:54 UTC 2026","passed","Mon Feb 16 10:53:54 UTC 2026","ua.kpi.sc.test.api.tests.user.UserUpdateStatusTest","Regression","ua.kpi.sc.test.api.tests.user.UserUpdateStatusTest","updateStatusForNonExistentUserReturns404"
"","1141","Register new user returns 201 with cookies and user data","Regression Tests","Mon Feb 16 10:53:32 UTC 2026","passed","Mon Feb 16 10:53:34 UTC 2026","ua.kpi.sc.test.api.tests.auth.AuthRegisterTest","Regression","ua.kpi.sc.test.api.tests.auth.AuthRegisterTest","registerNewUser"
"","19","Create flag with key containing uppercase returns 400","Regression Tests","Mon Feb 16 10:54:04 UTC 2026","passed","Mon Feb 16 10:54:04 UTC 2026","ua.kpi.sc.test.api.tests.featureflag.FeatureFlagAdminTest","Regression","ua.kpi.sc.test.api.tests.featureflag.FeatureFlagAdminTest","createFlagWithKeyContainingUppercase_returns400"
"","1480","Assign invalid level returns 400","Regression Tests","Mon Feb 16 10:53:51 UTC 2026","passed","Mon Feb 16 10:53:53 UTC 2026","ua.kpi.sc.test.api.tests.user.UserAssignPartnerTest","Regression","ua.kpi.sc.test.api.tests.user.UserAssignPartnerTest","assignInvalidLevelReturns400"
"","192","List users returns paginated response","Regression Tests","Mon Feb 16 10:53:57 UTC 2026","passed","Mon Feb 16 10:53:57 UTC 2026","ua.kpi.sc.test.api.tests.user.UserTest","Regression","ua.kpi.sc.test.api.tests.user.UserTest","listUsersReturnsPaginatedResponse"
"","99","Update flag generates audit entry in centralized audit","Regression Tests","Mon Feb 16 10:54:06 UTC 2026","passed","Mon Feb 16 10:54:06 UTC 2026","ua.kpi.sc.test.api.tests.featureflag.FeatureFlagAdminTest","Regression","ua.kpi.sc.test.api.tests.featureflag.FeatureFlagAdminTest","updateFlagGeneratesAuditEntryWithOldAndNewValues"
"","43","Forgot password with null email returns 400","Regression Tests","Mon Feb 16 10:53:36 UTC 2026","passed","Mon Feb 16 10:53:36 UTC 2026","ua.kpi.sc.test.api.tests.auth.AuthForgotPasswordTest","Regression","ua.kpi.sc.test.api.tests.auth.AuthForgotPasswordTest","forgotPasswordWithNullEmailReturns400"
"","2495","Login returns same firstName and lastName as registered","Regression Tests","Mon Feb 16 10:53:47 UTC 2026","passed","Mon Feb 16 10:53:50 UTC 2026","ua.kpi.sc.test.api.tests.auth.AuthLoginTest","Regression","ua.kpi.sc.test.api.tests.auth.AuthLoginTest","loginReturnsSameFirstAndLastName"
"","49","Reset password with whitespace-only token returns 400","Regression Tests","Mon Feb 16 10:53:52 UTC 2026","passed","Mon Feb 16 10:53:52 UTC 2026","ua.kpi.sc.test.api.tests.auth.AuthResetPasswordTest","Regression","ua.kpi.sc.test.api.tests.auth.AuthResetPasswordTest","resetPasswordWithWhitespaceTokenReturns400"
"","1484","8-char new password returns 204","Regression Tests","Mon Feb 16 10:54:05 UTC 2026","passed","Mon Feb 16 10:54:06 UTC 2026","ua.kpi.sc.test.api.tests.user.UserChangePasswordTest","Regression","ua.kpi.sc.test.api.tests.user.UserChangePasswordTest","eightCharNewPasswordReturns204"
"","392","Create flag with all fields and verify persistence","Regression Tests","Mon Feb 16 10:54:02 UTC 2026","passed","Mon Feb 16 10:54:02 UTC 2026","ua.kpi.sc.test.api.tests.featureflag.FeatureFlagLifecycleTest","Regression","ua.kpi.sc.test.api.tests.featureflag.FeatureFlagLifecycleTest","createFlagWithAllFieldsAndVerifyPersistence"
"","74","PUT /forgot-password returns 405","Regression Tests","Mon Feb 16 10:53:29 UTC 2026","passed","Mon Feb 16 10:53:29 UTC 2026","ua.kpi.sc.test.api.tests.auth.AuthForgotPasswordTest","Regression","ua.kpi.sc.test.api.tests.auth.AuthForgotPasswordTest","forgotPasswordMethodNotAllowedPut"
"","7969","Full flow works again after a complete reset cycle","Regression Tests","Mon Feb 16 10:53:30 UTC 2026","passed","Mon Feb 16 10:53:38 UTC 2026","ua.kpi.sc.test.api.tests.auth.AuthPasswordResetFlowTest","Regression","ua.kpi.sc.test.api.tests.auth.AuthPasswordResetFlowTest","fullFlowWorksAgainAfterCompleteCycle"
"","1119","List users contains registered user","Regression Tests","Mon Feb 16 10:53:54 UTC 2026","passed","Mon Feb 16 10:53:55 UTC 2026","ua.kpi.sc.test.api.tests.user.UserTest","Regression","ua.kpi.sc.test.api.tests.user.UserTest","listUsersContainsRegisteredUser"
"","1406","Assign partner level returns 201","Regression Tests","Mon Feb 16 10:53:57 UTC 2026","passed","Mon Feb 16 10:53:58 UTC 2026","ua.kpi.sc.test.api.tests.user.UserAssignPartnerTest","Regression","ua.kpi.sc.test.api.tests.user.UserAssignPartnerTest","assignPartnerLevelReturns201"
"","2063","PUT /logout returns 405","Regression Tests","Mon Feb 16 10:53:46 UTC 2026","passed","Mon Feb 16 10:53:48 UTC 2026","ua.kpi.sc.test.api.tests.auth.AuthLogoutTest","Regression","ua.kpi.sc.test.api.tests.auth.AuthLogoutTest","logoutMethodNotAllowedPut"
"","1345","DELETE /me returns 405","Regression Tests","Mon Feb 16 10:53:31 UTC 2026","passed","Mon Feb 16 10:53:32 UTC 2026","ua.kpi.sc.test.api.tests.auth.AuthMeTest","Regression","ua.kpi.sc.test.api.tests.auth.AuthMeTest","meMethodNotAllowedDelete"
"","25","Forgot password with SQL injection in email is rejected with 400","Regression Tests","Mon Feb 16 10:53:36 UTC 2026","passed","Mon Feb 16 10:53:36 UTC 2026","ua.kpi.sc.test.api.tests.auth.AuthForgotPasswordTest","Regression","ua.kpi.sc.test.api.tests.auth.AuthForgotPasswordTest","forgotPasswordWithSqlInjectionReturns400"
"","1508","Refresh sets both access_token and refresh_token cookies","Regression Tests","Mon Feb 16 10:53:40 UTC 2026","passed","Mon Feb 16 10:53:42 UTC 2026","ua.kpi.sc.test.api.tests.auth.AuthRefreshTest","Regression","ua.kpi.sc.test.api.tests.auth.AuthRefreshTest","refreshSetsBothCookies"
"","1332","Get user by ID returns partner roles array","Regression Tests","Mon Feb 16 10:53:58 UTC 2026","passed","Mon Feb 16 10:54:00 UTC 2026","ua.kpi.sc.test.api.tests.user.UserGetByIdTest","Regression","ua.kpi.sc.test.api.tests.user.UserGetByIdTest","getUserByIdReturnsPartnerRoles"
"","3421","Forgot password 204 body doesn't reveal email existence","Regression Tests","Mon Feb 16 10:53:22 UTC 2026","passed","Mon Feb 16 10:53:25 UTC 2026","ua.kpi.sc.test.api.tests.auth.AuthForgotPasswordTest","Regression","ua.kpi.sc.test.api.tests.auth.AuthForgotPasswordTest","forgotPassword204BodyDoesNotRevealEmailExistence"
"","84","List flags with custom page size returns correct number","Regression Tests","Mon Feb 16 10:54:05 UTC 2026","passed","Mon Feb 16 10:54:05 UTC 2026","ua.kpi.sc.test.api.tests.featureflag.FeatureFlagAdminTest","Regression","ua.kpi.sc.test.api.tests.featureflag.FeatureFlagAdminTest","listFlagsWithPageSizeReturnsCorrectNumberOfItems"
"","143","Logout without auth returns 401","Regression Tests","Mon Feb 16 10:53:51 UTC 2026","passed","Mon Feb 16 10:53:51 UTC 2026","ua.kpi.sc.test.api.tests.auth.AuthLogoutTest","Regression","ua.kpi.sc.test.api.tests.auth.AuthLogoutTest","logoutWithoutAuthReturns401"
"","1024","PUT /me returns 405","Regression Tests","Mon Feb 16 10:53:35 UTC 2026","passed","Mon Feb 16 10:53:36 UTC 2026","ua.kpi.sc.test.api.tests.auth.AuthMeTest","Regression","ua.kpi.sc.test.api.tests.auth.AuthMeTest","meMethodNotAllowedPut"
"","59","Basic user cannot create flag — returns 403","Regression Tests","Mon Feb 16 10:54:03 UTC 2026","passed","Mon Feb 16 10:54:03 UTC 2026","ua.kpi.sc.test.api.tests.featureflag.FeatureFlagAdminTest","Regression","ua.kpi.sc.test.api.tests.featureflag.FeatureFlagAdminTest","basicUserCannotCreateFlag_returns403"
"","385","swaggerUiIsAccessible","Regression Tests","Mon Feb 16 10:53:45 UTC 2026","passed","Mon Feb 16 10:53:45 UTC 2026","ua.kpi.sc.test.api.tests.smoke.SwaggerAvailabilityTest","Regression","ua.kpi.sc.test.api.tests.smoke.SwaggerAvailabilityTest","swaggerUiIsAccessible"
"","33","PATCH /reset-password returns 405","Regression Tests","Mon Feb 16 10:53:38 UTC 2026","passed","Mon Feb 16 10:53:38 UTC 2026","ua.kpi.sc.test.api.tests.auth.AuthResetPasswordTest","Regression","ua.kpi.sc.test.api.tests.auth.AuthResetPasswordTest","resetPasswordMethodNotAllowedPatch"
"","18","GET /reset-password returns 405","Regression Tests","Mon Feb 16 10:53:38 UTC 2026","passed","Mon Feb 16 10:53:38 UTC 2026","ua.kpi.sc.test.api.tests.auth.AuthResetPasswordTest","Regression","ua.kpi.sc.test.api.tests.auth.AuthResetPasswordTest","resetPasswordMethodNotAllowedGet"
"","27","Login with malformed JSON returns 400","Regression Tests","Mon Feb 16 10:53:57 UTC 2026","passed","Mon Feb 16 10:53:57 UTC 2026","ua.kpi.sc.test.api.tests.auth.AuthLoginTest","Regression","ua.kpi.sc.test.api.tests.auth.AuthLoginTest","loginWithMalformedJsonReturns400"
"","2700","GET /me returns same data as login response","Regression Tests","Mon Feb 16 10:53:43 UTC 2026","passed","Mon Feb 16 10:53:46 UTC 2026","ua.kpi.sc.test.api.tests.auth.AuthMeTest","Regression","ua.kpi.sc.test.api.tests.auth.AuthMeTest","meReturnsSameDataAsLogin"
"","62","GET /register 405 matches ProblemDetail schema","Regression Tests","Mon Feb 16 10:53:31 UTC 2026","passed","Mon Feb 16 10:53:31 UTC 2026","ua.kpi.sc.test.api.tests.auth.AuthRegisterTest","Regression","ua.kpi.sc.test.api.tests.auth.AuthRegisterTest","register405MatchesProblemDetailSchema"
"","133","Create flag generates audit entry in centralized audit","Regression Tests","Mon Feb 16 10:54:04 UTC 2026","passed","Mon Feb 16 10:54:04 UTC 2026","ua.kpi.sc.test.api.tests.featureflag.FeatureFlagAdminTest","Regression","ua.kpi.sc.test.api.tests.featureflag.FeatureFlagAdminTest","createFlagGeneratesAuditEntry"
"","59","Basic user cannot delete flag — returns 403","Regression Tests","Mon Feb 16 10:54:03 UTC 2026","passed","Mon Feb 16 10:54:03 UTC 2026","ua.kpi.sc.test.api.tests.featureflag.FeatureFlagAdminTest","Regression","ua.kpi.sc.test.api.tests.featureflag.FeatureFlagAdminTest","basicUserCannotDeleteFlag_returns403"
"","6287","Cannot login with old password after change","Regression Tests","Mon Feb 16 10:53:53 UTC 2026","passed","Mon Feb 16 10:54:00 UTC 2026","ua.kpi.sc.test.api.tests.user.UserChangePasswordTest","Regression","ua.kpi.sc.test.api.tests.user.UserChangePasswordTest","cannotLoginWithOldPassword"
"","2411","Register -> login -> refresh with login refresh token returns 200 with user data","Regression Tests","Mon Feb 16 10:53:42 UTC 2026","passed","Mon Feb 16 10:53:45 UTC 2026","ua.kpi.sc.test.api.tests.auth.AuthFlowTest","Regression","ua.kpi.sc.test.api.tests.auth.AuthFlowTest","refreshAfterLoginUsesLoginRefreshToken"
"","2040","Login sets HttpOnly cookies","Regression Tests","Mon Feb 16 10:53:52 UTC 2026","passed","Mon Feb 16 10:53:55 UTC 2026","ua.kpi.sc.test.api.tests.auth.AuthLoginTest","Regression","ua.kpi.sc.test.api.tests.auth.AuthLoginTest","loginSetsHttpOnlyCookies"
"","264","Google OAuth redirect Location contains client_id parameter","Regression Tests","Mon Feb 16 10:53:30 UTC 2026","passed","Mon Feb 16 10:53:30 UTC 2026","ua.kpi.sc.test.api.tests.auth.AuthGoogleOAuthTest","Regression","ua.kpi.sc.test.api.tests.auth.AuthGoogleOAuthTest","googleOAuthRedirectLocationContainsClientId"
"","74","Override appears in flag detail","Regression Tests","Mon Feb 16 10:54:05 UTC 2026","passed","Mon Feb 16 10:54:05 UTC 2026","ua.kpi.sc.test.api.tests.featureflag.FeatureFlagAdminTest","Regression","ua.kpi.sc.test.api.tests.featureflag.FeatureFlagAdminTest","overrideAppearsInFlagDetail"
"","66","Reset password with empty new password returns 400","Regression Tests","Mon Feb 16 10:53:46 UTC 2026","passed","Mon Feb 16 10:53:46 UTC 2026","ua.kpi.sc.test.api.tests.auth.AuthResetPasswordTest","Regression","ua.kpi.sc.test.api.tests.auth.AuthResetPasswordTest","resetPasswordWithEmptyPasswordReturns400"
"","30","Register with invalid email format returns 400","Regression Tests","Mon Feb 16 10:53:58 UTC 2026","passed","Mon Feb 16 10:53:58 UTC 2026","ua.kpi.sc.test.api.tests.auth.AuthRegisterTest","Regression","ua.kpi.sc.test.api.tests.auth.AuthRegisterTest","registerWithInvalidEmailFormatReturns400"
"","38","GET /register returns 405","Regression Tests","Mon Feb 16 10:53:32 UTC 2026","passed","Mon Feb 16 10:53:32 UTC 2026","ua.kpi.sc.test.api.tests.auth.AuthRegisterTest","Regression","ua.kpi.sc.test.api.tests.auth.AuthRegisterTest","registerMethodNotAllowedGet"
"","1194","72-char new password returns 204","Regression Tests","Mon Feb 16 10:54:09 UTC 2026","passed","Mon Feb 16 10:54:10 UTC 2026","ua.kpi.sc.test.api.tests.user.UserChangePasswordTest","Regression","ua.kpi.sc.test.api.tests.user.UserChangePasswordTest","maxLengthNewPasswordReturns204"
"","3092","Reset invalidates existing access tokens (stateless JWT behavior)","Regression Tests","Mon Feb 16 10:53:44 UTC 2026","passed","Mon Feb 16 10:53:47 UTC 2026","ua.kpi.sc.test.api.tests.auth.AuthPasswordResetFlowTest","Regression","ua.kpi.sc.test.api.tests.auth.AuthPasswordResetFlowTest","resetInvalidatesExistingAccessTokensOrNot"
"","5442","Login cookies have Path=/","Regression Tests","Mon Feb 16 10:53:22 UTC 2026","passed","Mon Feb 16 10:53:27 UTC 2026","ua.kpi.sc.test.api.tests.auth.AuthCookieContractTest","Regression","ua.kpi.sc.test.api.tests.auth.AuthCookieContractTest","loginCookiesHavePathSlash"
"","1263","Register with dotted name succeeds","Regression Tests","Mon Feb 16 10:53:54 UTC 2026","passed","Mon Feb 16 10:53:55 UTC 2026","ua.kpi.sc.test.api.tests.auth.AuthRegisterTest","Regression","ua.kpi.sc.test.api.tests.auth.AuthRegisterTest","registerWithDottedNameSucceeds"
